order_id,order_date,customer_id,customer_segment,region,product_id,product_category,product_name,quantity,unit_price,discount,revenue,profit,shipping_carrier,delivery_delay_days,delivery_status,customer_complaint,order_cancelled
ORD-10001,2024-01-01,CUST-1435,Small Business,North,PRD-156,Electronics,Apex Gaming Laptop,1,1200.0,0.1,1080.0,780.0,SwiftFreight,1,On-Time,0,0
ORD-10002,2024-01-01,CUST-1214,Consumer,North,PRD-156,Electronics,Apex Gaming Laptop,3,1200.0,0.0,3600.0,2700.0,StandardMail,1,On-Time,0,0
ORD-10003,2024-01-01,CUST-1359,Consumer,North,PRD-156,Electronics,Apex Gaming Laptop,3,1200.0,0.05,3420.0,2520.0,SwiftFreight,1,On-Time,0,0
ORD-10004,2024-01-01,CUST-1459,Small Business,North,PRD-367,Office Supplies,HeavyDuty Metal Stapler,2,25.0,0.05,47.5,27.5,StandardMail,1,On-Time,0,0
ORD-10005,2024-01-01,CUST-1048,Consumer,North,PRD-904,Furniture,Nordic Solid Oak Bookshelf,3,310.0,0.1,837.0,582.0,ExpressLogistics,0,On-Time,0,0
ORD-10006,2024-01-01,CUST-1189,Consumer,North,PRD-925,Office Supplies,Premium Recycled Paper (Box),2,45.0,0.1,81.0,53.0,ApexGlobal,1,On-Time,0,0
ORD-10007,2024-01-01,CUST-1054,Consumer,North,PRD-044,Electronics,UltraVision 4K Monitor,1,400.0,0.0,400.0,290.0,ExpressLogistics,1,On-Time,0,0
ORD-10008,2024-01-01,CUST-1088,Corporate,South,PRD-044,Electronics,UltraVision 4K Monitor,2,400.0,0.1,720.0,500.0,ApexGlobal,1,On-Time,0,0
ORD-10009,2024-01-01,CUST-1052,Consumer,South,PRD-925,Office Supplies,Premium Recycled Paper (Box),2,45.0,0.0,90.0,62.0,StandardMail,1,On-Time,0,0
ORD-10010,2024-01-01,CUST-1430,Consumer,South,PRD-925,Office Supplies,Premium Recycled Paper (Box),3,45.0,0.1,121.5,79.5,SwiftFreight,2,On-Time,0,0
ORD-10011,2024-01-01,CUST-1359,Small Business,South,PRD-156,Electronics,Apex Gaming Laptop,2,1200.0,0.05,2280.0,1680.0,ApexGlobal,0,On-Time,0,0
ORD-10012,2024-01-01,CUST-1401,Consumer,South,PRD-156,Electronics,Apex Gaming Laptop,2,1200.0,0.15,2040.0,1440.0,ApexGlobal,1,On-Time,0,0
ORD-10013,2024-01-01,CUST-1483,Corporate,South,PRD-925,Office Supplies,Premium Recycled Paper (Box),2,45.0,0.05,85.5,57.5,ApexGlobal,0,On-Time,0,0
ORD-10014,2024-01-01,CUST-1189,Corporate,South,PRD-044,Electronics,UltraVision 4K Monitor,1,400.0,0.0,400.0,290.0,SwiftFreight,2,On-Time,0,0
ORD-10015,2024-01-01,CUST-1052,Small Business,South,PRD-367,Office Supplies,HeavyDuty Metal Stapler,2,25.0,0.05,47.5,27.5,StandardMail,1,On-Time,0,0
ORD-10016,2024-01-01,CUST-1064,Corporate,East,PRD-904,Furniture,Nordic Solid Oak Bookshelf,1,310.0,0.05,294.5,209.5,ApexGlobal,1,On-Time,0,0
ORD-10017,2024-01-01,CUST-1491,Consumer,East,PRD-156,Electronics,Apex Gaming Laptop,3,1200.0,0.1,3240.0,2340.0,StandardMail,1,On-Time,0,0
ORD-10018,2024-01-01,CUST-1260,Corporate,East,PRD-506,Electronics,SoundPulse Wireless Headphone,2,150.0,0.1,270.0,170.0,SwiftFreight,2,On-Time,0,0
ORD-10019,2024-01-01,CUST-1134,Small Business,East,PRD-910,Furniture,LumbarComfort Mesh Chair,1,220.0,0.15,187.0,122.0,SwiftFreight,0,On-Time,0,0
ORD-10020,2024-01-01,CUST-1215,Corporate,East,PRD-506,Electronics,SoundPulse Wireless Headphone,1,150.0,0.1,135.0,85.0,StandardMail,2,On-Time,0,0
ORD-10021,2024-01-01,CUST-1034,Small Business,West,PRD-910,Furniture,LumbarComfort Mesh Chair,1,220.0,0.05,209.0,144.0,SwiftFreight,1,On-Time,0,0
ORD-10022,2024-01-01,CUST-1254,Small Business,West,PRD-787,Furniture,ErgoPro Executive Desk,2,450.0,0.0,900.0,660.0,ExpressLogistics,1,On-Time,0,0
ORD-10023,2024-01-01,CUST-1014,Consumer,West,PRD-367,Office Supplies,HeavyDuty Metal Stapler,2,25.0,0.15,42.5,22.5,ExpressLogistics,1,On-Time,0,0
ORD-10024,2024-01-01,CUST-1221,Corporate,West,PRD-904,Furniture,Nordic Solid Oak Bookshelf,1,310.0,0.15,263.5,178.5,ApexGlobal,1,On-Time,0,0
ORD-10025,2024-01-01,CUST-1170,Small Business,West,PRD-156,Electronics,Apex Gaming Laptop,1,1200.0,0.1,1080.0,780.0,ApexGlobal,0,On-Time,0,0
ORD-10026,2024-01-01,CUST-1440,Consumer,West,PRD-910,Furniture,LumbarComfort Mesh Chair,1,220.0,0.05,209.0,144.0,StandardMail,1,On-Time,0,0
ORD-10027,2024-01-01,CUST-1043,Consumer,West,PRD-080,Office Supplies,Gel Ink Pen Multi-Pack,2,18.0,0.1,32.4,20.4,SwiftFreight,1,On-Time,0,0
ORD-10028,2024-01-02,CUST-1224,Small Business,North,PRD-044,Electronics,UltraVision 4K Monitor,1,400.0,0.05,380.0,270.0,SwiftFreight,2,On-Time,0,0
ORD-10029,2024-01-02,CUST-1115,Corporate,North,PRD-156,Electronics,Apex Gaming Laptop,1,1200.0,0.1,1080.0,780.0,StandardMail,0,On-Time,0,0
ORD-10030,2024-01-02,CUST-1171,Consumer,North,PRD-044,Electronics,UltraVision 4K Monitor,3,400.0,0.1,1080.0,750.0,SwiftFreight,1,On-Time,0,0
ORD-10031,2024-01-02,CUST-1471,Consumer,North,PRD-156,Electronics,Apex Gaming Laptop,1,1200.0,0.0,1200.0,900.0,StandardMail,1,On-Time,0,0
ORD-10032,2024-01-02,CUST-1294,Consumer,North,PRD-367,Office Supplies,HeavyDuty Metal Stapler,2,25.0,0.05,47.5,27.5,StandardMail,1,On-Time,0,0
ORD-10033,2024-01-02,CUST-1439,Small Business,North,PRD-044,Electronics,UltraVision 4K Monitor,1,400.0,0.15,340.0,230.0,SwiftFreight,1,On-Time,0,0
ORD-10034,2024-01-02,CUST-1129,Small Business,South,PRD-080,Office Supplies,Gel Ink Pen Multi-Pack,1,18.0,0.05,17.1,11.1,ApexGlobal,1,On-Time,0,0
ORD-10035,2024-01-02,CUST-1415,Corporate,South,PRD-080,Office Supplies,Gel Ink Pen Multi-Pack,3,18.0,0.1,48.6,30.6,StandardMail,2,On-Time,0,0
ORD-10036,2024-01-02,CUST-1279,Small Business,South,PRD-787,Furniture,ErgoPro Executive Desk,1,450.0,0.05,427.5,307.5,SwiftFreight,2,On-Time,0,0
ORD-10037,2024-01-02,CUST-1394,Consumer,South,PRD-787,Furniture,ErgoPro Executive Desk,3,450.0,0.05,1282.5,922.5,SwiftFreight,0,On-Time,0,0
ORD-10038,2024-01-02,CUST-1442,Consumer,South,PRD-156,Electronics,Apex Gaming Laptop,3,1200.0,0.05,3420.0,2520.0,ExpressLogistics,1,On-Time,0,0
ORD-10039,2024-01-02,CUST-1147,Consumer,South,PRD-787,Furniture,ErgoPro Executive Desk,3,450.0,0.05,1282.5,922.5,ApexGlobal,1,On-Time,0,0
ORD-10040,2024-01-02,CUST-1266,Small Business,East,PRD-787,Furniture,ErgoPro Executive Desk,1,450.0,0.05,427.5,307.5,StandardMail,0,On-Time,0,0
ORD-10041,2024-01-02,CUST-1477,Consumer,East,PRD-910,Furniture,LumbarComfort Mesh Chair,2,220.0,0.05,418.0,288.0,ExpressLogistics,2,On-Time,0,0
ORD-10042,2024-01-02,CUST-1059,Consumer,East,PRD-925,Office Supplies,Premium Recycled Paper (Box),1,45.0,0.1,40.5,26.5,StandardMail,0,On-Time,0,0
ORD-10043,2024-01-02,CUST-1139,Corporate,East,PRD-904,Furniture,Nordic Solid Oak Bookshelf,1,310.0,0.0,310.0,225.0,ExpressLogistics,1,On-Time,0,0
ORD-10044,2024-01-02,CUST-1303,Consumer,East,PRD-904,Furniture,Nordic Solid Oak Bookshelf,3,310.0,0.1,837.0,582.0,ExpressLogistics,2,On-Time,0,0
ORD-10045,2024-01-02,CUST-1407,Consumer,West,PRD-506,Electronics,SoundPulse Wireless Headphone,3,150.0,0.15,382.5,232.5,SwiftFreight,2,On-Time,0,0
ORD-10046,2024-01-02,CUST-1152,Corporate,West,PRD-044,Electronics,UltraVision 4K Monitor,1,400.0,0.15,340.0,230.0,SwiftFreight,2,On-Time,0,0
ORD-10047,2024-01-02,CUST-1193,Consumer,West,PRD-904,Furniture,Nordic Solid Oak Bookshelf,2,310.0,0.0,0.0,-34.0,ExpressLogistics,1,Cancelled,0,1
ORD-10048,2024-01-02,CUST-1397,Small Business,West,PRD-367,Office Supplies,HeavyDuty Metal Stapler,1,25.0,0.0,25.0,15.0,SwiftFreight,1,On-Time,0,0
ORD-10049,2024-01-02,CUST-1391,Consumer,West,PRD-910,Furniture,LumbarComfort Mesh Chair,3,220.0,0.15,561.0,366.0,SwiftFreight,0,On-Time,0,0
ORD-10050,2024-01-03,CUST-1374,Corporate,North,PRD-506,Electronics,SoundPulse Wireless Headphone,2,150.0,0.15,255.0,155.0,ExpressLogistics,2,On-Time,0,0
ORD-10051,2024-01-03,CUST-1364,Corporate,North,PRD-910,Furniture,LumbarComfort Mesh Chair,3,220.0,0.1,594.0,399.0,StandardMail,1,On-Time,0,0
ORD-10052,2024-01-03,CUST-1283,Small Business,North,PRD-080,Office Supplies,Gel Ink Pen Multi-Pack,3,18.0,0.15,45.9,27.9,SwiftFreight,2,On-Time,0,0
ORD-10053,2024-01-03,CUST-1316,Consumer,North,PRD-787,Furniture,ErgoPro Executive Desk,3,450.0,0.0,1350.0,990.0,ExpressLogistics,2,On-Time,0,0
ORD-10054,2024-01-03,CUST-1157,Small Business,North,PRD-787,Furniture,ErgoPro Executive Desk,1,450.0,0.0,450.0,330.0,StandardMail,1,On-Time,0,0
ORD-10055,2024-01-03,CUST-1379,Small Business,North,PRD-367,Office Supplies,HeavyDuty Metal Stapler,1,25.0,0.0,25.0,15.0,ExpressLogistics,1,On-Time,0,0
ORD-10056,2024-01-03,CUST-1480,Consumer,South,PRD-156,Electronics,Apex Gaming Laptop,3,1200.0,0.05,3420.0,2520.0,StandardMail,1,On-Time,0,0
ORD-10057,2024-01-03,CUST-1160,Consumer,South,PRD-367,Office Supplies,HeavyDuty Metal Stapler,3,25.0,0.0,75.0,45.0,ExpressLogistics,1,On-Time,0,0
ORD-10058,2024-01-03,CUST-1359,Corporate,South,PRD-080,Office Supplies,Gel Ink Pen Multi-Pack,2,18.0,0.1,32.4,20.4,ApexGlobal,0,On-Time,0,0
ORD-10059,2024-01-03,CUST-1341,Consumer,South,PRD-080,Office Supplies,Gel Ink Pen Multi-Pack,3,18.0,0.1,48.6,30.6,SwiftFreight,1,On-Time,0,0
ORD-10060,2024-01-03,CUST-1416,Corporate,South,PRD-787,Furniture,ErgoPro Executive Desk,1,450.0,0.1,405.0,285.0,StandardMail,0,On-Time,0,0
ORD-10061,2024-01-03,CUST-1476,Corporate,South,PRD-156,Electronics,Apex Gaming Laptop,2,1200.0,0.15,2040.0,1440.0,ExpressLogistics,1,On-Time,0,0
ORD-10062,2024-01-03,CUST-1390,Consumer,South,PRD-367,Office Supplies,HeavyDuty Metal Stapler,1,25.0,0.1,22.5,12.5,SwiftFreight,1,On-Time,0,0
ORD-10063,2024-01-03,CUST-1263,Corporate,South,PRD-506,Electronics,SoundPulse Wireless Headphone,2,150.0,0.1,270.0,170.0,ApexGlobal,1,On-Time,0,0
ORD-10064,2024-01-03,CUST-1287,Consumer,East,PRD-904,Furniture,Nordic Solid Oak Bookshelf,3,310.0,0.1,837.0,582.0,ExpressLogistics,1,On-Time,0,0
ORD-10065,2024-01-03,CUST-1185,Small Business,East,PRD-925,Office Supplies,Premium Recycled Paper (Box),3,45.0,0.0,135.0,93.0,SwiftFreight,1,On-Time,0,0
ORD-10066,2024-01-03,CUST-1490,Corporate,East,PRD-156,Electronics,Apex Gaming Laptop,1,1200.0,0.05,1140.0,840.0,ApexGlobal,1,On-Time,0,0
ORD-10067,2024-01-03,CUST-1491,Corporate,East,PRD-367,Office Supplies,HeavyDuty Metal Stapler,1,25.0,0.1,22.5,12.5,SwiftFreight,2,On-Time,0,0
ORD-10068,2024-01-03,CUST-1354,Small Business,East,PRD-925,Office Supplies,Premium Recycled Paper (Box),3,45.0,0.15,114.75,72.75,ApexGlobal,1,On-Time,0,0
ORD-10069,2024-01-03,CUST-1369,Consumer,East,PRD-025,Electronics,SmartSync Fitness Tracker,2,90.0,0.1,162.0,92.0,ExpressLogistics,2,On-Time,0,0
ORD-10070,2024-01-03,CUST-1345,Consumer,West,PRD-787,Furniture,ErgoPro Executive Desk,1,450.0,0.1,405.0,285.0,SwiftFreight,1,On-Time,0,0
ORD-10071,2024-01-03,CUST-1126,Small Business,West,PRD-904,Furniture,Nordic Solid Oak Bookshelf,1,310.0,0.15,263.5,178.5,ExpressLogistics,1,On-Time,0,0
ORD-10072,2024-01-03,CUST-1095,Consumer,West,PRD-506,Electronics,SoundPulse Wireless Headphone,2,150.0,0.0,300.0,200.0,ApexGlobal,1,On-Time,0,0
ORD-10073,2024-01-03,CUST-1236,Small Business,West,PRD-367,Office Supplies,HeavyDuty Metal Stapler,1,25.0,0.15,21.25,11.25,SwiftFreight,1,On-Time,0,0
ORD-10074,2024-01-03,CUST-1348,Consumer,West,PRD-910,Furniture,LumbarComfort Mesh Chair,3,220.0,0.0,660.0,465.0,ApexGlobal,3,Normal,0,0
ORD-10075,2024-01-03,CUST-1434,Consumer,West,PRD-367,Office Supplies,HeavyDuty Metal Stapler,1,25.0,0.0,25.0,15.0,ApexGlobal,1,On-Time,0,0
ORD-10076,2024-01-03,CUST-1093,Small Business,West,PRD-904,Furniture,Nordic Solid Oak Bookshelf,2,310.0,0.05,589.0,419.0,SwiftFreight,0,On-Time,0,0
ORD-10077,2024-01-04,CUST-1217,Consumer,North,PRD-025,Electronics,SmartSync Fitness Tracker,2,90.0,0.0,180.0,110.0,SwiftFreight,0,On-Time,0,0
ORD-10078,2024-01-04,CUST-1022,Small Business,North,PRD-910,Furniture,LumbarComfort Mesh Chair,2,220.0,0.05,418.0,288.0,ApexGlobal,0,On-Time,0,0
ORD-10079,2024-01-04,CUST-1289,Consumer,North,PRD-367,Office Supplies,HeavyDuty Metal Stapler,3,25.0,0.15,63.75,33.75,ExpressLogistics,3,Normal,0,0
ORD-10080,2024-01-04,CUST-1335,Corporate,North,PRD-506,Electronics,SoundPulse Wireless Headphone,3,150.0,0.15,382.5,232.5,ApexGlobal,1,On-Time,0,0
ORD-10081,2024-01-04,CUST-1159,Corporate,North,PRD-506,Electronics,SoundPulse Wireless Headphone,3,150.0,0.0,450.0,300.0,SwiftFreight,1,On-Time,0,0
ORD-10082,2024-01-04,CUST-1444,Corporate,North,PRD-910,Furniture,LumbarComfort Mesh Chair,3,220.0,0.0,660.0,465.0,ApexGlobal,2,On-Time,0,0
ORD-10083,2024-01-04,CUST-1064,Corporate,North,PRD-080,Office Supplies,Gel Ink Pen Multi-Pack,1,18.0,0.15,15.3,9.3,ApexGlobal,0,On-Time,0,0
ORD-10084,2024-01-04,CUST-1301,Consumer,North,PRD-044,Electronics,UltraVision 4K Monitor,2,400.0,0.05,760.0,540.0,ApexGlobal,1,On-Time,0,0
ORD-10085,2024-01-04,CUST-1336,Consumer,South,PRD-025,Electronics,SmartSync Fitness Tracker,2,90.0,0.1,162.0,92.0,ApexGlobal,2,On-Time,1,0
ORD-10086,2024-01-04,CUST-1104,Corporate,South,PRD-080,Office Supplies,Gel Ink Pen Multi-Pack,3,18.0,0.0,54.0,36.0,StandardMail,1,On-Time,0,0
ORD-10087,2024-01-04,CUST-1492,Small Business,South,PRD-044,Electronics,UltraVision 4K Monitor,3,400.0,0.0,1200.0,870.0,StandardMail,1,On-Time,0,0
ORD-10088,2024-01-04,CUST-1393,Consumer,South,PRD-080,Office Supplies,Gel Ink Pen Multi-Pack,1,18.0,0.05,17.1,11.1,ApexGlobal,1,On-Time,0,0
ORD-10089,2024-01-04,CUST-1176,Corporate,South,PRD-044,Electronics,UltraVision 4K Monitor,3,400.0,0.1,1080.0,750.0,ExpressLogistics,0,On-Time,0,0
ORD-10090,2024-01-04,CUST-1189,Small Business,South,PRD-904,Furniture,Nordic Solid Oak Bookshelf,1,310.0,0.1,279.0,194.0,StandardMail,0,On-Time,0,0
ORD-10091,2024-01-04,CUST-1278,Corporate,South,PRD-904,Furniture,Nordic Solid Oak Bookshelf,1,310.0,0.1,279.0,194.0,SwiftFreight,1,On-Time,0,0
ORD-10092,2024-01-04,CUST-1341,Consumer,East,PRD-904,Furniture,Nordic Solid Oak Bookshelf,1,310.0,0.15,263.5,178.5,SwiftFreight,0,On-Time,0,0
ORD-10093,2024-01-04,CUST-1395,Small Business,East,PRD-925,Office Supplies,Premium Recycled Paper (Box),1,45.0,0.15,38.25,24.25,ExpressLogistics,1,On-Time,0,0
ORD-10094,2024-01-04,CUST-1366,Corporate,East,PRD-787,Furniture,ErgoPro Executive Desk,1,450.0,0.15,382.5,262.5,ApexGlobal,1,On-Time,0,0
ORD-10095,2024-01-04,CUST-1435,Corporate,East,PRD-910,Furniture,LumbarComfort Mesh Chair,3,220.0,0.05,627.0,432.0,StandardMail,1,On-Time,0,0
ORD-10096,2024-01-04,CUST-1397,Small Business,East,PRD-156,Electronics,Apex Gaming Laptop,3,1200.0,0.1,3240.0,2340.0,ApexGlobal,1,On-Time,0,0
ORD-10097,2024-01-04,CUST-1234,Consumer,West,PRD-044,Electronics,UltraVision 4K Monitor,3,400.0,0.05,1140.0,810.0,SwiftFreight,1,On-Time,0,0
ORD-10098,2024-01-04,CUST-1140,Consumer,West,PRD-156,Electronics,Apex Gaming Laptop,2,1200.0,0.05,2280.0,1680.0,,2,On-Time,0,0
ORD-10099,2024-01-04,CUST-1193,Small Business,West,PRD-025,Electronics,SmartSync Fitness Tracker,1,90.0,0.15,76.5,41.5,SwiftFreight,0,On-Time,0,0
ORD-10100,2024-01-04,CUST-1341,Small Business,West,PRD-925,Office Supplies,Premium Recycled Paper (Box),1,45.0,0.15,38.25,24.25,StandardMail,1,On-Time,0,0
ORD-10101,2024-01-04,CUST-1131,Consumer,West,PRD-156,Electronics,Apex Gaming Laptop,2,1200.0,0.0,2400.0,1800.0,StandardMail,1,On-Time,0,0
ORD-10102,2024-01-05,CUST-1345,Consumer,North,PRD-025,Electronics,SmartSync Fitness Tracker,3,90.0,0.0,270.0,165.0,,2,On-Time,0,0
ORD-10103,2024-01-05,CUST-1140,Consumer,North,PRD-787,Furniture,ErgoPro Executive Desk,2,450.0,0.15,765.0,525.0,ApexGlobal,1,On-Time,0,0
ORD-10104,2024-01-05,CUST-1360,Corporate,North,PRD-080,Office Supplies,Gel Ink Pen Multi-Pack,3,18.0,0.15,45.9,27.9,StandardMail,1,On-Time,0,0
ORD-10105,2024-01-05,CUST-1189,Consumer,North,PRD-925,Office Supplies,Premium Recycled Paper (Box),1,45.0,0.15,38.25,24.25,ApexGlobal,0,On-Time,0,0
ORD-10106,2024-01-05,CUST-1133,Consumer,North,PRD-925,Office Supplies,Premium Recycled Paper (Box),2,45.0,0.15,76.5,48.5,SwiftFreight,0,On-Time,1,0
ORD-10107,2024-01-05,CUST-1316,Corporate,North,PRD-787,Furniture,ErgoPro Executive Desk,3,450.0,0.1,1215.0,855.0,SwiftFreight,1,On-Time,0,0
ORD-10108,2024-01-05,CUST-1146,Corporate,South,PRD-910,Furniture,LumbarComfort Mesh Chair,1,220.0,0.0,220.0,155.0,SwiftFreight,2,On-Time,0,0
ORD-10109,2024-01-05,CUST-1013,Consumer,South,PRD-025,Electronics,SmartSync Fitness Tracker,3,90.0,0.05,256.5,151.5,SwiftFreight,3,Normal,0,0
ORD-10110,2024-01-05,CUST-1440,Consumer,South,PRD-910,Furniture,LumbarComfort Mesh Chair,3,220.0,0.1,594.0,399.0,StandardMail,0,On-Time,0,0
ORD-10111,2024-01-05,CUST-1455,Corporate,South,PRD-506,Electronics,SoundPulse Wireless Headphone,2,150.0,0.15,255.0,155.0,StandardMail,3,Normal,0,0
ORD-10112,2024-01-05,CUST-1089,Small Business,South,PRD-367,Office Supplies,HeavyDuty Metal Stapler,2,25.0,0.15,42.5,22.5,StandardMail,0,On-Time,0,0
ORD-10113,2024-01-05,CUST-1356,Consumer,South,PRD-910,Furniture,LumbarComfort Mesh Chair,1,220.0,0.15,187.0,122.0,StandardMail,1,On-Time,0,0
ORD-10114,2024-01-05,CUST-1211,Small Business,South,PRD-080,Office Supplies,Gel Ink Pen Multi-Pack,1,18.0,0.05,17.1,11.1,,0,On-Time,0,0
ORD-10115,2024-01-05,CUST-1034,Consumer,East,PRD-910,Furniture,LumbarComfort Mesh Chair,1,220.0,0.15,187.0,122.0,ExpressLogistics,1,On-Time,0,0
ORD-10116,2024-01-05,CUST-1009,Corporate,East,PRD-904,Furniture,Nordic Solid Oak Bookshelf,2,310.0,0.15,527.0,357.0,SwiftFreight,1,On-Time,0,0
ORD-10117,2024-01-05,CUST-1118,Corporate,East,PRD-156,Electronics,Apex Gaming Laptop,1,1200.0,0.15,1020.0,720.0,ExpressLogistics,1,On-Time,0,0
ORD-10118,2024-01-05,CUST-1281,Consumer,East,PRD-925,Office Supplies,Premium Recycled Paper (Box),3,45.0,0.05,128.25,86.25,StandardMail,2,On-Time,0,0
ORD-10119,2024-01-05,CUST-1176,Consumer,East,PRD-044,Electronics,UltraVision 4K Monitor,1,400.0,0.15,340.0,230.0,ApexGlobal,1,On-Time,0,0
ORD-10120,2024-01-05,CUST-1258,Consumer,East,PRD-910,Furniture,LumbarComfort Mesh Chair,1,220.0,0.1,198.0,133.0,StandardMail,1,On-Time,0,0
ORD-10121,2024-01-05,CUST-1457,Corporate,West,PRD-910,Furniture,LumbarComfort Mesh Chair,3,220.0,0.0,660.0,465.0,StandardMail,1,On-Time,0,0
ORD-10122,2024-01-05,CUST-1204,Consumer,West,PRD-080,Office Supplies,Gel Ink Pen Multi-Pack,2,18.0,0.0,36.0,24.0,ApexGlobal,0,On-Time,0,0
ORD-10123,2024-01-05,CUST-1033,Consumer,West,PRD-367,Office Supplies,HeavyDuty Metal Stapler,3,25.0,0.0,75.0,45.0,ExpressLogistics,1,On-Time,0,0
ORD-10124,2024-01-05,CUST-1378,Consumer,West,PRD-156,Electronics,Apex Gaming Laptop,2,1200.0,0.05,2280.0,1680.0,SwiftFreight,0,On-Time,0,0
ORD-10125,2024-01-05,CUST-1388,Consumer,West,PRD-904,Furniture,Nordic Solid Oak Bookshelf,2,310.0,0.0,620.0,450.0,SwiftFreight,1,On-Time,0,0
ORD-10126,2024-01-05,CUST-1206,Corporate,West,PRD-925,Office Supplies,Premium Recycled Paper (Box),1,45.0,0.1,40.5,26.5,SwiftFreight,2,On-Time,0,0
ORD-10127,2024-01-06,CUST-1102,Small Business,North,PRD-080,Office Supplies,Gel Ink Pen Multi-Pack,2,18.0,0.0,36.0,24.0,SwiftFreight,1,On-Time,0,0
ORD-10128,2024-01-06,CUST-1334,Corporate,North,PRD-156,Electronics,Apex Gaming Laptop,3,1200.0,0.1,3240.0,2340.0,StandardMail,1,On-Time,0,0
ORD-10129,2024-01-06,CUST-1248,Corporate,North,PRD-367,Office Supplies,HeavyDuty Metal Stapler,2,25.0,0.0,50.0,30.0,SwiftFreight,2,On-Time,0,0
ORD-10130,2024-01-06,CUST-1080,Consumer,North,PRD-925,Office Supplies,Premium Recycled Paper (Box),1,45.0,0.0,45.0,31.0,ExpressLogistics,1,On-Time,0,0
ORD-10131,2024-01-06,CUST-1400,Corporate,North,PRD-925,Office Supplies,Premium Recycled Paper (Box),2,45.0,0.1,81.0,53.0,ExpressLogistics,1,On-Time,0,0
ORD-10132,2024-01-06,CUST-1042,Small Business,North,PRD-925,Office Supplies,Premium Recycled Paper (Box),3,45.0,0.0,135.0,93.0,StandardMail,1,On-Time,0,0
ORD-10133,2024-01-06,CUST-1182,Corporate,North,PRD-025,Electronics,SmartSync Fitness Tracker,3,90.0,0.1,243.0,138.0,StandardMail,2,On-Time,0,0
ORD-10134,2024-01-06,CUST-1194,Small Business,South,PRD-025,Electronics,SmartSync Fitness Tracker,3,90.0,0.05,256.5,151.5,ApexGlobal,0,On-Time,0,0
ORD-10135,2024-01-06,CUST-1060,Small Business,South,PRD-925,Office Supplies,Premium Recycled Paper (Box),2,45.0,0.15,76.5,48.5,StandardMail,1,On-Time,0,0
ORD-10136,2024-01-06,CUST-1021,Small Business,South,PRD-925,Office Supplies,Premium Recycled Paper (Box),1,45.0,0.1,40.5,26.5,SwiftFreight,1,On-Time,0,0
ORD-10137,2024-01-06,CUST-1011,Consumer,South,PRD-910,Furniture,LumbarComfort Mesh Chair,2,220.0,0.05,418.0,288.0,StandardMail,0,On-Time,0,0
ORD-10138,2024-01-06,CUST-1213,Small Business,South,PRD-080,Office Supplies,Gel Ink Pen Multi-Pack,3,18.0,0.15,45.9,27.9,ApexGlobal,0,On-Time,0,0
ORD-10139,2024-01-06,CUST-1060,Consumer,East,PRD-910,Furniture,LumbarComfort Mesh Chair,1,220.0,0.05,209.0,144.0,StandardMail,2,On-Time,0,0
ORD-10140,2024-01-06,CUST-1206,Consumer,East,PRD-910,Furniture,LumbarComfort Mesh Chair,3,220.0,0.1,594.0,399.0,ApexGlobal,1,On-Time,0,0
ORD-10141,2024-01-06,CUST-1473,Small Business,East,PRD-925,Office Supplies,Premium Recycled Paper (Box),3,45.0,0.0,135.0,93.0,SwiftFreight,2,On-Time,0,0
ORD-10142,2024-01-06,CUST-1370,Consumer,East,PRD-025,Electronics,SmartSync Fitness Tracker,3,90.0,0.15,229.5,124.5,SwiftFreight,1,On-Time,0,0
ORD-10143,2024-01-06,CUST-1362,Small Business,East,PRD-904,Furniture,Nordic Solid Oak Bookshelf,3,310.0,0.15,790.5,535.5,StandardMail,0,On-Time,0,0
ORD-10144,2024-01-06,CUST-1027,Consumer,East,PRD-044,Electronics,UltraVision 4K Monitor,2,400.0,0.05,760.0,540.0,StandardMail,0,On-Time,0,0
ORD-10145,2024-01-06,CUST-1085,Small Business,East,PRD-044,Electronics,UltraVision 4K Monitor,2,400.0,0.1,720.0,500.0,StandardMail,0,On-Time,0,0
ORD-10146,2024-01-06,CUST-1393,Small Business,East,PRD-925,Office Supplies,Premium Recycled Paper (Box),3,45.0,0.15,114.75,72.75,ApexGlobal,1,On-Time,0,0
ORD-10147,2024-01-06,CUST-1110,Corporate,West,PRD-925,Office Supplies,Premium Recycled Paper (Box),2,45.0,0.1,81.0,53.0,ApexGlobal,2,On-Time,0,0
ORD-10148,2024-01-06,CUST-1424,Corporate,West,PRD-156,Electronics,Apex Gaming Laptop,1,1200.0,0.05,1140.0,840.0,ApexGlobal,1,On-Time,0,0
ORD-10149,2024-01-06,CUST-1225,Consumer,West,PRD-080,Office Supplies,Gel Ink Pen Multi-Pack,3,18.0,0.05,51.3,33.3,SwiftFreight,0,On-Time,0,0
ORD-10150,2024-01-06,CUST-1111,Consumer,West,PRD-925,Office Supplies,Premium Recycled Paper (Box),2,45.0,0.1,81.0,53.0,ApexGlobal,1,On-Time,0,0
ORD-10151,2024-01-06,CUST-1094,Consumer,West,PRD-044,Electronics,UltraVision 4K Monitor,3,400.0,0.05,1140.0,810.0,ApexGlobal,2,On-Time,1,0
ORD-10152,2024-01-06,CUST-1093,Consumer,West,PRD-787,Furniture,ErgoPro Executive Desk,2,450.0,0.05,855.0,615.0,ApexGlobal,1,On-Time,0,0
ORD-10153,2024-01-06,CUST-1334,Consumer,West,PRD-044,Electronics,UltraVision 4K Monitor,3,400.0,0.05,1140.0,810.0,StandardMail,0,On-Time,0,0
ORD-10154,2024-01-06,CUST-1117,Consumer,West,PRD-044,Electronics,UltraVision 4K Monitor,3,400.0,0.15,1020.0,690.0,StandardMail,1,On-Time,0,0
ORD-10155,2024-01-07,CUST-1046,Corporate,North,PRD-787,Furniture,ErgoPro Executive Desk,1,450.0,0.0,450.0,330.0,ApexGlobal,0,On-Time,0,0
ORD-10156,2024-01-07,CUST-1355,Corporate,North,PRD-156,Electronics,Apex Gaming Laptop,1,1200.0,0.15,1020.0,720.0,StandardMail,2,On-Time,0,0
ORD-10157,2024-01-07,CUST-1177,Consumer,North,PRD-080,Office Supplies,Gel Ink Pen Multi-Pack,2,18.0,0.0,36.0,24.0,SwiftFreight,2,On-Time,0,0
ORD-10158,2024-01-07,CUST-1083,Consumer,North,PRD-925,Office Supplies,Premium Recycled Paper (Box),1,45.0,0.0,0.0,-2.8,SwiftFreight,2,Cancelled,0,1
ORD-10159,2024-01-07,CUST-1264,Consumer,North,PRD-925,Office Supplies,Premium Recycled Paper (Box),3,45.0,0.05,128.25,86.25,StandardMail,3,Normal,0,0
ORD-10160,2024-01-07,CUST-1068,Corporate,North,PRD-910,Furniture,LumbarComfort Mesh Chair,2,220.0,0.15,374.0,244.0,ApexGlobal,1,On-Time,0,0
ORD-10161,2024-01-07,CUST-1372,Small Business,North,PRD-367,Office Supplies,HeavyDuty Metal Stapler,3,25.0,0.0,75.0,45.0,SwiftFreight,1,On-Time,0,0
ORD-10162,2024-01-07,CUST-1327,Small Business,North,PRD-044,Electronics,UltraVision 4K Monitor,3,400.0,0.0,1200.0,870.0,SwiftFreight,1,On-Time,0,0
ORD-10163,2024-01-07,CUST-1290,Consumer,South,PRD-156,Electronics,Apex Gaming Laptop,1,1200.0,0.05,1140.0,840.0,ExpressLogistics,1,On-Time,0,0
ORD-10164,2024-01-07,CUST-1088,Corporate,South,PRD-904,Furniture,Nordic Solid Oak Bookshelf,1,310.0,0.15,263.5,178.5,ApexGlobal,1,On-Time,0,0
ORD-10165,2024-01-07,CUST-1327,Consumer,South,PRD-044,Electronics,UltraVision 4K Monitor,3,400.0,0.1,1080.0,750.0,StandardMail,1,On-Time,0,0
ORD-10166,2024-01-07,CUST-1062,Consumer,South,PRD-367,Office Supplies,HeavyDuty Metal Stapler,3,25.0,0.1,67.5,37.5,SwiftFreight,1,On-Time,0,0
ORD-10167,2024-01-07,CUST-1494,Corporate,South,PRD-506,Electronics,SoundPulse Wireless Headphone,3,150.0,0.05,427.5,277.5,ApexGlobal,0,On-Time,0,0
ORD-10168,2024-01-07,CUST-1197,Consumer,South,PRD-156,Electronics,Apex Gaming Laptop,2,1200.0,0.05,2280.0,1680.0,ApexGlobal,1,On-Time,0,0
ORD-10169,2024-01-07,CUST-1447,Small Business,East,PRD-080,Office Supplies,Gel Ink Pen Multi-Pack,3,18.0,0.1,48.6,30.6,StandardMail,1,On-Time,0,0
ORD-10170,2024-01-07,CUST-1156,Consumer,East,PRD-904,Furniture,Nordic Solid Oak Bookshelf,2,310.0,0.1,558.0,388.0,StandardMail,2,On-Time,0,0
ORD-10171,2024-01-07,CUST-1410,Corporate,East,PRD-080,Office Supplies,Gel Ink Pen Multi-Pack,3,18.0,0.15,45.9,27.9,StandardMail,1,On-Time,0,0
ORD-10172,2024-01-07,CUST-1329,Consumer,East,PRD-367,Office Supplies,HeavyDuty Metal Stapler,1,25.0,0.15,21.25,11.25,ApexGlobal,1,On-Time,0,0
ORD-10173,2024-01-07,CUST-1302,Small Business,East,PRD-787,Furniture,ErgoPro Executive Desk,1,450.0,0.0,450.0,330.0,SwiftFreight,1,On-Time,0,0
ORD-10174,2024-01-07,CUST-1046,Small Business,East,PRD-080,Office Supplies,Gel Ink Pen Multi-Pack,1,18.0,0.0,18.0,12.0,ApexGlobal,0,On-Time,0,0
ORD-10175,2024-01-07,CUST-1419,Small Business,West,PRD-506,Electronics,SoundPulse Wireless Headphone,2,150.0,0.15,255.0,155.0,StandardMail,0,On-Time,0,0
ORD-10176,2024-01-07,CUST-1037,Corporate,West,PRD-025,Electronics,SmartSync Fitness Tracker,2,90.0,0.15,153.0,83.0,ExpressLogistics,0,On-Time,0,0
ORD-10177,2024-01-07,CUST-1301,Corporate,West,PRD-910,Furniture,LumbarComfort Mesh Chair,3,220.0,0.1,594.0,399.0,ApexGlobal,1,On-Time,0,0
ORD-10178,2024-01-07,CUST-1110,Small Business,West,PRD-506,Electronics,SoundPulse Wireless Headphone,3,150.0,0.1,405.0,255.0,StandardMail,0,On-Time,0,0
ORD-10179,2024-01-07,CUST-1323,Small Business,West,PRD-910,Furniture,LumbarComfort Mesh Chair,1,220.0,0.15,187.0,122.0,ExpressLogistics,1,On-Time,0,0
ORD-10180,2024-01-07,CUST-1377,Corporate,West,PRD-044,Electronics,UltraVision 4K Monitor,1,400.0,0.1,360.0,250.0,ApexGlobal,1,On-Time,0,0
ORD-10181,2024-01-07,CUST-1295,Consumer,West,PRD-904,Furniture,Nordic Solid Oak Bookshelf,1,310.0,0.0,310.0,225.0,StandardMail,1,On-Time,0,0
ORD-10182,2024-01-08,CUST-1419,Corporate,North,PRD-506,Electronics,SoundPulse Wireless Headphone,2,150.0,0.1,270.0,170.0,StandardMail,2,On-Time,0,0
ORD-10183,2024-01-08,CUST-1437,Small Business,North,PRD-787,Furniture,ErgoPro Executive Desk,3,450.0,0.05,1282.5,922.5,ApexGlobal,1,On-Time,0,0
ORD-10184,2024-01-08,CUST-1201,Small Business,North,PRD-044,Electronics,UltraVision 4K Monitor,1,400.0,0.15,340.0,230.0,StandardMail,0,On-Time,1,0
ORD-10185,2024-01-08,CUST-1062,Consumer,North,PRD-506,Electronics,SoundPulse Wireless Headphone,1,150.0,0.05,142.5,92.5,,0,On-Time,0,0
ORD-10186,2024-01-08,CUST-1442,Small Business,North,PRD-025,Electronics,SmartSync Fitness Tracker,3,90.0,0.0,270.0,165.0,SwiftFreight,0,On-Time,0,0
ORD-10187,2024-01-08,CUST-1454,Consumer,North,PRD-787,Furniture,ErgoPro Executive Desk,2,450.0,0.05,855.0,615.0,StandardMail,0,On-Time,0,0
ORD-10188,2024-01-08,CUST-1454,Small Business,South,PRD-904,Furniture,Nordic Solid Oak Bookshelf,1,310.0,0.1,279.0,194.0,StandardMail,2,On-Time,0,0
ORD-10189,2024-01-08,CUST-1117,Corporate,South,PRD-787,Furniture,ErgoPro Executive Desk,2,450.0,0.15,765.0,525.0,SwiftFreight,3,Normal,0,0
ORD-10190,2024-01-08,CUST-1378,Corporate,South,PRD-506,Electronics,SoundPulse Wireless Headphone,3,150.0,0.0,450.0,300.0,ApexGlobal,1,On-Time,0,0
ORD-10191,2024-01-08,CUST-1304,Corporate,South,PRD-904,Furniture,Nordic Solid Oak Bookshelf,1,310.0,0.1,279.0,194.0,ExpressLogistics,2,On-Time,0,0
ORD-10192,2024-01-08,CUST-1370,Corporate,South,PRD-925,Office Supplies,Premium Recycled Paper (Box),3,45.0,0.15,114.75,72.75,SwiftFreight,1,On-Time,0,0
ORD-10193,2024-01-08,CUST-1113,Corporate,East,PRD-925,Office Supplies,Premium Recycled Paper (Box),2,45.0,0.1,81.0,53.0,ApexGlobal,0,On-Time,0,0
ORD-10194,2024-01-08,CUST-1358,Small Business,East,PRD-925,Office Supplies,Premium Recycled Paper (Box),3,45.0,0.15,114.75,72.75,ApexGlobal,1,On-Time,0,0
ORD-10195,2024-01-08,CUST-1365,Consumer,East,PRD-367,Office Supplies,HeavyDuty Metal Stapler,2,25.0,0.15,42.5,22.5,SwiftFreight,1,On-Time,0,0
ORD-10196,2024-01-08,CUST-1348,Corporate,East,PRD-044,Electronics,UltraVision 4K Monitor,1,400.0,0.15,340.0,230.0,StandardMail,1,On-Time,0,0
ORD-10197,2024-01-08,CUST-1470,Corporate,East,PRD-080,Office Supplies,Gel Ink Pen Multi-Pack,3,18.0,0.05,51.3,33.3,StandardMail,3,Normal,0,0
ORD-10198,2024-01-08,CUST-1096,Consumer,West,PRD-044,Electronics,UltraVision 4K Monitor,3,400.0,0.0,1200.0,870.0,StandardMail,1,On-Time,0,0
ORD-10199,2024-01-08,CUST-1087,Consumer,West,PRD-925,Office Supplies,Premium Recycled Paper (Box),2,45.0,0.0,90.0,62.0,SwiftFreight,2,On-Time,0,0
ORD-10200,2024-01-08,CUST-1181,Corporate,West,PRD-367,Office Supplies,HeavyDuty Metal Stapler,1,25.0,0.0,25.0,15.0,StandardMail,1,On-Time,0,0
ORD-10201,2024-01-08,CUST-1465,Corporate,West,PRD-904,Furniture,Nordic Solid Oak Bookshelf,3,310.0,0.15,790.5,535.5,ExpressLogistics,2,On-Time,0,0
ORD-10202,2024-01-08,CUST-1402,Corporate,West,PRD-080,Office Supplies,Gel Ink Pen Multi-Pack,1,18.0,0.15,15.3,9.3,ApexGlobal,2,On-Time,0,0
ORD-10203,2024-01-08,CUST-1302,Small Business,West,PRD-925,Office Supplies,Premium Recycled Paper (Box),1,45.0,0.0,45.0,31.0,ExpressLogistics,0,On-Time,0,0
ORD-10204,2024-01-08,CUST-1395,Consumer,West,PRD-080,Office Supplies,Gel Ink Pen Multi-Pack,1,18.0,0.1,16.2,10.2,SwiftFreight,0,On-Time,0,0
ORD-10205,2024-01-09,CUST-1225,Small Business,North,PRD-025,Electronics,SmartSync Fitness Tracker,1,90.0,0.0,90.0,55.0,ExpressLogistics,1,On-Time,0,0
ORD-10206,2024-01-09,CUST-1201,,North,PRD-044,Electronics,UltraVision 4K Monitor,2,400.0,0.0,800.0,580.0,,1,On-Time,0,0
ORD-10207,2024-01-09,CUST-1127,Corporate,North,PRD-044,Electronics,UltraVision 4K Monitor,1,400.0,0.1,360.0,250.0,ApexGlobal,3,Normal,0,0
ORD-10208,2024-01-09,CUST-1280,Corporate,North,PRD-506,Electronics,SoundPulse Wireless Headphone,3,150.0,0.15,382.5,232.5,SwiftFreight,0,On-Time,0,0
ORD-10209,2024-01-09,CUST-1493,Consumer,North,PRD-156,Electronics,Apex Gaming Laptop,2,1200.0,0.15,0.0,-120.0,SwiftFreight,0,Cancelled,0,1
ORD-10210,2024-01-09,CUST-1127,Corporate,South,PRD-367,Office Supplies,HeavyDuty Metal Stapler,1,25.0,0.05,23.75,13.75,StandardMail,1,On-Time,0,0
ORD-10211,2024-01-09,CUST-1033,Small Business,South,PRD-910,Furniture,LumbarComfort Mesh Chair,1,220.0,0.1,198.0,133.0,ExpressLogistics,1,On-Time,0,0
ORD-10212,2024-01-09,CUST-1341,Corporate,South,PRD-904,Furniture,Nordic Solid Oak Bookshelf,1,310.0,0.05,294.5,209.5,ExpressLogistics,0,On-Time,0,0
ORD-10213,2024-01-09,CUST-1218,Corporate,South,PRD-904,Furniture,Nordic Solid Oak Bookshelf,2,310.0,0.1,558.0,388.0,StandardMail,2,On-Time,0,0
ORD-10214,2024-01-09,CUST-1409,Small Business,South,PRD-910,Furniture,LumbarComfort Mesh Chair,1,220.0,0.1,198.0,133.0,SwiftFreight,2,On-Time,0,0
ORD-10215,2024-01-09,CUST-1063,Corporate,South,PRD-787,Furniture,ErgoPro Executive Desk,2,450.0,0.05,855.0,615.0,StandardMail,1,On-Time,0,0
ORD-10216,2024-01-09,CUST-1028,Small Business,East,PRD-904,Furniture,Nordic Solid Oak Bookshelf,1,310.0,0.1,279.0,194.0,ApexGlobal,0,On-Time,0,0
ORD-10217,2024-01-09,CUST-1163,Consumer,East,PRD-925,Office Supplies,Premium Recycled Paper (Box),1,45.0,0.1,40.5,26.5,ExpressLogistics,2,On-Time,0,0
ORD-10218,2024-01-09,CUST-1151,Small Business,East,PRD-080,Office Supplies,Gel Ink Pen Multi-Pack,2,18.0,0.0,36.0,24.0,StandardMail,2,On-Time,0,0
ORD-10219,2024-01-09,CUST-1249,Corporate,East,PRD-044,Electronics,UltraVision 4K Monitor,3,400.0,0.05,1140.0,810.0,SwiftFreight,1,On-Time,0,0
ORD-10220,2024-01-09,CUST-1364,Small Business,East,PRD-904,Furniture,Nordic Solid Oak Bookshelf,3,310.0,0.05,883.5,628.5,ExpressLogistics,0,On-Time,0,0
ORD-10221,2024-01-09,CUST-1072,Small Business,East,PRD-367,Office Supplies,HeavyDuty Metal Stapler,1,25.0,0.1,22.5,12.5,StandardMail,0,On-Time,0,0
ORD-10222,2024-01-09,CUST-1038,Consumer,West,PRD-925,Office Supplies,Premium Recycled Paper (Box),3,45.0,0.05,128.25,86.25,ExpressLogistics,0,On-Time,0,0
ORD-10223,2024-01-09,CUST-1171,Corporate,West,PRD-904,Furniture,Nordic Solid Oak Bookshelf,3,310.0,0.15,790.5,535.5,SwiftFreight,1,On-Time,0,0
ORD-10224,2024-01-09,CUST-1304,Consumer,West,PRD-044,Electronics,UltraVision 4K Monitor,1,400.0,0.1,360.0,250.0,SwiftFreight,0,On-Time,0,0
ORD-10225,2024-01-09,CUST-1496,Corporate,West,PRD-910,Furniture,LumbarComfort Mesh Chair,3,220.0,0.1,594.0,399.0,ExpressLogistics,1,On-Time,0,0
ORD-10226,2024-01-09,CUST-1463,Corporate,West,PRD-506,Electronics,SoundPulse Wireless Headphone,2,150.0,0.05,285.0,185.0,StandardMail,2,On-Time,0,0
ORD-10227,2024-01-10,CUST-1142,Small Business,North,PRD-787,Furniture,ErgoPro Executive Desk,3,450.0,0.15,1147.5,787.5,ExpressLogistics,2,On-Time,0,0
ORD-10228,2024-01-10,CUST-1136,Corporate,North,PRD-367,Office Supplies,HeavyDuty Metal Stapler,3,25.0,0.15,63.75,33.75,ApexGlobal,1,On-Time,0,0
ORD-10229,2024-01-10,CUST-1214,Small Business,North,PRD-080,Office Supplies,Gel Ink Pen Multi-Pack,1,18.0,0.1,16.2,10.2,StandardMail,2,On-Time,0,0
ORD-10230,2024-01-10,CUST-1489,Small Business,North,PRD-787,Furniture,ErgoPro Executive Desk,3,450.0,0.05,1282.5,922.5,StandardMail,1,On-Time,0,0
ORD-10231,2024-01-10,CUST-1482,Consumer,North,PRD-080,Office Supplies,Gel Ink Pen Multi-Pack,1,18.0,0.1,16.2,10.2,SwiftFreight,1,On-Time,0,0
ORD-10232,2024-01-10,CUST-1363,Small Business,North,PRD-025,Electronics,SmartSync Fitness Tracker,3,90.0,0.1,243.0,138.0,StandardMail,1,On-Time,0,0
ORD-10233,2024-01-10,CUST-1348,Consumer,North,PRD-156,Electronics,Apex Gaming Laptop,2,1200.0,0.0,2400.0,1800.0,ApexGlobal,2,On-Time,0,0
ORD-10234,2024-01-10,CUST-1381,Corporate,North,PRD-156,Electronics,Apex Gaming Laptop,2,1200.0,0.05,2280.0,1680.0,SwiftFreight,0,On-Time,1,0
ORD-10235,2024-01-10,CUST-1250,Corporate,South,PRD-910,Furniture,LumbarComfort Mesh Chair,3,220.0,0.15,561.0,366.0,SwiftFreight,1,On-Time,0,0
ORD-10236,2024-01-10,CUST-1301,Corporate,South,PRD-367,Office Supplies,HeavyDuty Metal Stapler,1,25.0,0.15,21.25,11.25,StandardMail,0,On-Time,0,0
ORD-10237,2024-01-10,CUST-1244,Corporate,South,PRD-044,Electronics,UltraVision 4K Monitor,1,400.0,0.05,380.0,270.0,StandardMail,0,On-Time,0,0
ORD-10238,2024-01-10,CUST-1358,Corporate,South,PRD-044,Electronics,UltraVision 4K Monitor,1,400.0,0.0,0.0,-22.0,ApexGlobal,1,Cancelled,0,1
ORD-10239,2024-01-10,CUST-1428,Small Business,South,PRD-925,Office Supplies,Premium Recycled Paper (Box),2,45.0,0.0,90.0,62.0,StandardMail,2,On-Time,0,0
ORD-10240,2024-01-10,CUST-1431,Corporate,South,PRD-156,Electronics,Apex Gaming Laptop,1,1200.0,0.15,1020.0,720.0,ExpressLogistics,1,On-Time,0,0
ORD-10241,2024-01-10,CUST-1304,Small Business,East,PRD-156,Electronics,Apex Gaming Laptop,1,1200.0,0.0,1200.0,900.0,ApexGlobal,0,On-Time,0,0
ORD-10242,2024-01-10,CUST-1426,Consumer,East,PRD-506,Electronics,SoundPulse Wireless Headphone,2,150.0,0.0,300.0,200.0,SwiftFreight,1,On-Time,0,0
ORD-10243,2024-01-10,CUST-1343,Small Business,East,PRD-506,Electronics,SoundPulse Wireless Headphone,3,150.0,0.1,405.0,255.0,SwiftFreight,1,On-Time,0,0
ORD-10244,2024-01-10,CUST-1309,Small Business,East,PRD-044,Electronics,UltraVision 4K Monitor,1,400.0,0.05,380.0,270.0,SwiftFreight,1,On-Time,0,0
ORD-10245,2024-01-10,CUST-1106,Small Business,East,PRD-787,Furniture,ErgoPro Executive Desk,2,450.0,0.0,900.0,660.0,ExpressLogistics,1,On-Time,0,0
ORD-10246,2024-01-10,CUST-1004,Consumer,East,PRD-044,Electronics,UltraVision 4K Monitor,1,400.0,0.05,380.0,270.0,ApexGlobal,1,On-Time,0,0
ORD-10247,2024-01-10,CUST-1008,Consumer,East,PRD-044,Electronics,UltraVision 4K Monitor,3,400.0,0.0,1200.0,870.0,SwiftFreight,1,On-Time,0,0
ORD-10248,2024-01-10,CUST-1061,Small Business,West,PRD-904,Furniture,Nordic Solid Oak Bookshelf,1,310.0,0.0,310.0,225.0,ExpressLogistics,3,Normal,0,0
ORD-10249,2024-01-10,CUST-1485,Corporate,West,PRD-910,Furniture,LumbarComfort Mesh Chair,1,220.0,0.0,220.0,155.0,StandardMail,1,On-Time,0,0
ORD-10250,2024-01-10,CUST-1097,Small Business,West,PRD-156,Electronics,Apex Gaming Laptop,3,1200.0,0.1,3240.0,2340.0,StandardMail,0,On-Time,0,0
ORD-10251,2024-01-10,CUST-1475,Small Business,West,PRD-156,Electronics,Apex Gaming Laptop,1,1200.0,0.15,1020.0,720.0,StandardMail,1,On-Time,0,0
ORD-10252,2024-01-10,CUST-1442,Corporate,West,PRD-367,Office Supplies,HeavyDuty Metal Stapler,2,25.0,0.15,42.5,22.5,StandardMail,1,On-Time,0,0
ORD-10253,2024-01-10,CUST-1327,,West,PRD-044,Electronics,UltraVision 4K Monitor,3,400.0,0.05,1140.0,810.0,ExpressLogistics,1,On-Time,0,0
ORD-10254,2024-01-11,CUST-1283,Consumer,North,PRD-904,Furniture,Nordic Solid Oak Bookshelf,1,310.0,0.1,279.0,194.0,StandardMail,2,On-Time,0,0
ORD-10255,2024-01-11,CUST-1300,Small Business,North,PRD-925,Office Supplies,Premium Recycled Paper (Box),2,45.0,0.15,76.5,48.5,StandardMail,2,On-Time,0,0
ORD-10256,2024-01-11,CUST-1346,Consumer,North,PRD-367,Office Supplies,HeavyDuty Metal Stapler,1,25.0,0.05,23.75,13.75,StandardMail,1,On-Time,0,0
ORD-10257,2024-01-11,CUST-1146,Corporate,North,PRD-025,Electronics,SmartSync Fitness Tracker,1,90.0,0.1,81.0,46.0,StandardMail,1,On-Time,0,0
ORD-10258,2024-01-11,CUST-1180,Corporate,North,PRD-904,Furniture,Nordic Solid Oak Bookshelf,2,310.0,0.0,620.0,450.0,ApexGlobal,1,On-Time,0,0
ORD-10259,2024-01-11,CUST-1006,Corporate,South,PRD-904,Furniture,Nordic Solid Oak Bookshelf,1,310.0,0.1,279.0,194.0,ApexGlobal,1,On-Time,0,0
ORD-10260,2024-01-11,CUST-1355,Consumer,South,PRD-925,Office Supplies,Premium Recycled Paper (Box),2,45.0,0.0,90.0,62.0,ExpressLogistics,0,On-Time,0,0
ORD-10261,2024-01-11,CUST-1294,Consumer,South,PRD-025,Electronics,SmartSync Fitness Tracker,2,90.0,0.0,180.0,110.0,ApexGlobal,2,On-Time,0,0
ORD-10262,2024-01-11,CUST-1222,Consumer,South,PRD-367,Office Supplies,HeavyDuty Metal Stapler,2,25.0,0.1,45.0,25.0,ExpressLogistics,0,On-Time,0,0
ORD-10263,2024-01-11,CUST-1162,Corporate,South,PRD-904,Furniture,Nordic Solid Oak Bookshelf,2,310.0,0.15,527.0,357.0,ExpressLogistics,2,On-Time,0,0
ORD-10264,2024-01-11,CUST-1036,Corporate,South,PRD-925,Office Supplies,Premium Recycled Paper (Box),1,45.0,0.1,40.5,26.5,ExpressLogistics,1,On-Time,0,0
ORD-10265,2024-01-11,CUST-1483,Small Business,South,PRD-367,Office Supplies,HeavyDuty Metal Stapler,2,25.0,0.05,47.5,27.5,StandardMail,2,On-Time,0,0
ORD-10266,2024-01-11,CUST-1119,Consumer,South,PRD-044,Electronics,UltraVision 4K Monitor,3,400.0,0.1,1080.0,750.0,ExpressLogistics,2,On-Time,0,0
ORD-10267,2024-01-11,CUST-1284,Corporate,East,PRD-367,Office Supplies,HeavyDuty Metal Stapler,3,25.0,0.15,63.75,33.75,ExpressLogistics,1,On-Time,1,0
ORD-10268,2024-01-11,CUST-1133,Small Business,East,PRD-080,Office Supplies,Gel Ink Pen Multi-Pack,3,18.0,0.1,48.6,30.6,ExpressLogistics,1,On-Time,0,0
ORD-10269,2024-01-11,CUST-1057,Consumer,East,PRD-904,Furniture,Nordic Solid Oak Bookshelf,3,310.0,0.1,837.0,582.0,ApexGlobal,0,On-Time,0,0
ORD-10270,2024-01-11,CUST-1396,Corporate,East,PRD-506,Electronics,SoundPulse Wireless Headphone,1,150.0,0.05,142.5,92.5,StandardMail,1,On-Time,0,0
ORD-10271,2024-01-11,CUST-1156,Consumer,East,PRD-156,Electronics,Apex Gaming Laptop,3,1200.0,0.0,3600.0,2700.0,SwiftFreight,2,On-Time,0,0
ORD-10272,2024-01-11,CUST-1235,Corporate,East,PRD-910,Furniture,LumbarComfort Mesh Chair,1,220.0,0.1,198.0,133.0,SwiftFreight,2,On-Time,0,0
ORD-10273,2024-01-11,CUST-1442,Corporate,East,PRD-904,Furniture,Nordic Solid Oak Bookshelf,2,310.0,0.1,558.0,388.0,ExpressLogistics,1,On-Time,0,0
ORD-10274,2024-01-11,CUST-1014,Consumer,West,PRD-506,Electronics,SoundPulse Wireless Headphone,2,150.0,0.0,300.0,200.0,ExpressLogistics,2,On-Time,0,0
ORD-10275,2024-01-11,CUST-1280,Corporate,West,PRD-904,Furniture,Nordic Solid Oak Bookshelf,2,310.0,0.15,527.0,357.0,StandardMail,1,On-Time,0,0
ORD-10276,2024-01-11,CUST-1144,Small Business,West,PRD-910,Furniture,LumbarComfort Mesh Chair,1,220.0,0.1,198.0,133.0,SwiftFreight,2,On-Time,0,0
ORD-10277,2024-01-11,CUST-1173,Small Business,West,PRD-044,Electronics,UltraVision 4K Monitor,2,400.0,0.15,680.0,460.0,ExpressLogistics,1,On-Time,0,0
ORD-10278,2024-01-11,CUST-1315,Corporate,West,PRD-080,Office Supplies,Gel Ink Pen Multi-Pack,2,18.0,0.15,30.6,18.6,ApexGlobal,2,On-Time,0,0
ORD-10279,2024-01-11,CUST-1152,Consumer,West,PRD-025,Electronics,SmartSync Fitness Tracker,2,90.0,0.0,180.0,110.0,ExpressLogistics,1,On-Time,0,0
ORD-10280,2024-01-12,CUST-1213,Consumer,North,PRD-787,Furniture,ErgoPro Executive Desk,2,450.0,0.05,855.0,615.0,ApexGlobal,2,On-Time,0,0
ORD-10281,2024-01-12,CUST-1071,Corporate,North,PRD-787,Furniture,ErgoPro Executive Desk,3,450.0,0.0,1350.0,990.0,StandardMail,2,On-Time,0,0
ORD-10282,2024-01-12,CUST-1165,Small Business,North,PRD-787,Furniture,ErgoPro Executive Desk,3,450.0,0.05,1282.5,922.5,,1,On-Time,0,0
ORD-10283,2024-01-12,CUST-1101,Small Business,North,PRD-367,Office Supplies,HeavyDuty Metal Stapler,1,25.0,0.1,22.5,12.5,ExpressLogistics,1,On-Time,0,0
ORD-10284,2024-01-12,CUST-1376,Corporate,North,PRD-367,Office Supplies,HeavyDuty Metal Stapler,2,25.0,0.15,42.5,22.5,ExpressLogistics,1,On-Time,0,0
ORD-10285,2024-01-12,CUST-1085,Corporate,North,PRD-044,Electronics,UltraVision 4K Monitor,1,400.0,0.15,340.0,230.0,StandardMail,1,On-Time,0,0
ORD-10286,2024-01-12,CUST-1288,Small Business,North,PRD-925,Office Supplies,Premium Recycled Paper (Box),1,45.0,0.1,40.5,26.5,ExpressLogistics,1,On-Time,0,0
ORD-10287,2024-01-12,CUST-1153,Corporate,South,PRD-044,Electronics,UltraVision 4K Monitor,2,400.0,0.05,760.0,540.0,StandardMail,1,On-Time,0,0
ORD-10288,2024-01-12,CUST-1427,Small Business,South,PRD-787,Furniture,ErgoPro Executive Desk,1,450.0,0.15,382.5,262.5,ExpressLogistics,0,On-Time,0,0
ORD-10289,2024-01-12,CUST-1122,Consumer,South,PRD-904,Furniture,Nordic Solid Oak Bookshelf,2,310.0,0.15,527.0,357.0,ExpressLogistics,2,On-Time,0,0
ORD-10290,2024-01-12,CUST-1203,Corporate,South,PRD-904,Furniture,Nordic Solid Oak Bookshelf,2,310.0,0.1,558.0,388.0,SwiftFreight,2,On-Time,0,0
ORD-10291,2024-01-12,CUST-1110,Corporate,South,PRD-156,Electronics,Apex Gaming Laptop,3,1200.0,0.0,3600.0,2700.0,SwiftFreight,2,On-Time,0,0
ORD-10292,2024-01-12,CUST-1021,Corporate,South,PRD-904,Furniture,Nordic Solid Oak Bookshelf,2,310.0,0.05,589.0,419.0,SwiftFreight,1,On-Time,0,0
ORD-10293,2024-01-12,CUST-1187,Consumer,South,PRD-044,Electronics,UltraVision 4K Monitor,2,400.0,0.05,760.0,540.0,SwiftFreight,2,On-Time,0,0
ORD-10294,2024-01-12,CUST-1024,Small Business,South,PRD-156,Electronics,Apex Gaming Laptop,1,1200.0,0.05,1140.0,840.0,,1,On-Time,0,0
ORD-10295,2024-01-12,CUST-1355,Corporate,East,PRD-080,Office Supplies,Gel Ink Pen Multi-Pack,1,18.0,0.15,15.3,9.3,ApexGlobal,1,On-Time,0,0
ORD-10296,2024-01-12,CUST-1081,Small Business,East,PRD-787,Furniture,ErgoPro Executive Desk,2,450.0,0.15,765.0,525.0,ExpressLogistics,1,On-Time,0,0
ORD-10297,2024-01-12,CUST-1351,Corporate,East,PRD-904,Furniture,Nordic Solid Oak Bookshelf,1,310.0,0.1,279.0,194.0,ApexGlobal,0,On-Time,0,0
ORD-10298,2024-01-12,CUST-1437,Small Business,East,PRD-044,Electronics,UltraVision 4K Monitor,3,400.0,0.0,1200.0,870.0,ApexGlobal,1,On-Time,0,0
ORD-10299,2024-01-12,CUST-1304,Corporate,East,PRD-787,Furniture,ErgoPro Executive Desk,2,450.0,0.0,900.0,660.0,ApexGlobal,1,On-Time,0,0
ORD-10300,2024-01-12,CUST-1219,Corporate,East,PRD-156,Electronics,Apex Gaming Laptop,2,1200.0,0.15,2040.0,1440.0,StandardMail,1,On-Time,0,0
ORD-10301,2024-01-12,CUST-1434,Small Business,West,PRD-080,Office Supplies,Gel Ink Pen Multi-Pack,1,18.0,0.0,18.0,12.0,StandardMail,2,On-Time,0,0
ORD-10302,2024-01-12,CUST-1417,Small Business,West,PRD-367,Office Supplies,HeavyDuty Metal Stapler,2,25.0,0.1,45.0,25.0,StandardMail,1,On-Time,0,0
ORD-10303,2024-01-12,CUST-1185,Small Business,West,PRD-156,Electronics,Apex Gaming Laptop,2,1200.0,0.15,2040.0,1440.0,ExpressLogistics,0,On-Time,0,0
ORD-10304,2024-01-12,CUST-1224,Corporate,West,PRD-367,Office Supplies,HeavyDuty Metal Stapler,3,25.0,0.05,71.25,41.25,ExpressLogistics,0,On-Time,0,0
ORD-10305,2024-01-12,CUST-1477,Consumer,West,PRD-925,Office Supplies,Premium Recycled Paper (Box),3,45.0,0.15,114.75,72.75,,0,On-Time,0,0
ORD-10306,2024-01-13,CUST-1492,Corporate,North,PRD-910,Furniture,LumbarComfort Mesh Chair,1,220.0,0.15,187.0,122.0,,2,On-Time,0,0
ORD-10307,2024-01-13,CUST-1110,Corporate,North,PRD-080,Office Supplies,Gel Ink Pen Multi-Pack,2,18.0,0.0,36.0,24.0,ApexGlobal,0,On-Time,0,0
ORD-10308,2024-01-13,CUST-1378,Consumer,North,PRD-787,Furniture,ErgoPro Executive Desk,1,450.0,0.15,382.5,262.5,ApexGlobal,1,On-Time,0,0
ORD-10309,2024-01-13,CUST-1228,Corporate,North,PRD-080,Office Supplies,Gel Ink Pen Multi-Pack,1,18.0,0.05,17.1,11.1,ApexGlobal,2,On-Time,0,0
ORD-10310,2024-01-13,CUST-1302,Consumer,North,PRD-080,Office Supplies,Gel Ink Pen Multi-Pack,3,18.0,0.05,51.3,33.3,ApexGlobal,1,On-Time,0,0
ORD-10311,2024-01-13,CUST-1269,Corporate,North,PRD-080,Office Supplies,Gel Ink Pen Multi-Pack,2,18.0,0.15,30.6,18.6,SwiftFreight,2,On-Time,0,0
ORD-10312,2024-01-13,CUST-1170,Small Business,South,PRD-367,Office Supplies,HeavyDuty Metal Stapler,1,25.0,0.1,22.5,12.5,StandardMail,1,On-Time,0,0
ORD-10313,2024-01-13,CUST-1283,Small Business,South,PRD-787,Furniture,ErgoPro Executive Desk,1,450.0,0.0,450.0,330.0,StandardMail,0,On-Time,0,0
ORD-10314,2024-01-13,CUST-1119,Small Business,South,PRD-787,Furniture,ErgoPro Executive Desk,3,450.0,0.1,1215.0,855.0,ApexGlobal,2,On-Time,0,0
ORD-10315,2024-01-13,CUST-1444,Consumer,South,PRD-044,Electronics,UltraVision 4K Monitor,2,400.0,0.15,680.0,460.0,SwiftFreight,0,On-Time,0,0
ORD-10316,2024-01-13,CUST-1160,Consumer,South,PRD-506,Electronics,SoundPulse Wireless Headphone,1,150.0,0.0,150.0,100.0,ApexGlobal,1,On-Time,0,0
ORD-10317,2024-01-13,CUST-1275,Consumer,South,PRD-080,Office Supplies,Gel Ink Pen Multi-Pack,1,18.0,0.0,18.0,12.0,ApexGlobal,2,On-Time,1,0
ORD-10318,2024-01-13,CUST-1284,Small Business,South,PRD-025,Electronics,SmartSync Fitness Tracker,1,90.0,0.05,85.5,50.5,SwiftFreight,1,On-Time,0,0
ORD-10319,2024-01-13,CUST-1426,Consumer,South,PRD-080,Office Supplies,Gel Ink Pen Multi-Pack,2,18.0,0.05,34.2,22.2,StandardMail,1,On-Time,0,0
ORD-10320,2024-01-13,CUST-1335,Consumer,East,PRD-910,Furniture,LumbarComfort Mesh Chair,2,220.0,0.05,418.0,288.0,StandardMail,0,On-Time,0,0
ORD-10321,2024-01-13,CUST-1497,Small Business,East,PRD-904,Furniture,Nordic Solid Oak Bookshelf,1,310.0,0.15,263.5,178.5,SwiftFreight,1,On-Time,0,0
ORD-10322,2024-01-13,CUST-1085,Small Business,East,PRD-044,Electronics,UltraVision 4K Monitor,3,400.0,0.15,1020.0,690.0,SwiftFreight,1,On-Time,0,0
ORD-10323,2024-01-13,CUST-1217,Corporate,East,PRD-080,Office Supplies,Gel Ink Pen Multi-Pack,3,18.0,0.15,45.9,27.9,StandardMail,1,On-Time,0,0
ORD-10324,2024-01-13,CUST-1231,Corporate,East,PRD-904,Furniture,Nordic Solid Oak Bookshelf,1,310.0,0.15,263.5,178.5,SwiftFreight,2,On-Time,0,0
ORD-10325,2024-01-13,CUST-1301,Consumer,East,PRD-367,Office Supplies,HeavyDuty Metal Stapler,1,25.0,0.1,22.5,12.5,ExpressLogistics,1,On-Time,0,0
ORD-10326,2024-01-13,CUST-1360,Small Business,East,PRD-910,Furniture,LumbarComfort Mesh Chair,2,220.0,0.0,440.0,310.0,ExpressLogistics,1,On-Time,0,0
ORD-10327,2024-01-13,CUST-1191,Corporate,East,PRD-506,Electronics,SoundPulse Wireless Headphone,2,150.0,0.1,270.0,170.0,StandardMail,2,On-Time,0,0
ORD-10328,2024-01-13,CUST-1076,Small Business,West,PRD-025,Electronics,SmartSync Fitness Tracker,3,90.0,0.0,270.0,165.0,SwiftFreight,1,On-Time,0,0
ORD-10329,2024-01-13,CUST-1380,Corporate,West,PRD-787,Furniture,ErgoPro Executive Desk,2,450.0,0.15,765.0,525.0,ExpressLogistics,2,On-Time,0,0
ORD-10330,2024-01-13,CUST-1488,Corporate,West,PRD-925,Office Supplies,Premium Recycled Paper (Box),3,45.0,0.05,128.25,86.25,StandardMail,0,On-Time,0,0
ORD-10331,2024-01-13,CUST-1343,Consumer,West,PRD-787,Furniture,ErgoPro Executive Desk,2,450.0,0.0,900.0,660.0,ApexGlobal,1,On-Time,0,0
ORD-10332,2024-01-13,CUST-1198,Consumer,West,PRD-080,Office Supplies,Gel Ink Pen Multi-Pack,3,18.0,0.1,48.6,30.6,SwiftFreight,1,On-Time,0,0
ORD-10333,2024-01-14,CUST-1416,Consumer,North,PRD-044,Electronics,UltraVision 4K Monitor,1,400.0,0.15,340.0,230.0,SwiftFreight,0,On-Time,1,0
ORD-10334,2024-01-14,CUST-1455,Small Business,North,PRD-910,Furniture,LumbarComfort Mesh Chair,2,220.0,0.0,440.0,310.0,ExpressLogistics,2,On-Time,0,0
ORD-10335,2024-01-14,CUST-1264,Consumer,North,PRD-787,Furniture,ErgoPro Executive Desk,3,450.0,0.05,1282.5,922.5,StandardMail,1,On-Time,0,0
ORD-10336,2024-01-14,CUST-1220,Consumer,North,PRD-787,Furniture,ErgoPro Executive Desk,2,450.0,0.1,810.0,570.0,ExpressLogistics,1,On-Time,0,0
ORD-10337,2024-01-14,CUST-1303,Consumer,North,PRD-025,Electronics,SmartSync Fitness Tracker,1,90.0,0.15,76.5,41.5,ExpressLogistics,1,On-Time,0,0
ORD-10338,2024-01-14,CUST-1497,Consumer,South,PRD-904,Furniture,Nordic Solid Oak Bookshelf,3,310.0,0.0,930.0,675.0,SwiftFreight,0,On-Time,0,0
ORD-10339,2024-01-14,CUST-1106,Small Business,South,PRD-044,Electronics,UltraVision 4K Monitor,3,400.0,0.15,1020.0,690.0,ExpressLogistics,1,On-Time,0,0
ORD-10340,2024-01-14,CUST-1140,Small Business,South,PRD-787,Furniture,ErgoPro Executive Desk,2,450.0,0.15,765.0,525.0,SwiftFreight,1,On-Time,0,0
ORD-10341,2024-01-14,CUST-1451,Small Business,South,PRD-367,Office Supplies,HeavyDuty Metal Stapler,1,25.0,0.1,22.5,12.5,ExpressLogistics,0,On-Time,0,0
ORD-10342,2024-01-14,CUST-1143,Small Business,South,PRD-080,Office Supplies,Gel Ink Pen Multi-Pack,2,18.0,0.0,36.0,24.0,StandardMail,0,On-Time,0,0
ORD-10343,2024-01-14,CUST-1432,Corporate,South,PRD-025,Electronics,SmartSync Fitness Tracker,1,90.0,0.1,81.0,46.0,ApexGlobal,0,On-Time,0,0
ORD-10344,2024-01-14,CUST-1038,Small Business,East,PRD-044,Electronics,UltraVision 4K Monitor,1,400.0,0.0,400.0,290.0,ApexGlobal,1,On-Time,0,0
ORD-10345,2024-01-14,CUST-1240,Consumer,East,PRD-080,Office Supplies,Gel Ink Pen Multi-Pack,2,18.0,0.0,36.0,24.0,ApexGlobal,0,On-Time,0,0
ORD-10346,2024-01-14,CUST-1172,Consumer,East,PRD-044,Electronics,UltraVision 4K Monitor,2,400.0,0.1,0.0,-44.0,SwiftFreight,1,Cancelled,0,1
ORD-10347,2024-01-14,CUST-1405,Small Business,East,PRD-904,Furniture,Nordic Solid Oak Bookshelf,2,310.0,0.15,527.0,357.0,SwiftFreight,3,Normal,0,0
ORD-10348,2024-01-14,CUST-1471,Consumer,East,PRD-025,Electronics,SmartSync Fitness Tracker,2,90.0,0.0,180.0,110.0,ApexGlobal,1,On-Time,0,0
ORD-10349,2024-01-14,CUST-1151,Consumer,East,PRD-506,Electronics,SoundPulse Wireless Headphone,1,150.0,0.0,150.0,100.0,ApexGlobal,2,On-Time,0,0
ORD-10350,2024-01-14,CUST-1166,Corporate,West,PRD-925,Office Supplies,Premium Recycled Paper (Box),2,45.0,0.15,76.5,48.5,ApexGlobal,1,On-Time,0,0
ORD-10351,2024-01-14,CUST-1457,Consumer,West,PRD-367,Office Supplies,HeavyDuty Metal Stapler,1,25.0,0.1,22.5,12.5,ApexGlobal,0,On-Time,0,0
ORD-10352,2024-01-14,CUST-1160,Consumer,West,PRD-925,Office Supplies,Premium Recycled Paper (Box),3,45.0,0.1,121.5,79.5,ExpressLogistics,1,On-Time,0,0
ORD-10353,2024-01-14,CUST-1292,Corporate,West,PRD-910,Furniture,LumbarComfort Mesh Chair,3,220.0,0.15,561.0,366.0,StandardMail,1,On-Time,0,0
ORD-10354,2024-01-14,CUST-1076,Corporate,West,PRD-025,Electronics,SmartSync Fitness Tracker,1,90.0,0.15,76.5,41.5,ApexGlobal,1,On-Time,0,0
ORD-10355,2024-01-14,CUST-1319,Small Business,West,PRD-787,Furniture,ErgoPro Executive Desk,3,450.0,0.15,1147.5,787.5,ExpressLogistics,2,On-Time,0,0
ORD-10356,2024-01-14,CUST-1424,Corporate,West,PRD-367,Office Supplies,HeavyDuty Metal Stapler,1,25.0,0.1,22.5,12.5,ApexGlobal,2,On-Time,1,0
ORD-10357,2024-01-14,CUST-1301,Consumer,West,PRD-044,Electronics,UltraVision 4K Monitor,3,400.0,0.1,1080.0,750.0,ApexGlobal,0,On-Time,0,0
ORD-10358,2024-01-15,CUST-1231,Corporate,North,PRD-080,Office Supplies,Gel Ink Pen Multi-Pack,1,18.0,0.15,15.3,9.3,SwiftFreight,2,On-Time,0,0
ORD-10359,2024-01-15,CUST-1135,Small Business,North,PRD-910,Furniture,LumbarComfort Mesh Chair,1,220.0,0.15,187.0,122.0,ExpressLogistics,1,On-Time,0,0
ORD-10360,2024-01-15,CUST-1129,Small Business,North,PRD-904,Furniture,Nordic Solid Oak Bookshelf,1,310.0,0.15,263.5,178.5,ApexGlobal,0,On-Time,0,0
ORD-10361,2024-01-15,CUST-1263,Small Business,North,PRD-156,Electronics,Apex Gaming Laptop,2,1200.0,0.15,2040.0,1440.0,ApexGlobal,2,On-Time,0,0
ORD-10362,2024-01-15,CUST-1341,Small Business,North,PRD-080,Office Supplies,Gel Ink Pen Multi-Pack,2,18.0,0.05,34.2,22.2,ExpressLogistics,2,On-Time,0,0
ORD-10363,2024-01-15,CUST-1101,Consumer,North,PRD-080,Office Supplies,Gel Ink Pen Multi-Pack,1,18.0,0.15,15.3,9.3,ExpressLogistics,1,On-Time,0,0
ORD-10364,2024-01-15,CUST-1441,Consumer,North,PRD-506,Electronics,SoundPulse Wireless Headphone,1,150.0,0.1,135.0,85.0,ApexGlobal,1,On-Time,0,0
ORD-10365,2024-01-15,CUST-1310,Corporate,North,PRD-367,Office Supplies,HeavyDuty Metal Stapler,2,25.0,0.05,47.5,27.5,StandardMail,1,On-Time,0,0
ORD-10366,2024-01-15,CUST-1135,Corporate,South,PRD-910,Furniture,LumbarComfort Mesh Chair,3,220.0,0.0,660.0,465.0,SwiftFreight,0,On-Time,0,0
ORD-10367,2024-01-15,CUST-1347,Small Business,South,PRD-910,Furniture,LumbarComfort Mesh Chair,3,220.0,0.1,594.0,399.0,ApexGlobal,1,On-Time,0,0
ORD-10368,2024-01-15,CUST-1453,Consumer,South,PRD-156,Electronics,Apex Gaming Laptop,2,1200.0,0.05,2280.0,1680.0,StandardMail,2,On-Time,0,0
ORD-10369,2024-01-15,CUST-1160,Small Business,South,PRD-904,Furniture,Nordic Solid Oak Bookshelf,1,310.0,0.0,310.0,225.0,ApexGlobal,1,On-Time,0,0
ORD-10370,2024-01-15,CUST-1480,Corporate,South,PRD-925,Office Supplies,Premium Recycled Paper (Box),3,45.0,0.05,128.25,86.25,ApexGlobal,1,On-Time,0,0
ORD-10371,2024-01-15,CUST-1340,Small Business,South,PRD-787,Furniture,ErgoPro Executive Desk,2,450.0,0.0,900.0,660.0,SwiftFreight,1,On-Time,0,0
ORD-10372,2024-01-15,CUST-1406,Consumer,South,PRD-787,Furniture,ErgoPro Executive Desk,2,450.0,0.15,765.0,525.0,ExpressLogistics,1,On-Time,0,0
ORD-10373,2024-01-15,CUST-1418,Small Business,South,PRD-904,Furniture,Nordic Solid Oak Bookshelf,2,310.0,0.1,558.0,388.0,ExpressLogistics,1,On-Time,0,0
ORD-10374,2024-01-15,CUST-1048,Small Business,East,PRD-925,Office Supplies,Premium Recycled Paper (Box),2,45.0,0.1,81.0,53.0,SwiftFreight,1,On-Time,0,0
ORD-10375,2024-01-15,CUST-1157,Small Business,East,PRD-080,Office Supplies,Gel Ink Pen Multi-Pack,2,18.0,0.05,34.2,22.2,ApexGlobal,1,On-Time,0,0
ORD-10376,2024-01-15,CUST-1072,Small Business,East,PRD-156,Electronics,Apex Gaming Laptop,3,1200.0,0.05,3420.0,2520.0,SwiftFreight,1,On-Time,0,0
ORD-10377,2024-01-15,CUST-1129,Consumer,East,PRD-787,Furniture,ErgoPro Executive Desk,3,450.0,0.1,1215.0,855.0,ApexGlobal,1,On-Time,0,0
ORD-10378,2024-01-15,CUST-1280,Corporate,East,PRD-367,Office Supplies,HeavyDuty Metal Stapler,1,25.0,0.0,25.0,15.0,ExpressLogistics,1,On-Time,0,0
ORD-10379,2024-01-15,CUST-1269,Corporate,East,PRD-904,Furniture,Nordic Solid Oak Bookshelf,1,310.0,0.15,263.5,178.5,StandardMail,2,On-Time,0,0
ORD-10380,2024-01-15,CUST-1424,Corporate,East,PRD-367,Office Supplies,HeavyDuty Metal Stapler,2,25.0,0.05,47.5,27.5,ApexGlobal,1,On-Time,0,0
ORD-10381,2024-01-15,CUST-1404,Small Business,West,PRD-025,Electronics,SmartSync Fitness Tracker,2,90.0,0.15,153.0,83.0,ApexGlobal,0,On-Time,0,0
ORD-10382,2024-01-15,CUST-1127,Consumer,West,PRD-080,Office Supplies,Gel Ink Pen Multi-Pack,1,18.0,0.05,17.1,11.1,SwiftFreight,1,On-Time,0,0
ORD-10383,2024-01-15,CUST-1476,Corporate,West,PRD-367,Office Supplies,HeavyDuty Metal Stapler,3,25.0,0.0,75.0,45.0,SwiftFreight,0,On-Time,0,0
ORD-10384,2024-01-15,CUST-1466,Corporate,West,PRD-506,Electronics,SoundPulse Wireless Headphone,3,150.0,0.1,405.0,255.0,SwiftFreight,1,On-Time,0,0
ORD-10385,2024-01-15,CUST-1265,Corporate,West,PRD-925,Office Supplies,Premium Recycled Paper (Box),1,45.0,0.0,45.0,31.0,,1,On-Time,0,0
ORD-10386,2024-01-15,CUST-1098,Consumer,West,PRD-080,Office Supplies,Gel Ink Pen Multi-Pack,1,18.0,0.1,16.2,10.2,SwiftFreight,1,On-Time,0,0
ORD-10387,2024-01-15,CUST-1370,Small Business,West,PRD-904,Furniture,Nordic Solid Oak Bookshelf,3,310.0,0.0,930.0,675.0,SwiftFreight,1,On-Time,0,0
ORD-10388,2024-01-15,CUST-1272,Small Business,West,PRD-367,Office Supplies,HeavyDuty Metal Stapler,1,25.0,0.05,23.75,13.75,ApexGlobal,1,On-Time,0,0
ORD-10389,2024-01-16,CUST-1419,Small Business,North,PRD-156,Electronics,Apex Gaming Laptop,2,1200.0,0.0,2400.0,1800.0,ExpressLogistics,0,On-Time,0,0
ORD-10390,2024-01-16,CUST-1482,Small Business,North,PRD-925,Office Supplies,Premium Recycled Paper (Box),3,45.0,0.05,128.25,86.25,StandardMail,1,On-Time,0,0
ORD-10391,2024-01-16,CUST-1454,Small Business,North,PRD-367,Office Supplies,HeavyDuty Metal Stapler,1,25.0,0.15,21.25,11.25,ApexGlobal,1,On-Time,0,0
ORD-10392,2024-01-16,CUST-1404,Small Business,North,PRD-910,Furniture,LumbarComfort Mesh Chair,2,220.0,0.05,418.0,288.0,StandardMail,1,On-Time,0,0
ORD-10393,2024-01-16,CUST-1470,Corporate,North,PRD-787,Furniture,ErgoPro Executive Desk,2,450.0,0.0,900.0,660.0,SwiftFreight,1,On-Time,0,0
ORD-10394,2024-01-16,CUST-1492,Corporate,North,PRD-910,Furniture,LumbarComfort Mesh Chair,1,220.0,0.15,187.0,122.0,SwiftFreight,0,On-Time,0,0
ORD-10395,2024-01-16,CUST-1159,Corporate,North,PRD-367,Office Supplies,HeavyDuty Metal Stapler,1,25.0,0.1,22.5,12.5,ApexGlobal,1,On-Time,0,0
ORD-10396,2024-01-16,CUST-1182,Small Business,North,PRD-910,Furniture,LumbarComfort Mesh Chair,1,220.0,0.05,209.0,144.0,ApexGlobal,0,On-Time,0,0
ORD-10397,2024-01-16,CUST-1111,Small Business,South,PRD-367,Office Supplies,HeavyDuty Metal Stapler,2,25.0,0.1,45.0,25.0,SwiftFreight,0,On-Time,0,0
ORD-10398,2024-01-16,CUST-1020,Corporate,South,PRD-044,Electronics,UltraVision 4K Monitor,2,400.0,0.15,680.0,460.0,SwiftFreight,1,On-Time,0,0
ORD-10399,2024-01-16,CUST-1016,Consumer,South,PRD-156,Electronics,Apex Gaming Laptop,1,1200.0,0.1,1080.0,780.0,StandardMail,1,On-Time,0,0
ORD-10400,2024-01-16,CUST-1231,Small Business,South,PRD-787,Furniture,ErgoPro Executive Desk,1,450.0,0.05,427.5,307.5,ApexGlobal,1,On-Time,0,0
ORD-10401,2024-01-16,CUST-1263,Small Business,South,PRD-925,Office Supplies,Premium Recycled Paper (Box),3,45.0,0.05,128.25,86.25,SwiftFreight,0,On-Time,0,0
ORD-10402,2024-01-16,CUST-1172,Corporate,South,PRD-925,Office Supplies,Premium Recycled Paper (Box),3,45.0,0.15,114.75,72.75,ApexGlobal,1,On-Time,0,0
ORD-10403,2024-01-16,CUST-1086,Corporate,South,PRD-156,Electronics,Apex Gaming Laptop,1,1200.0,0.15,1020.0,720.0,StandardMail,2,On-Time,0,0
ORD-10404,2024-01-16,CUST-1016,Consumer,South,PRD-044,Electronics,UltraVision 4K Monitor,1,400.0,0.0,400.0,290.0,ExpressLogistics,2,On-Time,0,0
ORD-10405,2024-01-16,CUST-1365,Corporate,East,PRD-904,Furniture,Nordic Solid Oak Bookshelf,3,310.0,0.15,790.5,535.5,ApexGlobal,1,On-Time,0,0
ORD-10406,2024-01-16,CUST-1351,Small Business,East,PRD-156,Electronics,Apex Gaming Laptop,2,1200.0,0.15,2040.0,1440.0,SwiftFreight,2,On-Time,1,0
ORD-10407,2024-01-16,CUST-1219,Corporate,East,PRD-925,Office Supplies,Premium Recycled Paper (Box),1,45.0,0.15,38.25,24.25,ApexGlobal,2,On-Time,0,0
ORD-10408,2024-01-16,CUST-1433,Consumer,East,PRD-787,Furniture,ErgoPro Executive Desk,3,450.0,0.05,1282.5,922.5,ApexGlobal,0,On-Time,0,0
ORD-10409,2024-01-16,CUST-1077,Small Business,East,PRD-787,Furniture,ErgoPro Executive Desk,1,450.0,0.15,382.5,262.5,StandardMail,1,On-Time,0,0
ORD-10410,2024-01-16,CUST-1148,Small Business,East,PRD-904,Furniture,Nordic Solid Oak Bookshelf,3,310.0,0.0,930.0,675.0,SwiftFreight,3,Normal,0,0
ORD-10411,2024-01-16,CUST-1180,Consumer,East,PRD-910,Furniture,LumbarComfort Mesh Chair,3,220.0,0.1,594.0,399.0,ApexGlobal,3,Normal,0,0
ORD-10412,2024-01-16,CUST-1423,Consumer,West,PRD-025,Electronics,SmartSync Fitness Tracker,2,90.0,0.0,180.0,110.0,ExpressLogistics,1,On-Time,0,0
ORD-10413,2024-01-16,CUST-1314,Consumer,West,PRD-044,Electronics,UltraVision 4K Monitor,2,400.0,0.15,680.0,460.0,StandardMail,2,On-Time,0,0
ORD-10414,2024-01-16,CUST-1212,Consumer,West,PRD-080,Office Supplies,Gel Ink Pen Multi-Pack,3,18.0,0.05,51.3,33.3,ApexGlobal,0,On-Time,0,0
ORD-10415,2024-01-16,CUST-1482,Small Business,West,PRD-787,Furniture,ErgoPro Executive Desk,2,450.0,0.15,765.0,525.0,ApexGlobal,1,On-Time,0,0
ORD-10416,2024-01-16,CUST-1017,Small Business,West,PRD-904,Furniture,Nordic Solid Oak Bookshelf,1,310.0,0.15,263.5,178.5,ApexGlobal,1,On-Time,0,0
ORD-10417,2024-01-17,CUST-1301,Corporate,North,PRD-044,Electronics,UltraVision 4K Monitor,2,400.0,0.1,720.0,500.0,ExpressLogistics,1,On-Time,0,0
ORD-10418,2024-01-17,CUST-1234,Corporate,North,PRD-925,Office Supplies,Premium Recycled Paper (Box),1,45.0,0.0,45.0,31.0,StandardMail,2,On-Time,0,0
ORD-10419,2024-01-17,CUST-1465,Corporate,North,PRD-080,Office Supplies,Gel Ink Pen Multi-Pack,2,18.0,0.05,34.2,22.2,ExpressLogistics,1,On-Time,0,0
ORD-10420,2024-01-17,CUST-1498,Small Business,North,PRD-787,Furniture,ErgoPro Executive Desk,3,450.0,0.15,1147.5,787.5,SwiftFreight,1,On-Time,0,0
ORD-10421,2024-01-17,CUST-1170,Small Business,North,PRD-156,Electronics,Apex Gaming Laptop,1,1200.0,0.0,1200.0,900.0,SwiftFreight,1,On-Time,0,0
ORD-10422,2024-01-17,CUST-1412,Consumer,North,PRD-910,Furniture,LumbarComfort Mesh Chair,2,220.0,0.15,374.0,244.0,SwiftFreight,3,Normal,0,0
ORD-10423,2024-01-17,CUST-1127,Corporate,North,PRD-367,Office Supplies,HeavyDuty Metal Stapler,1,25.0,0.15,21.25,11.25,StandardMail,1,On-Time,1,0
ORD-10424,2024-01-17,CUST-1260,Small Business,North,PRD-367,Office Supplies,HeavyDuty Metal Stapler,3,25.0,0.05,71.25,41.25,SwiftFreight,0,On-Time,0,0
ORD-10425,2024-01-17,CUST-1319,Small Business,South,PRD-904,Furniture,Nordic Solid Oak Bookshelf,2,310.0,0.15,527.0,357.0,StandardMail,0,On-Time,0,0
ORD-10426,2024-01-17,CUST-1218,Corporate,South,PRD-025,Electronics,SmartSync Fitness Tracker,3,90.0,0.1,243.0,138.0,ApexGlobal,2,On-Time,0,0
ORD-10427,2024-01-17,CUST-1392,Small Business,South,PRD-080,Office Supplies,Gel Ink Pen Multi-Pack,2,18.0,0.1,0.0,-2.4,StandardMail,1,Cancelled,0,1
ORD-10428,2024-01-17,CUST-1120,Consumer,South,PRD-044,Electronics,UltraVision 4K Monitor,2,400.0,0.1,720.0,500.0,SwiftFreight,1,On-Time,0,0
ORD-10429,2024-01-17,CUST-1399,Corporate,South,PRD-904,Furniture,Nordic Solid Oak Bookshelf,3,310.0,0.05,883.5,628.5,StandardMail,1,On-Time,0,0
ORD-10430,2024-01-17,CUST-1110,Corporate,South,PRD-910,Furniture,LumbarComfort Mesh Chair,1,220.0,0.1,198.0,133.0,ApexGlobal,2,On-Time,0,0
ORD-10431,2024-01-17,CUST-1226,Consumer,South,PRD-080,Office Supplies,Gel Ink Pen Multi-Pack,2,18.0,0.15,0.0,-2.4,StandardMail,0,Cancelled,0,1
ORD-10432,2024-01-17,CUST-1037,Corporate,South,PRD-044,Electronics,UltraVision 4K Monitor,2,400.0,0.0,800.0,580.0,ApexGlobal,0,On-Time,0,0
ORD-10433,2024-01-17,CUST-1272,Small Business,East,PRD-044,Electronics,UltraVision 4K Monitor,3,400.0,0.15,1020.0,690.0,ApexGlobal,1,On-Time,0,0
ORD-10434,2024-01-17,CUST-1185,Small Business,East,PRD-787,Furniture,ErgoPro Executive Desk,3,450.0,0.05,1282.5,922.5,ApexGlobal,2,On-Time,0,0
ORD-10435,2024-01-17,CUST-1023,Small Business,East,PRD-925,Office Supplies,Premium Recycled Paper (Box),2,45.0,0.05,85.5,57.5,ExpressLogistics,2,On-Time,1,0
ORD-10436,2024-01-17,CUST-1318,Small Business,East,PRD-080,Office Supplies,Gel Ink Pen Multi-Pack,2,18.0,0.05,34.2,22.2,SwiftFreight,2,On-Time,0,0
ORD-10437,2024-01-17,CUST-1075,Consumer,East,PRD-080,Office Supplies,Gel Ink Pen Multi-Pack,2,18.0,0.05,34.2,22.2,SwiftFreight,1,On-Time,0,0
ORD-10438,2024-01-17,CUST-1112,Consumer,East,PRD-025,Electronics,SmartSync Fitness Tracker,3,90.0,0.1,243.0,138.0,StandardMail,2,On-Time,0,0
ORD-10439,2024-01-17,CUST-1112,Consumer,East,PRD-367,Office Supplies,HeavyDuty Metal Stapler,3,25.0,0.0,75.0,45.0,SwiftFreight,1,On-Time,0,0
ORD-10440,2024-01-17,CUST-1160,Corporate,East,PRD-925,Office Supplies,Premium Recycled Paper (Box),1,45.0,0.15,38.25,24.25,SwiftFreight,1,On-Time,0,0
ORD-10441,2024-01-17,CUST-1474,Corporate,West,PRD-910,Furniture,LumbarComfort Mesh Chair,3,220.0,0.0,660.0,465.0,ExpressLogistics,2,On-Time,0,0
ORD-10442,2024-01-17,CUST-1399,Small Business,West,PRD-367,Office Supplies,HeavyDuty Metal Stapler,1,25.0,0.0,25.0,15.0,SwiftFreight,1,On-Time,0,0
ORD-10443,2024-01-17,CUST-1049,Corporate,West,PRD-156,Electronics,Apex Gaming Laptop,3,1200.0,0.15,3060.0,2160.0,StandardMail,1,On-Time,0,0
ORD-10444,2024-01-17,CUST-1244,Consumer,West,PRD-925,Office Supplies,Premium Recycled Paper (Box),3,45.0,0.0,135.0,93.0,ExpressLogistics,2,On-Time,0,0
ORD-10445,2024-01-17,CUST-1498,Corporate,West,PRD-080,Office Supplies,Gel Ink Pen Multi-Pack,1,18.0,0.0,18.0,12.0,ApexGlobal,1,On-Time,0,0
ORD-10446,2024-01-17,CUST-1260,Corporate,West,PRD-904,Furniture,Nordic Solid Oak Bookshelf,2,310.0,0.15,527.0,357.0,SwiftFreight,1,On-Time,0,0
ORD-10447,2024-01-17,CUST-1294,Small Business,West,PRD-910,Furniture,LumbarComfort Mesh Chair,2,220.0,0.05,418.0,288.0,ExpressLogistics,1,On-Time,1,0
ORD-10448,2024-01-18,CUST-1315,Corporate,North,PRD-025,Electronics,SmartSync Fitness Tracker,1,90.0,0.1,81.0,46.0,SwiftFreight,1,On-Time,0,0
ORD-10449,2024-01-18,CUST-1035,Consumer,North,PRD-925,Office Supplies,Premium Recycled Paper (Box),1,45.0,0.1,40.5,26.5,SwiftFreight,0,On-Time,0,0
ORD-10450,2024-01-18,CUST-1119,Consumer,North,PRD-080,Office Supplies,Gel Ink Pen Multi-Pack,2,18.0,0.15,30.6,18.6,StandardMail,0,On-Time,0,0
ORD-10451,2024-01-18,CUST-1105,Small Business,North,PRD-787,Furniture,ErgoPro Executive Desk,1,450.0,0.15,382.5,262.5,ExpressLogistics,1,On-Time,0,0
ORD-10452,2024-01-18,CUST-1440,Consumer,North,PRD-025,Electronics,SmartSync Fitness Tracker,1,90.0,0.1,81.0,46.0,SwiftFreight,1,On-Time,0,0
ORD-10453,2024-01-18,CUST-1006,Consumer,North,PRD-910,Furniture,LumbarComfort Mesh Chair,2,220.0,0.05,418.0,288.0,StandardMail,1,On-Time,0,0
ORD-10454,2024-01-18,CUST-1153,Corporate,South,PRD-910,Furniture,LumbarComfort Mesh Chair,2,220.0,0.0,440.0,310.0,ApexGlobal,1,On-Time,0,0
ORD-10455,2024-01-18,CUST-1081,Small Business,South,PRD-904,Furniture,Nordic Solid Oak Bookshelf,1,310.0,0.05,294.5,209.5,ExpressLogistics,0,On-Time,0,0
ORD-10456,2024-01-18,CUST-1344,Small Business,South,PRD-025,Electronics,SmartSync Fitness Tracker,1,90.0,0.1,81.0,46.0,SwiftFreight,1,On-Time,0,0
ORD-10457,2024-01-18,CUST-1424,Corporate,South,PRD-080,Office Supplies,Gel Ink Pen Multi-Pack,1,18.0,0.1,16.2,10.2,ExpressLogistics,1,On-Time,0,0
ORD-10458,2024-01-18,CUST-1288,Small Business,South,PRD-910,Furniture,LumbarComfort Mesh Chair,1,220.0,0.05,209.0,144.0,SwiftFreight,1,On-Time,0,0
ORD-10459,2024-01-18,CUST-1027,Consumer,South,PRD-787,Furniture,ErgoPro Executive Desk,2,450.0,0.15,765.0,525.0,ApexGlobal,2,On-Time,0,0
ORD-10460,2024-01-18,CUST-1197,Corporate,East,PRD-080,Office Supplies,Gel Ink Pen Multi-Pack,2,18.0,0.15,30.6,18.6,SwiftFreight,1,On-Time,0,0
ORD-10461,2024-01-18,CUST-1001,Consumer,East,PRD-080,Office Supplies,Gel Ink Pen Multi-Pack,2,18.0,0.0,36.0,24.0,StandardMail,1,On-Time,0,0
ORD-10462,2024-01-18,CUST-1124,Small Business,East,PRD-925,Office Supplies,Premium Recycled Paper (Box),3,45.0,0.0,135.0,93.0,ExpressLogistics,2,On-Time,0,0
ORD-10463,2024-01-18,CUST-1423,Consumer,East,PRD-080,Office Supplies,Gel Ink Pen Multi-Pack,2,18.0,0.05,34.2,22.2,SwiftFreight,1,On-Time,0,0
ORD-10464,2024-01-18,CUST-1447,Consumer,East,PRD-904,Furniture,Nordic Solid Oak Bookshelf,3,310.0,0.15,790.5,535.5,ExpressLogistics,2,On-Time,0,0
ORD-10465,2024-01-18,CUST-1067,Small Business,East,PRD-025,Electronics,SmartSync Fitness Tracker,2,90.0,0.0,180.0,110.0,StandardMail,1,On-Time,0,0
ORD-10466,2024-01-18,CUST-1488,Consumer,West,PRD-787,Furniture,ErgoPro Executive Desk,2,450.0,0.15,765.0,525.0,StandardMail,0,On-Time,0,0
ORD-10467,2024-01-18,CUST-1065,Small Business,West,PRD-025,Electronics,SmartSync Fitness Tracker,1,90.0,0.1,81.0,46.0,ExpressLogistics,1,On-Time,0,0
ORD-10468,2024-01-18,CUST-1226,Corporate,West,PRD-787,Furniture,ErgoPro Executive Desk,2,450.0,0.05,855.0,615.0,ExpressLogistics,1,On-Time,0,0
ORD-10469,2024-01-18,CUST-1378,Consumer,West,PRD-910,Furniture,LumbarComfort Mesh Chair,2,220.0,0.0,440.0,310.0,ExpressLogistics,1,On-Time,0,0
ORD-10470,2024-01-18,CUST-1007,Consumer,West,PRD-787,Furniture,ErgoPro Executive Desk,1,450.0,0.1,405.0,285.0,StandardMail,0,On-Time,0,0
ORD-10471,2024-01-19,CUST-1392,Consumer,North,PRD-025,Electronics,SmartSync Fitness Tracker,3,90.0,0.1,243.0,138.0,StandardMail,0,On-Time,0,0
ORD-10472,2024-01-19,CUST-1335,Corporate,North,PRD-910,Furniture,LumbarComfort Mesh Chair,3,220.0,0.0,660.0,465.0,SwiftFreight,2,On-Time,0,0
ORD-10473,2024-01-19,CUST-1362,Small Business,North,PRD-787,Furniture,ErgoPro Executive Desk,2,450.0,0.05,855.0,615.0,StandardMail,1,On-Time,0,0
ORD-10474,2024-01-19,CUST-1379,Small Business,North,PRD-506,Electronics,SoundPulse Wireless Headphone,3,150.0,0.0,450.0,300.0,ExpressLogistics,1,On-Time,0,0
ORD-10475,2024-01-19,CUST-1365,Corporate,North,PRD-904,Furniture,Nordic Solid Oak Bookshelf,2,310.0,0.15,527.0,357.0,StandardMail,0,On-Time,0,0
ORD-10476,2024-01-19,CUST-1020,Consumer,North,PRD-025,Electronics,SmartSync Fitness Tracker,2,90.0,0.1,162.0,92.0,SwiftFreight,2,On-Time,0,0
ORD-10477,2024-01-19,CUST-1101,Corporate,North,PRD-156,Electronics,Apex Gaming Laptop,2,1200.0,0.0,2400.0,1800.0,StandardMail,0,On-Time,1,0
ORD-10478,2024-01-19,CUST-1195,Small Business,South,PRD-506,Electronics,SoundPulse Wireless Headphone,1,150.0,0.05,142.5,92.5,ExpressLogistics,1,On-Time,0,0
ORD-10479,2024-01-19,CUST-1132,Consumer,South,PRD-367,Office Supplies,HeavyDuty Metal Stapler,3,25.0,0.15,63.75,33.75,ExpressLogistics,1,On-Time,0,0
ORD-10480,2024-01-19,CUST-1210,Consumer,South,PRD-367,Office Supplies,HeavyDuty Metal Stapler,1,25.0,0.15,21.25,11.25,StandardMail,1,On-Time,0,0
ORD-10481,2024-01-19,CUST-1363,Consumer,South,PRD-367,Office Supplies,HeavyDuty Metal Stapler,1,25.0,0.0,25.0,15.0,SwiftFreight,1,On-Time,0,0
ORD-10482,2024-01-19,CUST-1473,Small Business,South,PRD-787,Furniture,ErgoPro Executive Desk,1,450.0,0.1,405.0,285.0,ApexGlobal,0,On-Time,0,0
ORD-10483,2024-01-19,CUST-1468,Consumer,East,PRD-787,Furniture,ErgoPro Executive Desk,3,450.0,0.05,1282.5,922.5,StandardMail,1,On-Time,0,0
ORD-10484,2024-01-19,CUST-1440,Corporate,East,PRD-787,Furniture,ErgoPro Executive Desk,3,450.0,0.05,1282.5,922.5,StandardMail,0,On-Time,0,0
ORD-10485,2024-01-19,CUST-1324,Small Business,East,PRD-787,Furniture,ErgoPro Executive Desk,3,450.0,0.1,1215.0,855.0,StandardMail,1,On-Time,0,0
ORD-10486,2024-01-19,CUST-1417,Small Business,East,PRD-904,Furniture,Nordic Solid Oak Bookshelf,2,310.0,0.15,0.0,-34.0,StandardMail,1,Cancelled,0,1
ORD-10487,2024-01-19,CUST-1046,Consumer,East,PRD-910,Furniture,LumbarComfort Mesh Chair,3,220.0,0.05,627.0,432.0,StandardMail,1,On-Time,0,0
ORD-10488,2024-01-19,CUST-1190,Consumer,West,PRD-044,Electronics,UltraVision 4K Monitor,3,400.0,0.05,1140.0,810.0,StandardMail,0,On-Time,0,0
ORD-10489,2024-01-19,CUST-1293,Consumer,West,PRD-925,Office Supplies,Premium Recycled Paper (Box),3,45.0,0.15,114.75,72.75,SwiftFreight,2,On-Time,0,0
ORD-10490,2024-01-19,CUST-1038,Corporate,West,PRD-044,Electronics,UltraVision 4K Monitor,1,400.0,0.05,380.0,270.0,ApexGlobal,0,On-Time,0,0
ORD-10491,2024-01-19,CUST-1209,Small Business,West,PRD-025,Electronics,SmartSync Fitness Tracker,3,90.0,0.1,243.0,138.0,ExpressLogistics,1,On-Time,0,0
ORD-10492,2024-01-19,CUST-1375,Small Business,West,PRD-367,Office Supplies,HeavyDuty Metal Stapler,2,25.0,0.0,50.0,30.0,ApexGlobal,1,On-Time,0,0
ORD-10493,2024-01-19,CUST-1327,Corporate,West,PRD-080,Office Supplies,Gel Ink Pen Multi-Pack,2,18.0,0.0,36.0,24.0,ExpressLogistics,1,On-Time,0,0
ORD-10494,2024-01-19,CUST-1280,Consumer,West,PRD-080,Office Supplies,Gel Ink Pen Multi-Pack,2,18.0,0.05,34.2,22.2,StandardMail,1,On-Time,0,0
ORD-10495,2024-01-19,CUST-1431,Consumer,West,PRD-910,Furniture,LumbarComfort Mesh Chair,1,220.0,0.0,220.0,155.0,SwiftFreight,1,On-Time,0,0
ORD-10496,2024-01-20,CUST-1172,Consumer,North,PRD-367,Office Supplies,HeavyDuty Metal Stapler,3,25.0,0.15,63.75,33.75,SwiftFreight,1,On-Time,0,0
ORD-10497,2024-01-20,CUST-1123,Small Business,North,PRD-080,Office Supplies,Gel Ink Pen Multi-Pack,3,18.0,0.05,51.3,33.3,StandardMail,3,Normal,0,0
ORD-10498,2024-01-20,CUST-1436,Consumer,North,PRD-925,Office Supplies,Premium Recycled Paper (Box),1,45.0,0.1,40.5,26.5,StandardMail,1,On-Time,0,0
ORD-10499,2024-01-20,CUST-1264,Corporate,North,PRD-080,Office Supplies,Gel Ink Pen Multi-Pack,1,18.0,0.1,16.2,10.2,ApexGlobal,0,On-Time,0,0
ORD-10500,2024-01-20,CUST-1442,Corporate,North,PRD-904,Furniture,Nordic Solid Oak Bookshelf,2,310.0,0.15,527.0,357.0,StandardMail,1,On-Time,0,0
ORD-10501,2024-01-20,CUST-1067,Consumer,North,PRD-925,Office Supplies,Premium Recycled Paper (Box),2,45.0,0.1,81.0,53.0,SwiftFreight,2,On-Time,0,0
ORD-10502,2024-01-20,CUST-1182,Corporate,North,PRD-910,Furniture,LumbarComfort Mesh Chair,1,220.0,0.0,220.0,155.0,,2,On-Time,0,0
ORD-10503,2024-01-20,CUST-1267,Small Business,North,PRD-156,Electronics,Apex Gaming Laptop,3,1200.0,0.1,3240.0,2340.0,StandardMail,2,On-Time,0,0
ORD-10504,2024-01-20,CUST-1275,Corporate,South,PRD-506,Electronics,SoundPulse Wireless Headphone,1,150.0,0.1,135.0,85.0,SwiftFreight,1,On-Time,0,0
ORD-10505,2024-01-20,CUST-1200,Corporate,South,PRD-367,Office Supplies,HeavyDuty Metal Stapler,1,25.0,0.15,21.25,11.25,ApexGlobal,0,On-Time,0,0
ORD-10506,2024-01-20,CUST-1405,Corporate,South,PRD-904,Furniture,Nordic Solid Oak Bookshelf,1,310.0,0.15,263.5,178.5,StandardMail,1,On-Time,0,0
ORD-10507,2024-01-20,CUST-1156,Consumer,South,PRD-925,Office Supplies,Premium Recycled Paper (Box),3,45.0,0.05,128.25,86.25,SwiftFreight,1,On-Time,0,0
ORD-10508,2024-01-20,CUST-1428,Small Business,South,PRD-925,Office Supplies,Premium Recycled Paper (Box),3,45.0,0.05,128.25,86.25,ExpressLogistics,0,On-Time,0,0
ORD-10509,2024-01-20,CUST-1161,Small Business,South,PRD-156,Electronics,Apex Gaming Laptop,3,1200.0,0.0,3600.0,2700.0,ExpressLogistics,1,On-Time,0,0
ORD-10510,2024-01-20,CUST-1152,Corporate,South,PRD-506,Electronics,SoundPulse Wireless Headphone,2,150.0,0.0,300.0,200.0,SwiftFreight,2,On-Time,0,0
ORD-10511,2024-01-20,CUST-1217,Consumer,South,PRD-025,Electronics,SmartSync Fitness Tracker,3,90.0,0.1,243.0,138.0,ExpressLogistics,1,On-Time,0,0
ORD-10512,2024-01-20,CUST-1354,,East,PRD-080,Office Supplies,Gel Ink Pen Multi-Pack,2,18.0,0.15,30.6,18.6,StandardMail,1,On-Time,0,0
ORD-10513,2024-01-20,CUST-1311,Consumer,East,PRD-025,Electronics,SmartSync Fitness Tracker,1,90.0,0.0,90.0,55.0,ExpressLogistics,1,On-Time,1,0
ORD-10514,2024-01-20,CUST-1042,Small Business,East,PRD-925,Office Supplies,Premium Recycled Paper (Box),1,45.0,0.1,40.5,26.5,ExpressLogistics,1,On-Time,0,0
ORD-10515,2024-01-20,CUST-1432,Small Business,East,PRD-080,Office Supplies,Gel Ink Pen Multi-Pack,2,18.0,0.15,30.6,18.6,SwiftFreight,1,On-Time,0,0
ORD-10516,2024-01-20,CUST-1304,Consumer,East,PRD-506,Electronics,SoundPulse Wireless Headphone,1,150.0,0.05,142.5,92.5,SwiftFreight,1,On-Time,0,0
ORD-10517,2024-01-20,CUST-1422,Small Business,West,PRD-925,Office Supplies,Premium Recycled Paper (Box),3,45.0,0.1,121.5,79.5,ApexGlobal,1,On-Time,0,0
ORD-10518,2024-01-20,CUST-1332,Corporate,West,PRD-044,Electronics,UltraVision 4K Monitor,3,400.0,0.15,1020.0,690.0,StandardMail,2,On-Time,0,0
ORD-10519,2024-01-20,CUST-1107,Small Business,West,PRD-506,Electronics,SoundPulse Wireless Headphone,3,150.0,0.1,405.0,255.0,ExpressLogistics,2,On-Time,0,0
ORD-10520,2024-01-20,CUST-1239,Small Business,West,PRD-367,Office Supplies,HeavyDuty Metal Stapler,1,25.0,0.0,25.0,15.0,StandardMail,1,On-Time,0,0
ORD-10521,2024-01-20,CUST-1249,Corporate,West,PRD-904,Furniture,Nordic Solid Oak Bookshelf,1,310.0,0.15,263.5,178.5,ExpressLogistics,1,On-Time,0,0
ORD-10522,2024-01-20,CUST-1477,Small Business,West,PRD-506,Electronics,SoundPulse Wireless Headphone,1,150.0,0.0,150.0,100.0,StandardMail,1,On-Time,0,0
ORD-10523,2024-01-20,CUST-1146,Corporate,West,PRD-925,Office Supplies,Premium Recycled Paper (Box),3,45.0,0.0,135.0,93.0,ExpressLogistics,2,On-Time,0,0
ORD-10524,2024-01-21,CUST-1040,Consumer,North,PRD-025,Electronics,SmartSync Fitness Tracker,3,90.0,0.1,243.0,138.0,ExpressLogistics,1,On-Time,0,0
ORD-10525,2024-01-21,CUST-1201,Consumer,North,PRD-925,Office Supplies,Premium Recycled Paper (Box),2,45.0,0.0,90.0,62.0,SwiftFreight,1,On-Time,0,0
ORD-10526,2024-01-21,CUST-1200,Corporate,North,PRD-506,Electronics,SoundPulse Wireless Headphone,1,150.0,0.05,142.5,92.5,StandardMail,2,On-Time,0,0
ORD-10527,2024-01-21,CUST-1453,Consumer,North,PRD-787,Furniture,ErgoPro Executive Desk,3,450.0,0.05,1282.5,922.5,StandardMail,1,On-Time,0,0
ORD-10528,2024-01-21,CUST-1257,Small Business,North,PRD-925,Office Supplies,Premium Recycled Paper (Box),1,45.0,0.15,38.25,24.25,SwiftFreight,2,On-Time,0,0
ORD-10529,2024-01-21,CUST-1234,Small Business,North,PRD-367,Office Supplies,HeavyDuty Metal Stapler,1,25.0,0.1,22.5,12.5,ExpressLogistics,1,On-Time,0,0
ORD-10530,2024-01-21,CUST-1126,Consumer,North,PRD-787,Furniture,ErgoPro Executive Desk,3,450.0,0.0,1350.0,990.0,ApexGlobal,0,On-Time,0,0
ORD-10531,2024-01-21,CUST-1283,Small Business,South,PRD-080,Office Supplies,Gel Ink Pen Multi-Pack,1,18.0,0.15,15.3,9.3,ApexGlobal,1,On-Time,0,0
ORD-10532,2024-01-21,CUST-1436,Consumer,South,PRD-925,Office Supplies,Premium Recycled Paper (Box),2,45.0,0.15,76.5,48.5,StandardMail,2,On-Time,0,0
ORD-10533,2024-01-21,CUST-1353,Consumer,South,PRD-904,Furniture,Nordic Solid Oak Bookshelf,3,310.0,0.15,790.5,535.5,StandardMail,3,Normal,0,0
ORD-10534,2024-01-21,CUST-1074,Consumer,South,PRD-080,Office Supplies,Gel Ink Pen Multi-Pack,2,18.0,0.15,30.6,18.6,ExpressLogistics,0,On-Time,0,0
ORD-10535,2024-01-21,CUST-1379,Small Business,South,PRD-787,Furniture,ErgoPro Executive Desk,1,450.0,0.0,450.0,330.0,ExpressLogistics,2,On-Time,0,0
ORD-10536,2024-01-21,CUST-1420,Corporate,South,PRD-025,Electronics,SmartSync Fitness Tracker,1,90.0,0.05,85.5,50.5,StandardMail,3,Normal,0,0
ORD-10537,2024-01-21,CUST-1201,Corporate,East,PRD-787,Furniture,ErgoPro Executive Desk,2,450.0,0.0,900.0,660.0,ExpressLogistics,0,On-Time,0,0
ORD-10538,2024-01-21,CUST-1304,Corporate,East,PRD-910,Furniture,LumbarComfort Mesh Chair,1,220.0,0.1,198.0,133.0,ExpressLogistics,2,On-Time,0,0
ORD-10539,2024-01-21,CUST-1417,Consumer,East,PRD-506,Electronics,SoundPulse Wireless Headphone,2,150.0,0.15,255.0,155.0,StandardMail,2,On-Time,0,0
ORD-10540,2024-01-21,CUST-1375,Small Business,East,PRD-080,Office Supplies,Gel Ink Pen Multi-Pack,3,18.0,0.15,45.9,27.9,ExpressLogistics,1,On-Time,0,0
ORD-10541,2024-01-21,CUST-1153,Consumer,East,PRD-044,Electronics,UltraVision 4K Monitor,3,400.0,0.0,1200.0,870.0,ApexGlobal,0,On-Time,0,0
ORD-10542,2024-01-21,CUST-1029,Corporate,West,PRD-044,Electronics,UltraVision 4K Monitor,2,400.0,0.15,680.0,460.0,StandardMail,0,On-Time,0,0
ORD-10543,2024-01-21,CUST-1169,Consumer,West,PRD-080,Office Supplies,Gel Ink Pen Multi-Pack,1,18.0,0.05,17.1,11.1,SwiftFreight,0,On-Time,0,0
ORD-10544,2024-01-21,CUST-1284,Small Business,West,PRD-787,Furniture,ErgoPro Executive Desk,1,450.0,0.05,427.5,307.5,ApexGlobal,0,On-Time,0,0
ORD-10545,2024-01-21,CUST-1400,Corporate,West,PRD-910,Furniture,LumbarComfort Mesh Chair,1,220.0,0.05,209.0,144.0,ExpressLogistics,1,On-Time,0,0
ORD-10546,2024-01-21,CUST-1308,Consumer,West,PRD-910,Furniture,LumbarComfort Mesh Chair,3,220.0,0.15,561.0,366.0,ApexGlobal,1,On-Time,0,0
ORD-10547,2024-01-22,CUST-1415,Corporate,North,PRD-044,Electronics,UltraVision 4K Monitor,1,400.0,0.1,360.0,250.0,SwiftFreight,0,On-Time,0,0
ORD-10548,2024-01-22,CUST-1498,Small Business,North,PRD-925,Office Supplies,Premium Recycled Paper (Box),1,45.0,0.05,42.75,28.75,StandardMail,0,On-Time,0,0
ORD-10549,2024-01-22,CUST-1482,Consumer,North,PRD-044,Electronics,UltraVision 4K Monitor,1,400.0,0.0,400.0,290.0,StandardMail,1,On-Time,0,0
ORD-10550,2024-01-22,CUST-1251,Corporate,North,PRD-925,Office Supplies,Premium Recycled Paper (Box),2,45.0,0.1,81.0,53.0,StandardMail,3,Normal,0,0
ORD-10551,2024-01-22,CUST-1249,Corporate,North,PRD-904,Furniture,Nordic Solid Oak Bookshelf,3,310.0,0.05,883.5,628.5,ApexGlobal,1,On-Time,0,0
ORD-10552,2024-01-22,CUST-1163,Corporate,North,PRD-080,Office Supplies,Gel Ink Pen Multi-Pack,2,18.0,0.05,34.2,22.2,StandardMail,0,On-Time,0,0
ORD-10553,2024-01-22,CUST-1353,Corporate,South,PRD-025,Electronics,SmartSync Fitness Tracker,3,90.0,0.1,243.0,138.0,ApexGlobal,1,On-Time,0,0
ORD-10554,2024-01-22,CUST-1486,Small Business,South,PRD-080,Office Supplies,Gel Ink Pen Multi-Pack,1,18.0,0.15,15.3,9.3,SwiftFreight,0,On-Time,0,0
ORD-10555,2024-01-22,CUST-1045,Corporate,South,PRD-910,Furniture,LumbarComfort Mesh Chair,2,220.0,0.15,374.0,244.0,ApexGlobal,1,On-Time,0,0
ORD-10556,2024-01-22,CUST-1182,Consumer,South,PRD-367,Office Supplies,HeavyDuty Metal Stapler,2,25.0,0.05,47.5,27.5,ExpressLogistics,1,On-Time,0,0
ORD-10557,2024-01-22,CUST-1445,Small Business,South,PRD-904,Furniture,Nordic Solid Oak Bookshelf,3,310.0,0.05,883.5,628.5,StandardMail,1,On-Time,0,0
ORD-10558,2024-01-22,CUST-1436,Corporate,East,PRD-367,Office Supplies,HeavyDuty Metal Stapler,2,25.0,0.15,42.5,22.5,StandardMail,0,On-Time,0,0
ORD-10559,2024-01-22,CUST-1174,Consumer,East,PRD-925,Office Supplies,Premium Recycled Paper (Box),3,45.0,0.05,128.25,86.25,ApexGlobal,2,On-Time,0,0
ORD-10560,2024-01-22,CUST-1327,Small Business,East,PRD-025,Electronics,SmartSync Fitness Tracker,1,90.0,0.15,76.5,41.5,ExpressLogistics,1,On-Time,0,0
ORD-10561,2024-01-22,CUST-1351,Corporate,East,PRD-925,Office Supplies,Premium Recycled Paper (Box),3,45.0,0.15,114.75,72.75,StandardMail,0,On-Time,0,0
ORD-10562,2024-01-22,CUST-1188,Small Business,East,PRD-044,Electronics,UltraVision 4K Monitor,3,400.0,0.0,1200.0,870.0,ExpressLogistics,0,On-Time,0,0
ORD-10563,2024-01-22,CUST-1021,Consumer,East,PRD-080,Office Supplies,Gel Ink Pen Multi-Pack,1,18.0,0.1,16.2,10.2,SwiftFreight,3,Normal,0,0
ORD-10564,2024-01-22,CUST-1168,Small Business,East,PRD-367,Office Supplies,HeavyDuty Metal Stapler,3,25.0,0.15,63.75,33.75,ApexGlobal,1,On-Time,0,0
ORD-10565,2024-01-22,CUST-1162,Corporate,West,PRD-156,Electronics,Apex Gaming Laptop,3,1200.0,0.0,3600.0,2700.0,ApexGlobal,1,On-Time,0,0
ORD-10566,2024-01-22,CUST-1140,Consumer,West,PRD-080,Office Supplies,Gel Ink Pen Multi-Pack,1,18.0,0.05,17.1,11.1,StandardMail,1,On-Time,0,0
ORD-10567,2024-01-22,CUST-1256,Corporate,West,PRD-910,Furniture,LumbarComfort Mesh Chair,3,220.0,0.05,627.0,432.0,,0,On-Time,0,0
ORD-10568,2024-01-22,CUST-1383,Consumer,West,PRD-787,Furniture,ErgoPro Executive Desk,2,450.0,0.1,810.0,570.0,StandardMail,1,On-Time,1,0
ORD-10569,2024-01-22,CUST-1071,Consumer,West,PRD-506,Electronics,SoundPulse Wireless Headphone,3,150.0,0.1,0.0,-30.0,ApexGlobal,2,Cancelled,0,1
ORD-10570,2024-01-22,CUST-1082,Corporate,West,PRD-787,Furniture,ErgoPro Executive Desk,3,450.0,0.15,1147.5,787.5,ApexGlobal,2,On-Time,0,0
ORD-10571,2024-01-22,CUST-1144,Corporate,West,PRD-025,Electronics,SmartSync Fitness Tracker,3,90.0,0.15,229.5,124.5,ApexGlobal,1,On-Time,0,0
ORD-10572,2024-01-23,CUST-1012,Consumer,North,PRD-787,Furniture,ErgoPro Executive Desk,3,450.0,0.0,1350.0,990.0,ExpressLogistics,1,On-Time,0,0
ORD-10573,2024-01-23,CUST-1450,Corporate,North,PRD-367,Office Supplies,HeavyDuty Metal Stapler,3,25.0,0.05,71.25,41.25,SwiftFreight,1,On-Time,0,0
ORD-10574,2024-01-23,CUST-1052,Small Business,North,PRD-506,Electronics,SoundPulse Wireless Headphone,3,150.0,0.1,405.0,255.0,StandardMail,1,On-Time,0,0
ORD-10575,2024-01-23,CUST-1436,Corporate,North,PRD-025,Electronics,SmartSync Fitness Tracker,1,90.0,0.05,85.5,50.5,SwiftFreight,0,On-Time,0,0
ORD-10576,2024-01-23,CUST-1336,Small Business,North,PRD-925,Office Supplies,Premium Recycled Paper (Box),3,45.0,0.15,114.75,72.75,ExpressLogistics,2,On-Time,0,0
ORD-10577,2024-01-23,CUST-1009,Small Business,North,PRD-367,Office Supplies,HeavyDuty Metal Stapler,2,25.0,0.15,42.5,22.5,StandardMail,1,On-Time,0,0
ORD-10578,2024-01-23,CUST-1052,Corporate,South,PRD-506,Electronics,SoundPulse Wireless Headphone,3,150.0,0.05,427.5,277.5,ApexGlobal,1,On-Time,0,0
ORD-10579,2024-01-23,CUST-1204,Small Business,South,PRD-156,Electronics,Apex Gaming Laptop,3,1200.0,0.05,3420.0,2520.0,ApexGlobal,0,On-Time,0,0
ORD-10580,2024-01-23,CUST-1337,Corporate,South,PRD-025,Electronics,SmartSync Fitness Tracker,2,90.0,0.0,180.0,110.0,ApexGlobal,2,On-Time,0,0
ORD-10581,2024-01-23,CUST-1048,Small Business,South,PRD-904,Furniture,Nordic Solid Oak Bookshelf,3,310.0,0.1,837.0,582.0,StandardMail,1,On-Time,0,0
ORD-10582,2024-01-23,CUST-1087,Small Business,South,PRD-904,Furniture,Nordic Solid Oak Bookshelf,2,310.0,0.0,620.0,450.0,ApexGlobal,2,On-Time,0,0
ORD-10583,2024-01-23,CUST-1427,Corporate,South,PRD-904,Furniture,Nordic Solid Oak Bookshelf,1,310.0,0.05,294.5,209.5,ApexGlobal,1,On-Time,0,0
ORD-10584,2024-01-23,CUST-1451,Small Business,South,PRD-367,Office Supplies,HeavyDuty Metal Stapler,2,25.0,0.05,47.5,27.5,ApexGlobal,1,On-Time,0,0
ORD-10585,2024-01-23,CUST-1176,Consumer,South,PRD-044,Electronics,UltraVision 4K Monitor,2,400.0,0.0,800.0,580.0,SwiftFreight,1,On-Time,0,0
ORD-10586,2024-01-23,CUST-1412,Corporate,East,PRD-367,Office Supplies,HeavyDuty Metal Stapler,1,25.0,0.15,21.25,11.25,StandardMail,1,On-Time,0,0
ORD-10587,2024-01-23,CUST-1438,Small Business,East,PRD-025,Electronics,SmartSync Fitness Tracker,2,90.0,0.15,153.0,83.0,SwiftFreight,1,On-Time,0,0
ORD-10588,2024-01-23,CUST-1023,,East,PRD-080,Office Supplies,Gel Ink Pen Multi-Pack,3,18.0,0.05,51.3,33.3,SwiftFreight,1,On-Time,0,0
ORD-10589,2024-01-23,CUST-1093,Corporate,East,PRD-787,Furniture,ErgoPro Executive Desk,1,450.0,0.05,427.5,307.5,ApexGlobal,1,On-Time,0,0
ORD-10590,2024-01-23,CUST-1100,Corporate,East,PRD-367,Office Supplies,HeavyDuty Metal Stapler,2,25.0,0.1,45.0,25.0,ExpressLogistics,1,On-Time,0,0
ORD-10591,2024-01-23,CUST-1040,Corporate,East,PRD-506,Electronics,SoundPulse Wireless Headphone,3,150.0,0.15,382.5,232.5,StandardMail,0,On-Time,0,0
ORD-10592,2024-01-23,CUST-1454,Corporate,West,PRD-925,Office Supplies,Premium Recycled Paper (Box),1,45.0,0.15,38.25,24.25,StandardMail,1,On-Time,0,0
ORD-10593,2024-01-23,CUST-1099,Corporate,West,PRD-156,Electronics,Apex Gaming Laptop,3,1200.0,0.0,3600.0,2700.0,SwiftFreight,0,On-Time,0,0
ORD-10594,2024-01-23,CUST-1469,Corporate,West,PRD-044,Electronics,UltraVision 4K Monitor,1,400.0,0.05,380.0,270.0,ApexGlobal,2,On-Time,0,0
ORD-10595,2024-01-23,CUST-1236,Consumer,West,PRD-904,Furniture,Nordic Solid Oak Bookshelf,2,310.0,0.15,527.0,357.0,ExpressLogistics,1,On-Time,0,0
ORD-10596,2024-01-23,CUST-1325,Small Business,West,PRD-044,Electronics,UltraVision 4K Monitor,1,400.0,0.1,360.0,250.0,ExpressLogistics,1,On-Time,0,0
ORD-10597,2024-01-23,CUST-1064,Small Business,West,PRD-904,Furniture,Nordic Solid Oak Bookshelf,1,310.0,0.05,294.5,209.5,StandardMail,0,On-Time,0,0
ORD-10598,2024-01-23,CUST-1137,Consumer,West,PRD-080,Office Supplies,Gel Ink Pen Multi-Pack,1,18.0,0.05,17.1,11.1,ApexGlobal,0,On-Time,0,0
ORD-10599,2024-01-23,CUST-1045,Consumer,West,PRD-910,Furniture,LumbarComfort Mesh Chair,1,220.0,0.1,198.0,133.0,ExpressLogistics,0,On-Time,1,0
ORD-10600,2024-01-24,CUST-1162,Corporate,North,PRD-506,Electronics,SoundPulse Wireless Headphone,1,150.0,0.05,142.5,92.5,ApexGlobal,0,On-Time,0,0
ORD-10601,2024-01-24,CUST-1267,Small Business,North,PRD-080,Office Supplies,Gel Ink Pen Multi-Pack,2,18.0,0.15,30.6,18.6,SwiftFreight,2,On-Time,0,0
ORD-10602,2024-01-24,CUST-1345,Small Business,North,PRD-506,Electronics,SoundPulse Wireless Headphone,2,150.0,0.05,285.0,185.0,ExpressLogistics,0,On-Time,0,0
ORD-10603,2024-01-24,CUST-1271,Small Business,North,PRD-904,Furniture,Nordic Solid Oak Bookshelf,3,310.0,0.1,837.0,582.0,SwiftFreight,1,On-Time,0,0
ORD-10604,2024-01-24,CUST-1169,Corporate,North,PRD-925,Office Supplies,Premium Recycled Paper (Box),3,45.0,0.1,121.5,79.5,ApexGlobal,1,On-Time,0,0
ORD-10605,2024-01-24,CUST-1420,Small Business,North,PRD-367,Office Supplies,HeavyDuty Metal Stapler,2,25.0,0.05,47.5,27.5,StandardMail,0,On-Time,0,0
ORD-10606,2024-01-24,CUST-1243,Consumer,South,PRD-904,Furniture,Nordic Solid Oak Bookshelf,1,310.0,0.05,0.0,-17.0,SwiftFreight,0,Cancelled,0,1
ORD-10607,2024-01-24,CUST-1042,Consumer,South,PRD-044,Electronics,UltraVision 4K Monitor,1,400.0,0.05,380.0,270.0,StandardMail,1,On-Time,0,0
ORD-10608,2024-01-24,CUST-1330,Corporate,South,PRD-044,Electronics,UltraVision 4K Monitor,1,400.0,0.15,340.0,230.0,StandardMail,1,On-Time,0,0
ORD-10609,2024-01-24,CUST-1044,Corporate,South,PRD-156,Electronics,Apex Gaming Laptop,2,1200.0,0.15,2040.0,1440.0,ApexGlobal,1,On-Time,0,0
ORD-10610,2024-01-24,CUST-1123,Small Business,South,PRD-910,Furniture,LumbarComfort Mesh Chair,3,220.0,0.15,561.0,366.0,ApexGlobal,1,On-Time,0,0
ORD-10611,2024-01-24,CUST-1103,Small Business,South,PRD-156,Electronics,Apex Gaming Laptop,1,1200.0,0.15,1020.0,720.0,ApexGlobal,1,On-Time,0,0
ORD-10612,2024-01-24,CUST-1287,Consumer,South,PRD-925,Office Supplies,Premium Recycled Paper (Box),2,45.0,0.05,85.5,57.5,StandardMail,0,On-Time,0,0
ORD-10613,2024-01-24,CUST-1198,Consumer,East,PRD-910,Furniture,LumbarComfort Mesh Chair,2,220.0,0.1,396.0,266.0,ApexGlobal,0,On-Time,0,0
ORD-10614,2024-01-24,CUST-1067,Corporate,East,PRD-080,Office Supplies,Gel Ink Pen Multi-Pack,3,18.0,0.05,51.3,33.3,StandardMail,0,On-Time,0,0
ORD-10615,2024-01-24,CUST-1320,Corporate,East,PRD-367,Office Supplies,HeavyDuty Metal Stapler,1,25.0,0.0,25.0,15.0,ExpressLogistics,1,On-Time,0,0
ORD-10616,2024-01-24,CUST-1158,,East,PRD-787,Furniture,ErgoPro Executive Desk,1,450.0,0.0,450.0,330.0,SwiftFreight,1,On-Time,0,0
ORD-10617,2024-01-24,CUST-1369,Corporate,East,PRD-787,Furniture,ErgoPro Executive Desk,1,450.0,0.15,382.5,262.5,SwiftFreight,0,On-Time,0,0
ORD-10618,2024-01-24,CUST-1421,Small Business,East,PRD-044,Electronics,UltraVision 4K Monitor,3,400.0,0.05,1140.0,810.0,ApexGlobal,1,On-Time,0,0
ORD-10619,2024-01-24,CUST-1121,Consumer,East,PRD-925,Office Supplies,Premium Recycled Paper (Box),1,45.0,0.1,40.5,26.5,ExpressLogistics,1,On-Time,0,0
ORD-10620,2024-01-24,CUST-1077,Corporate,East,PRD-080,Office Supplies,Gel Ink Pen Multi-Pack,2,18.0,0.05,34.2,22.2,ExpressLogistics,1,On-Time,0,0
ORD-10621,2024-01-24,CUST-1477,Corporate,West,PRD-925,Office Supplies,Premium Recycled Paper (Box),2,45.0,0.05,85.5,57.5,StandardMail,0,On-Time,0,0
ORD-10622,2024-01-24,CUST-1239,Small Business,West,PRD-156,Electronics,Apex Gaming Laptop,3,1200.0,0.0,3600.0,2700.0,SwiftFreight,1,On-Time,0,0
ORD-10623,2024-01-24,CUST-1155,Corporate,West,PRD-506,Electronics,SoundPulse Wireless Headphone,2,150.0,0.05,285.0,185.0,StandardMail,1,On-Time,0,0
ORD-10624,2024-01-24,CUST-1186,Consumer,West,PRD-044,Electronics,UltraVision 4K Monitor,2,400.0,0.0,800.0,580.0,StandardMail,0,On-Time,0,0
ORD-10625,2024-01-24,CUST-1356,Small Business,West,PRD-025,Electronics,SmartSync Fitness Tracker,1,90.0,0.0,90.0,55.0,,0,On-Time,0,0
ORD-10626,2024-01-24,CUST-1335,Corporate,West,PRD-156,Electronics,Apex Gaming Laptop,2,1200.0,0.0,2400.0,1800.0,ApexGlobal,2,On-Time,0,0
ORD-10627,2024-01-24,CUST-1361,Corporate,West,PRD-787,Furniture,ErgoPro Executive Desk,2,450.0,0.15,765.0,525.0,SwiftFreight,0,On-Time,0,0
ORD-10628,2024-01-25,CUST-1083,Small Business,North,PRD-367,Office Supplies,HeavyDuty Metal Stapler,2,25.0,0.0,50.0,30.0,ExpressLogistics,2,On-Time,0,0
ORD-10629,2024-01-25,CUST-1136,Small Business,North,PRD-367,Office Supplies,HeavyDuty Metal Stapler,1,25.0,0.15,21.25,11.25,ApexGlobal,0,On-Time,0,0
ORD-10630,2024-01-25,CUST-1455,Small Business,North,PRD-506,Electronics,SoundPulse Wireless Headphone,3,150.0,0.15,382.5,232.5,StandardMail,1,On-Time,0,0
ORD-10631,2024-01-25,CUST-1348,Consumer,North,PRD-156,Electronics,Apex Gaming Laptop,3,1200.0,0.05,3420.0,2520.0,ExpressLogistics,3,Normal,0,0
ORD-10632,2024-01-25,CUST-1403,Small Business,North,PRD-925,Office Supplies,Premium Recycled Paper (Box),1,45.0,0.1,40.5,26.5,StandardMail,0,On-Time,0,0
ORD-10633,2024-01-25,CUST-1358,Corporate,North,PRD-506,Electronics,SoundPulse Wireless Headphone,3,150.0,0.1,405.0,255.0,ExpressLogistics,2,On-Time,0,0
ORD-10634,2024-01-25,CUST-1180,Consumer,North,PRD-080,Office Supplies,Gel Ink Pen Multi-Pack,3,18.0,0.1,48.6,30.6,ExpressLogistics,0,On-Time,0,0
ORD-10635,2024-01-25,CUST-1057,Small Business,South,PRD-787,Furniture,ErgoPro Executive Desk,2,450.0,0.05,855.0,615.0,StandardMail,0,On-Time,0,0
ORD-10636,2024-01-25,CUST-1400,Corporate,South,PRD-367,Office Supplies,HeavyDuty Metal Stapler,2,25.0,0.05,47.5,27.5,StandardMail,1,On-Time,0,0
ORD-10637,2024-01-25,CUST-1220,Corporate,South,PRD-506,Electronics,SoundPulse Wireless Headphone,1,150.0,0.15,127.5,77.5,ExpressLogistics,1,On-Time,0,0
ORD-10638,2024-01-25,CUST-1370,Small Business,South,PRD-044,Electronics,UltraVision 4K Monitor,3,400.0,0.1,1080.0,750.0,SwiftFreight,2,On-Time,0,0
ORD-10639,2024-01-25,CUST-1326,Corporate,South,PRD-925,Office Supplies,Premium Recycled Paper (Box),2,45.0,0.1,81.0,53.0,SwiftFreight,1,On-Time,0,0
ORD-10640,2024-01-25,CUST-1241,Corporate,East,PRD-156,Electronics,Apex Gaming Laptop,1,1200.0,0.0,1200.0,900.0,ExpressLogistics,2,On-Time,0,0
ORD-10641,2024-01-25,CUST-1146,Corporate,East,PRD-156,Electronics,Apex Gaming Laptop,3,1200.0,0.0,3600.0,2700.0,StandardMail,1,On-Time,0,0
ORD-10642,2024-01-25,CUST-1482,Small Business,East,PRD-904,Furniture,Nordic Solid Oak Bookshelf,1,310.0,0.15,263.5,178.5,StandardMail,1,On-Time,0,0
ORD-10643,2024-01-25,CUST-1282,Small Business,East,PRD-787,Furniture,ErgoPro Executive Desk,3,450.0,0.05,1282.5,922.5,ApexGlobal,2,On-Time,0,0
ORD-10644,2024-01-25,CUST-1322,Consumer,East,PRD-787,Furniture,ErgoPro Executive Desk,2,450.0,0.05,855.0,615.0,SwiftFreight,0,On-Time,0,0
ORD-10645,2024-01-25,CUST-1247,Small Business,East,PRD-910,Furniture,LumbarComfort Mesh Chair,3,220.0,0.0,660.0,465.0,ApexGlobal,1,On-Time,0,0
ORD-10646,2024-01-25,CUST-1248,Small Business,East,PRD-904,Furniture,Nordic Solid Oak Bookshelf,2,310.0,0.05,589.0,419.0,ExpressLogistics,1,On-Time,0,0
ORD-10647,2024-01-25,CUST-1390,Consumer,West,PRD-025,Electronics,SmartSync Fitness Tracker,3,90.0,0.0,0.0,-21.0,StandardMail,0,Cancelled,0,1
ORD-10648,2024-01-25,CUST-1302,Small Business,West,PRD-367,Office Supplies,HeavyDuty Metal Stapler,2,25.0,0.1,45.0,25.0,SwiftFreight,0,On-Time,0,0
ORD-10649,2024-01-25,CUST-1168,Consumer,West,PRD-506,Electronics,SoundPulse Wireless Headphone,1,150.0,0.0,150.0,100.0,SwiftFreight,1,On-Time,0,0
ORD-10650,2024-01-25,CUST-1111,Corporate,West,PRD-904,Furniture,Nordic Solid Oak Bookshelf,3,310.0,0.1,837.0,582.0,SwiftFreight,2,On-Time,0,0
ORD-10651,2024-01-25,CUST-1495,Corporate,West,PRD-044,Electronics,UltraVision 4K Monitor,3,400.0,0.0,1200.0,870.0,ExpressLogistics,1,On-Time,0,0
ORD-10652,2024-01-25,CUST-1271,Corporate,West,PRD-910,Furniture,LumbarComfort Mesh Chair,3,220.0,0.0,660.0,465.0,ApexGlobal,0,On-Time,0,0
ORD-10653,2024-01-25,CUST-1031,Small Business,West,PRD-080,Office Supplies,Gel Ink Pen Multi-Pack,3,18.0,0.0,54.0,36.0,StandardMail,1,On-Time,0,0
ORD-10654,2024-01-25,CUST-1213,Corporate,West,PRD-925,Office Supplies,Premium Recycled Paper (Box),1,45.0,0.0,45.0,31.0,StandardMail,0,On-Time,0,0
ORD-10655,2024-01-26,CUST-1152,Small Business,North,PRD-044,Electronics,UltraVision 4K Monitor,3,400.0,0.05,1140.0,810.0,ApexGlobal,1,On-Time,0,0
ORD-10656,2024-01-26,CUST-1291,Consumer,North,PRD-080,Office Supplies,Gel Ink Pen Multi-Pack,1,18.0,0.0,18.0,12.0,SwiftFreight,1,On-Time,0,0
ORD-10657,2024-01-26,CUST-1103,Small Business,North,PRD-367,Office Supplies,HeavyDuty Metal Stapler,3,25.0,0.0,75.0,45.0,ExpressLogistics,1,On-Time,0,0
ORD-10658,2024-01-26,CUST-1166,Consumer,North,PRD-025,Electronics,SmartSync Fitness Tracker,1,90.0,0.1,81.0,46.0,,2,On-Time,0,0
ORD-10659,2024-01-26,CUST-1250,Consumer,North,PRD-156,Electronics,Apex Gaming Laptop,1,1200.0,0.15,1020.0,720.0,SwiftFreight,1,On-Time,0,0
ORD-10660,2024-01-26,CUST-1002,Corporate,North,PRD-025,Electronics,SmartSync Fitness Tracker,1,90.0,0.1,81.0,46.0,ApexGlobal,0,On-Time,0,0
ORD-10661,2024-01-26,CUST-1174,Consumer,North,PRD-925,Office Supplies,Premium Recycled Paper (Box),1,45.0,0.0,45.0,31.0,ExpressLogistics,1,On-Time,0,0
ORD-10662,2024-01-26,CUST-1351,Consumer,South,PRD-156,Electronics,Apex Gaming Laptop,2,1200.0,0.15,2040.0,1440.0,ExpressLogistics,1,On-Time,1,0
ORD-10663,2024-01-26,CUST-1418,Corporate,South,PRD-910,Furniture,LumbarComfort Mesh Chair,2,220.0,0.1,396.0,266.0,ExpressLogistics,0,On-Time,0,0
ORD-10664,2024-01-26,CUST-1376,Small Business,South,PRD-787,Furniture,ErgoPro Executive Desk,1,450.0,0.1,405.0,285.0,SwiftFreight,1,On-Time,0,0
ORD-10665,2024-01-26,CUST-1192,Corporate,South,PRD-925,Office Supplies,Premium Recycled Paper (Box),1,45.0,0.05,42.75,28.75,StandardMail,1,On-Time,0,0
ORD-10666,2024-01-26,CUST-1482,Corporate,South,PRD-925,Office Supplies,Premium Recycled Paper (Box),3,45.0,0.05,128.25,86.25,SwiftFreight,1,On-Time,0,0
ORD-10667,2024-01-26,CUST-1457,Consumer,South,PRD-025,Electronics,SmartSync Fitness Tracker,1,90.0,0.0,90.0,55.0,SwiftFreight,1,On-Time,0,0
ORD-10668,2024-01-26,CUST-1370,Small Business,South,PRD-904,Furniture,Nordic Solid Oak Bookshelf,1,310.0,0.0,310.0,225.0,ApexGlobal,0,On-Time,0,0
ORD-10669,2024-01-26,CUST-1439,Consumer,South,PRD-925,Office Supplies,Premium Recycled Paper (Box),3,45.0,0.1,0.0,-8.4,ExpressLogistics,2,Cancelled,0,1
ORD-10670,2024-01-26,CUST-1327,Consumer,East,PRD-367,Office Supplies,HeavyDuty Metal Stapler,1,25.0,0.15,21.25,11.25,StandardMail,1,On-Time,0,0
ORD-10671,2024-01-26,CUST-1330,Consumer,East,PRD-044,Electronics,UltraVision 4K Monitor,1,400.0,0.0,400.0,290.0,ExpressLogistics,2,On-Time,0,0
ORD-10672,2024-01-26,CUST-1333,Consumer,East,PRD-925,Office Supplies,Premium Recycled Paper (Box),1,45.0,0.1,40.5,26.5,StandardMail,0,On-Time,0,0
ORD-10673,2024-01-26,CUST-1317,Small Business,East,PRD-156,Electronics,Apex Gaming Laptop,2,1200.0,0.05,2280.0,1680.0,StandardMail,2,On-Time,0,0
ORD-10674,2024-01-26,CUST-1046,Consumer,East,PRD-080,Office Supplies,Gel Ink Pen Multi-Pack,3,18.0,0.0,54.0,36.0,StandardMail,1,On-Time,0,0
ORD-10675,2024-01-26,CUST-1181,Small Business,East,PRD-506,Electronics,SoundPulse Wireless Headphone,3,150.0,0.1,405.0,255.0,ApexGlobal,0,On-Time,0,0
ORD-10676,2024-01-26,CUST-1247,Corporate,East,PRD-904,Furniture,Nordic Solid Oak Bookshelf,1,310.0,0.1,279.0,194.0,ApexGlobal,1,On-Time,0,0
ORD-10677,2024-01-26,CUST-1360,Corporate,East,PRD-787,Furniture,ErgoPro Executive Desk,1,450.0,0.0,450.0,330.0,SwiftFreight,1,On-Time,0,0
ORD-10678,2024-01-26,CUST-1324,Consumer,West,PRD-367,Office Supplies,HeavyDuty Metal Stapler,2,25.0,0.05,47.5,27.5,ExpressLogistics,1,On-Time,0,0
ORD-10679,2024-01-26,CUST-1467,Consumer,West,PRD-910,Furniture,LumbarComfort Mesh Chair,1,220.0,0.1,198.0,133.0,StandardMail,1,On-Time,0,0
ORD-10680,2024-01-26,CUST-1097,Consumer,West,PRD-925,Office Supplies,Premium Recycled Paper (Box),1,45.0,0.05,42.75,28.75,StandardMail,0,On-Time,0,0
ORD-10681,2024-01-26,CUST-1279,Corporate,West,PRD-910,Furniture,LumbarComfort Mesh Chair,2,220.0,0.0,440.0,310.0,ExpressLogistics,0,On-Time,0,0
ORD-10682,2024-01-26,CUST-1494,,West,PRD-925,Office Supplies,Premium Recycled Paper (Box),2,45.0,0.0,90.0,62.0,SwiftFreight,1,On-Time,0,0
ORD-10683,2024-01-26,CUST-1147,Corporate,West,PRD-156,Electronics,Apex Gaming Laptop,3,1200.0,0.05,0.0,-180.0,ApexGlobal,2,Cancelled,0,1
ORD-10684,2024-01-27,CUST-1133,Corporate,North,PRD-367,Office Supplies,HeavyDuty Metal Stapler,3,25.0,0.1,67.5,37.5,ApexGlobal,2,On-Time,0,0
ORD-10685,2024-01-27,CUST-1351,Consumer,North,PRD-025,Electronics,SmartSync Fitness Tracker,2,90.0,0.15,153.0,83.0,SwiftFreight,0,On-Time,0,0
ORD-10686,2024-01-27,CUST-1064,Consumer,North,PRD-787,Furniture,ErgoPro Executive Desk,3,450.0,0.05,1282.5,922.5,ExpressLogistics,0,On-Time,0,0
ORD-10687,2024-01-27,CUST-1078,Consumer,North,PRD-506,Electronics,SoundPulse Wireless Headphone,3,150.0,0.05,427.5,277.5,SwiftFreight,1,On-Time,0,0
ORD-10688,2024-01-27,CUST-1097,Corporate,North,PRD-904,Furniture,Nordic Solid Oak Bookshelf,2,310.0,0.0,620.0,450.0,ApexGlobal,1,On-Time,0,0
ORD-10689,2024-01-27,CUST-1368,Consumer,North,PRD-156,Electronics,Apex Gaming Laptop,1,1200.0,0.05,1140.0,840.0,StandardMail,0,On-Time,0,0
ORD-10690,2024-01-27,CUST-1419,Consumer,North,PRD-044,Electronics,UltraVision 4K Monitor,1,400.0,0.0,400.0,290.0,ExpressLogistics,1,On-Time,0,0
ORD-10691,2024-01-27,CUST-1261,Corporate,South,PRD-506,Electronics,SoundPulse Wireless Headphone,2,150.0,0.15,255.0,155.0,StandardMail,0,On-Time,0,0
ORD-10692,2024-01-27,CUST-1411,Corporate,South,PRD-025,Electronics,SmartSync Fitness Tracker,3,90.0,0.15,229.5,124.5,SwiftFreight,1,On-Time,0,0
ORD-10693,2024-01-27,CUST-1072,Corporate,South,PRD-506,Electronics,SoundPulse Wireless Headphone,3,150.0,0.1,405.0,255.0,ApexGlobal,1,On-Time,0,0
ORD-10694,2024-01-27,CUST-1169,Corporate,South,PRD-156,Electronics,Apex Gaming Laptop,2,1200.0,0.05,2280.0,1680.0,ApexGlobal,1,On-Time,0,0
ORD-10695,2024-01-27,CUST-1368,Corporate,South,PRD-904,Furniture,Nordic Solid Oak Bookshelf,1,310.0,0.15,263.5,178.5,ExpressLogistics,1,On-Time,1,0
ORD-10696,2024-01-27,CUST-1365,Consumer,South,PRD-910,Furniture,LumbarComfort Mesh Chair,1,220.0,0.05,209.0,144.0,StandardMail,1,On-Time,0,0
ORD-10697,2024-01-27,CUST-1202,Consumer,South,PRD-080,Office Supplies,Gel Ink Pen Multi-Pack,1,18.0,0.05,17.1,11.1,ExpressLogistics,0,On-Time,0,0
ORD-10698,2024-01-27,CUST-1093,Corporate,South,PRD-925,Office Supplies,Premium Recycled Paper (Box),3,45.0,0.15,114.75,72.75,StandardMail,1,On-Time,0,0
ORD-10699,2024-01-27,CUST-1163,Corporate,East,PRD-080,Office Supplies,Gel Ink Pen Multi-Pack,3,18.0,0.1,48.6,30.6,StandardMail,2,On-Time,0,0
ORD-10700,2024-01-27,CUST-1375,Corporate,East,PRD-156,Electronics,Apex Gaming Laptop,3,1200.0,0.1,3240.0,2340.0,SwiftFreight,1,On-Time,0,0
ORD-10701,2024-01-27,CUST-1489,Consumer,East,PRD-787,Furniture,ErgoPro Executive Desk,1,450.0,0.15,382.5,262.5,ApexGlobal,1,On-Time,0,0
ORD-10702,2024-01-27,CUST-1283,Small Business,East,PRD-506,Electronics,SoundPulse Wireless Headphone,1,150.0,0.0,150.0,100.0,SwiftFreight,2,On-Time,0,0
ORD-10703,2024-01-27,CUST-1055,Small Business,East,PRD-044,Electronics,UltraVision 4K Monitor,3,400.0,0.0,1200.0,870.0,SwiftFreight,2,On-Time,0,0
ORD-10704,2024-01-27,CUST-1167,Small Business,East,PRD-910,Furniture,LumbarComfort Mesh Chair,2,220.0,0.05,418.0,288.0,SwiftFreight,0,On-Time,0,0
ORD-10705,2024-01-27,CUST-1091,Consumer,East,PRD-925,Office Supplies,Premium Recycled Paper (Box),2,45.0,0.1,81.0,53.0,ExpressLogistics,1,On-Time,0,0
ORD-10706,2024-01-27,CUST-1213,Small Business,West,PRD-925,Office Supplies,Premium Recycled Paper (Box),3,45.0,0.05,128.25,86.25,SwiftFreight,2,On-Time,0,0
ORD-10707,2024-01-27,CUST-1323,Corporate,West,PRD-925,Office Supplies,Premium Recycled Paper (Box),3,45.0,0.05,128.25,86.25,StandardMail,2,On-Time,1,0
ORD-10708,2024-01-27,CUST-1101,Consumer,West,PRD-156,Electronics,Apex Gaming Laptop,2,1200.0,0.05,2280.0,1680.0,SwiftFreight,0,On-Time,0,0
ORD-10709,2024-01-27,CUST-1496,Consumer,West,PRD-925,Office Supplies,Premium Recycled Paper (Box),2,45.0,0.0,90.0,62.0,ApexGlobal,2,On-Time,0,0
ORD-10710,2024-01-27,CUST-1128,Small Business,West,PRD-506,Electronics,SoundPulse Wireless Headphone,3,150.0,0.1,405.0,255.0,SwiftFreight,1,On-Time,0,0
ORD-10711,2024-01-27,CUST-1276,Corporate,West,PRD-156,Electronics,Apex Gaming Laptop,1,1200.0,0.05,1140.0,840.0,SwiftFreight,2,On-Time,0,0
ORD-10712,2024-01-27,CUST-1031,Consumer,West,PRD-925,Office Supplies,Premium Recycled Paper (Box),3,45.0,0.0,135.0,93.0,,1,On-Time,0,0
ORD-10713,2024-01-27,CUST-1489,Small Business,West,PRD-925,Office Supplies,Premium Recycled Paper (Box),1,45.0,0.0,45.0,31.0,ApexGlobal,1,On-Time,0,0
ORD-10714,2024-01-28,CUST-1005,Corporate,North,PRD-787,Furniture,ErgoPro Executive Desk,3,450.0,0.05,1282.5,922.5,StandardMail,1,On-Time,0,0
ORD-10715,2024-01-28,CUST-1424,Small Business,North,PRD-904,Furniture,Nordic Solid Oak Bookshelf,2,310.0,0.1,558.0,388.0,SwiftFreight,1,On-Time,0,0
ORD-10716,2024-01-28,CUST-1413,Small Business,North,PRD-080,Office Supplies,Gel Ink Pen Multi-Pack,1,18.0,0.1,16.2,10.2,SwiftFreight,1,On-Time,1,0
ORD-10717,2024-01-28,CUST-1238,Small Business,North,PRD-367,Office Supplies,HeavyDuty Metal Stapler,1,25.0,0.15,21.25,11.25,ApexGlobal,2,On-Time,0,0
ORD-10718,2024-01-28,CUST-1044,,North,PRD-925,Office Supplies,Premium Recycled Paper (Box),1,45.0,0.05,42.75,28.75,SwiftFreight,1,On-Time,0,0
ORD-10719,2024-01-28,CUST-1133,Small Business,South,PRD-025,Electronics,SmartSync Fitness Tracker,2,90.0,0.0,180.0,110.0,SwiftFreight,1,On-Time,0,0
ORD-10720,2024-01-28,CUST-1415,Small Business,South,PRD-904,Furniture,Nordic Solid Oak Bookshelf,2,310.0,0.05,589.0,419.0,ExpressLogistics,0,On-Time,0,0
ORD-10721,2024-01-28,CUST-1494,Corporate,South,PRD-044,Electronics,UltraVision 4K Monitor,3,400.0,0.0,1200.0,870.0,SwiftFreight,1,On-Time,0,0
ORD-10722,2024-01-28,CUST-1246,Corporate,South,PRD-787,Furniture,ErgoPro Executive Desk,3,450.0,0.0,1350.0,990.0,ApexGlobal,0,On-Time,0,0
ORD-10723,2024-01-28,CUST-1398,Corporate,South,PRD-044,Electronics,UltraVision 4K Monitor,2,400.0,0.05,760.0,540.0,SwiftFreight,1,On-Time,0,0
ORD-10724,2024-01-28,CUST-1480,Small Business,East,PRD-044,Electronics,UltraVision 4K Monitor,3,400.0,0.1,1080.0,750.0,ExpressLogistics,1,On-Time,0,0
ORD-10725,2024-01-28,CUST-1489,Small Business,East,PRD-156,Electronics,Apex Gaming Laptop,1,1200.0,0.15,1020.0,720.0,StandardMail,1,On-Time,0,0
ORD-10726,2024-01-28,CUST-1092,Small Business,East,PRD-787,Furniture,ErgoPro Executive Desk,3,450.0,0.15,1147.5,787.5,StandardMail,0,On-Time,0,0
ORD-10727,2024-01-28,CUST-1319,Corporate,East,PRD-904,Furniture,Nordic Solid Oak Bookshelf,1,310.0,0.15,263.5,178.5,ExpressLogistics,0,On-Time,0,0
ORD-10728,2024-01-28,CUST-1324,Corporate,East,PRD-080,Office Supplies,Gel Ink Pen Multi-Pack,2,18.0,0.05,34.2,22.2,SwiftFreight,1,On-Time,0,0
ORD-10729,2024-01-28,CUST-1304,Corporate,East,PRD-156,Electronics,Apex Gaming Laptop,3,1200.0,0.1,3240.0,2340.0,ExpressLogistics,1,On-Time,0,0
ORD-10730,2024-01-28,CUST-1386,Corporate,West,PRD-787,Furniture,ErgoPro Executive Desk,3,450.0,0.0,1350.0,990.0,ApexGlobal,1,On-Time,0,0
ORD-10731,2024-01-28,CUST-1281,Consumer,West,PRD-787,Furniture,ErgoPro Executive Desk,1,450.0,0.0,450.0,330.0,ExpressLogistics,2,On-Time,0,0
ORD-10732,2024-01-28,CUST-1085,Corporate,West,PRD-080,Office Supplies,Gel Ink Pen Multi-Pack,1,18.0,0.15,15.3,9.3,ExpressLogistics,2,On-Time,0,0
ORD-10733,2024-01-28,CUST-1232,Corporate,West,PRD-367,Office Supplies,HeavyDuty Metal Stapler,3,25.0,0.15,63.75,33.75,SwiftFreight,0,On-Time,0,0
ORD-10734,2024-01-28,CUST-1386,Consumer,West,PRD-044,Electronics,UltraVision 4K Monitor,3,400.0,0.05,1140.0,810.0,SwiftFreight,1,On-Time,0,0
ORD-10735,2024-01-29,CUST-1145,Corporate,North,PRD-080,Office Supplies,Gel Ink Pen Multi-Pack,3,18.0,0.1,48.6,30.6,ApexGlobal,0,On-Time,0,0
ORD-10736,2024-01-29,CUST-1238,Corporate,North,PRD-156,Electronics,Apex Gaming Laptop,1,1200.0,0.0,1200.0,900.0,StandardMail,1,On-Time,0,0
ORD-10737,2024-01-29,CUST-1115,Small Business,North,PRD-925,Office Supplies,Premium Recycled Paper (Box),1,45.0,0.05,42.75,28.75,ExpressLogistics,1,On-Time,0,0
ORD-10738,2024-01-29,CUST-1019,Corporate,North,PRD-025,Electronics,SmartSync Fitness Tracker,1,90.0,0.0,90.0,55.0,ApexGlobal,1,On-Time,0,0
ORD-10739,2024-01-29,CUST-1338,Small Business,North,PRD-080,Office Supplies,Gel Ink Pen Multi-Pack,3,18.0,0.15,45.9,27.9,SwiftFreight,0,On-Time,0,0
ORD-10740,2024-01-29,CUST-1059,Consumer,North,PRD-506,Electronics,SoundPulse Wireless Headphone,3,150.0,0.05,427.5,277.5,ApexGlobal,0,On-Time,0,0
ORD-10741,2024-01-29,CUST-1346,Consumer,North,PRD-787,Furniture,ErgoPro Executive Desk,2,450.0,0.1,0.0,-48.0,StandardMail,1,Cancelled,0,1
ORD-10742,2024-01-29,CUST-1123,Corporate,North,PRD-904,Furniture,Nordic Solid Oak Bookshelf,2,310.0,0.1,558.0,388.0,ExpressLogistics,0,On-Time,0,0
ORD-10743,2024-01-29,CUST-1419,Small Business,South,PRD-925,Office Supplies,Premium Recycled Paper (Box),1,45.0,0.05,42.75,28.75,ApexGlobal,2,On-Time,0,0
ORD-10744,2024-01-29,CUST-1313,Corporate,South,PRD-787,Furniture,ErgoPro Executive Desk,1,450.0,0.15,382.5,262.5,ExpressLogistics,1,On-Time,1,0
ORD-10745,2024-01-29,CUST-1043,Corporate,South,PRD-910,Furniture,LumbarComfort Mesh Chair,1,220.0,0.1,198.0,133.0,SwiftFreight,2,On-Time,0,0
ORD-10746,2024-01-29,CUST-1441,Corporate,South,PRD-367,Office Supplies,HeavyDuty Metal Stapler,1,25.0,0.05,23.75,13.75,ExpressLogistics,0,On-Time,0,0
ORD-10747,2024-01-29,CUST-1276,Consumer,South,PRD-925,Office Supplies,Premium Recycled Paper (Box),2,45.0,0.15,76.5,48.5,SwiftFreight,1,On-Time,0,0
ORD-10748,2024-01-29,CUST-1444,Small Business,East,PRD-025,Electronics,SmartSync Fitness Tracker,1,90.0,0.15,76.5,41.5,StandardMail,2,On-Time,0,0
ORD-10749,2024-01-29,CUST-1103,Small Business,East,PRD-025,Electronics,SmartSync Fitness Tracker,3,90.0,0.1,243.0,138.0,ExpressLogistics,1,On-Time,0,0
ORD-10750,2024-01-29,CUST-1137,Corporate,East,PRD-367,Office Supplies,HeavyDuty Metal Stapler,3,25.0,0.05,71.25,41.25,ExpressLogistics,0,On-Time,0,0
ORD-10751,2024-01-29,CUST-1001,Corporate,East,PRD-506,Electronics,SoundPulse Wireless Headphone,2,150.0,0.05,285.0,185.0,SwiftFreight,2,On-Time,0,0
ORD-10752,2024-01-29,CUST-1383,Consumer,East,PRD-025,Electronics,SmartSync Fitness Tracker,2,90.0,0.0,180.0,110.0,StandardMail,1,On-Time,0,0
ORD-10753,2024-01-29,CUST-1165,Consumer,East,PRD-367,Office Supplies,HeavyDuty Metal Stapler,3,25.0,0.1,67.5,37.5,ApexGlobal,0,On-Time,0,0
ORD-10754,2024-01-29,CUST-1109,Small Business,West,PRD-156,Electronics,Apex Gaming Laptop,1,1200.0,0.15,1020.0,720.0,StandardMail,2,On-Time,0,0
ORD-10755,2024-01-29,CUST-1073,Small Business,West,PRD-910,Furniture,LumbarComfort Mesh Chair,3,220.0,0.15,561.0,366.0,ExpressLogistics,1,On-Time,0,0
ORD-10756,2024-01-29,CUST-1471,Small Business,West,PRD-080,Office Supplies,Gel Ink Pen Multi-Pack,2,18.0,0.15,30.6,18.6,ExpressLogistics,1,On-Time,0,0
ORD-10757,2024-01-29,CUST-1027,Corporate,West,PRD-506,Electronics,SoundPulse Wireless Headphone,1,150.0,0.0,150.0,100.0,ExpressLogistics,0,On-Time,0,0
ORD-10758,2024-01-29,CUST-1078,Small Business,West,PRD-044,Electronics,UltraVision 4K Monitor,1,400.0,0.1,360.0,250.0,StandardMail,1,On-Time,0,0
ORD-10759,2024-01-29,CUST-1175,Corporate,West,PRD-904,Furniture,Nordic Solid Oak Bookshelf,2,310.0,0.15,527.0,357.0,StandardMail,0,On-Time,0,0
ORD-10760,2024-01-30,CUST-1103,Consumer,North,PRD-044,Electronics,UltraVision 4K Monitor,1,400.0,0.15,340.0,230.0,SwiftFreight,1,On-Time,0,0
ORD-10761,2024-01-30,CUST-1330,Small Business,North,PRD-080,Office Supplies,Gel Ink Pen Multi-Pack,1,18.0,0.15,15.3,9.3,ExpressLogistics,1,On-Time,0,0
ORD-10762,2024-01-30,CUST-1298,Corporate,North,PRD-904,Furniture,Nordic Solid Oak Bookshelf,1,310.0,0.05,294.5,209.5,ExpressLogistics,1,On-Time,0,0
ORD-10763,2024-01-30,CUST-1457,Small Business,North,PRD-910,Furniture,LumbarComfort Mesh Chair,3,220.0,0.1,594.0,399.0,ExpressLogistics,1,On-Time,0,0
ORD-10764,2024-01-30,CUST-1186,Corporate,North,PRD-910,Furniture,LumbarComfort Mesh Chair,1,220.0,0.1,198.0,133.0,StandardMail,1,On-Time,0,0
ORD-10765,2024-01-30,CUST-1303,Small Business,North,PRD-367,Office Supplies,HeavyDuty Metal Stapler,1,25.0,0.05,23.75,13.75,SwiftFreight,1,On-Time,0,0
ORD-10766,2024-01-30,CUST-1206,Corporate,North,PRD-925,Office Supplies,Premium Recycled Paper (Box),3,45.0,0.1,121.5,79.5,ApexGlobal,2,On-Time,1,0
ORD-10767,2024-01-30,CUST-1340,Small Business,South,PRD-904,Furniture,Nordic Solid Oak Bookshelf,1,310.0,0.0,310.0,225.0,SwiftFreight,2,On-Time,0,0
ORD-10768,2024-01-30,CUST-1170,Corporate,South,PRD-025,Electronics,SmartSync Fitness Tracker,2,90.0,0.15,153.0,83.0,ApexGlobal,2,On-Time,0,0
ORD-10769,2024-01-30,CUST-1275,Consumer,South,PRD-367,Office Supplies,HeavyDuty Metal Stapler,3,25.0,0.0,75.0,45.0,ApexGlobal,1,On-Time,0,0
ORD-10770,2024-01-30,CUST-1190,Small Business,South,PRD-925,Office Supplies,Premium Recycled Paper (Box),3,45.0,0.05,128.25,86.25,ExpressLogistics,2,On-Time,0,0
ORD-10771,2024-01-30,CUST-1049,Consumer,South,PRD-506,Electronics,SoundPulse Wireless Headphone,2,150.0,0.0,300.0,200.0,SwiftFreight,1,On-Time,0,0
ORD-10772,2024-01-30,CUST-1188,Consumer,East,PRD-787,Furniture,ErgoPro Executive Desk,2,450.0,0.1,810.0,570.0,SwiftFreight,2,On-Time,0,0
ORD-10773,2024-01-30,CUST-1375,Corporate,East,PRD-910,Furniture,LumbarComfort Mesh Chair,3,220.0,0.15,561.0,366.0,ExpressLogistics,1,On-Time,0,0
ORD-10774,2024-01-30,CUST-1344,Small Business,East,PRD-506,Electronics,SoundPulse Wireless Headphone,1,150.0,0.1,135.0,85.0,StandardMail,1,On-Time,0,0
ORD-10775,2024-01-30,CUST-1320,Small Business,East,PRD-787,Furniture,ErgoPro Executive Desk,3,450.0,0.15,1147.5,787.5,ApexGlobal,0,On-Time,0,0
ORD-10776,2024-01-30,CUST-1430,Corporate,East,PRD-044,Electronics,UltraVision 4K Monitor,1,400.0,0.0,400.0,290.0,ApexGlobal,1,On-Time,0,0
ORD-10777,2024-01-30,CUST-1403,Consumer,East,PRD-787,Furniture,ErgoPro Executive Desk,2,450.0,0.05,855.0,615.0,,1,On-Time,0,0
ORD-10778,2024-01-30,CUST-1117,Consumer,East,PRD-367,Office Supplies,HeavyDuty Metal Stapler,2,25.0,0.05,47.5,27.5,ApexGlobal,2,On-Time,0,0
ORD-10779,2024-01-30,CUST-1093,Small Business,West,PRD-904,Furniture,Nordic Solid Oak Bookshelf,1,310.0,0.0,310.0,225.0,ExpressLogistics,1,On-Time,0,0
ORD-10780,2024-01-30,CUST-1025,Corporate,West,PRD-506,Electronics,SoundPulse Wireless Headphone,3,150.0,0.0,450.0,300.0,SwiftFreight,0,On-Time,0,0
ORD-10781,2024-01-30,CUST-1149,Corporate,West,PRD-925,Office Supplies,Premium Recycled Paper (Box),1,45.0,0.1,40.5,26.5,StandardMail,0,On-Time,0,0
ORD-10782,2024-01-30,CUST-1143,Corporate,West,PRD-910,Furniture,LumbarComfort Mesh Chair,2,220.0,0.1,396.0,266.0,SwiftFreight,1,On-Time,0,0
ORD-10783,2024-01-30,CUST-1044,Corporate,West,PRD-904,Furniture,Nordic Solid Oak Bookshelf,3,310.0,0.15,790.5,535.5,ExpressLogistics,1,On-Time,0,0
ORD-10784,2024-01-30,CUST-1072,Consumer,West,PRD-080,Office Supplies,Gel Ink Pen Multi-Pack,3,18.0,0.1,48.6,30.6,ApexGlobal,1,On-Time,0,0
ORD-10785,2024-01-31,CUST-1238,Corporate,North,PRD-367,Office Supplies,HeavyDuty Metal Stapler,3,25.0,0.15,63.75,33.75,ExpressLogistics,1,On-Time,0,0
ORD-10786,2024-01-31,CUST-1275,Corporate,North,PRD-904,Furniture,Nordic Solid Oak Bookshelf,3,310.0,0.1,837.0,582.0,ApexGlobal,1,On-Time,0,0
ORD-10787,2024-01-31,CUST-1272,Corporate,North,PRD-080,Office Supplies,Gel Ink Pen Multi-Pack,2,18.0,0.1,32.4,20.4,SwiftFreight,1,On-Time,0,0
ORD-10788,2024-01-31,CUST-1275,Consumer,North,PRD-367,Office Supplies,HeavyDuty Metal Stapler,2,25.0,0.0,50.0,30.0,StandardMail,1,On-Time,0,0
ORD-10789,2024-01-31,CUST-1051,Small Business,North,PRD-904,Furniture,Nordic Solid Oak Bookshelf,3,310.0,0.05,883.5,628.5,ExpressLogistics,0,On-Time,0,0
ORD-10790,2024-01-31,CUST-1092,Small Business,South,PRD-910,Furniture,LumbarComfort Mesh Chair,2,220.0,0.1,396.0,266.0,StandardMail,1,On-Time,1,0
ORD-10791,2024-01-31,CUST-1027,Corporate,South,PRD-904,Furniture,Nordic Solid Oak Bookshelf,1,310.0,0.0,310.0,225.0,SwiftFreight,0,On-Time,0,0
ORD-10792,2024-01-31,CUST-1003,Corporate,South,PRD-080,Office Supplies,Gel Ink Pen Multi-Pack,3,18.0,0.05,51.3,33.3,StandardMail,0,On-Time,0,0
ORD-10793,2024-01-31,CUST-1343,Small Business,South,PRD-904,Furniture,Nordic Solid Oak Bookshelf,3,310.0,0.1,837.0,582.0,SwiftFreight,1,On-Time,0,0
ORD-10794,2024-01-31,CUST-1301,Small Business,South,PRD-367,Office Supplies,HeavyDuty Metal Stapler,2,25.0,0.1,45.0,25.0,ExpressLogistics,1,On-Time,0,0
ORD-10795,2024-01-31,CUST-1423,Corporate,South,PRD-044,Electronics,UltraVision 4K Monitor,2,400.0,0.05,760.0,540.0,ApexGlobal,1,On-Time,0,0
ORD-10796,2024-01-31,CUST-1489,Small Business,South,PRD-506,Electronics,SoundPulse Wireless Headphone,1,150.0,0.1,135.0,85.0,SwiftFreight,1,On-Time,0,0
ORD-10797,2024-01-31,CUST-1225,Small Business,South,PRD-910,Furniture,LumbarComfort Mesh Chair,1,220.0,0.1,198.0,133.0,ApexGlobal,1,On-Time,0,0
ORD-10798,2024-01-31,CUST-1398,Corporate,East,PRD-925,Office Supplies,Premium Recycled Paper (Box),2,45.0,0.15,76.5,48.5,ExpressLogistics,0,On-Time,0,0
ORD-10799,2024-01-31,CUST-1166,Corporate,East,PRD-156,Electronics,Apex Gaming Laptop,1,1200.0,0.15,1020.0,720.0,SwiftFreight,0,On-Time,0,0
ORD-10800,2024-01-31,CUST-1446,Small Business,East,PRD-025,Electronics,SmartSync Fitness Tracker,2,90.0,0.1,162.0,92.0,StandardMail,1,On-Time,0,0
ORD-10801,2024-01-31,CUST-1226,Consumer,East,PRD-506,Electronics,SoundPulse Wireless Headphone,2,150.0,0.05,285.0,185.0,,1,On-Time,0,0
ORD-10802,2024-01-31,CUST-1487,Corporate,East,PRD-925,Office Supplies,Premium Recycled Paper (Box),1,45.0,0.05,42.75,28.75,ApexGlobal,1,On-Time,0,0
ORD-10803,2024-01-31,CUST-1466,Small Business,West,PRD-156,Electronics,Apex Gaming Laptop,1,1200.0,0.15,1020.0,720.0,ApexGlobal,1,On-Time,0,0
ORD-10804,2024-01-31,CUST-1038,Small Business,West,PRD-044,Electronics,UltraVision 4K Monitor,1,400.0,0.0,400.0,290.0,ExpressLogistics,3,Normal,0,0
ORD-10805,2024-01-31,CUST-1190,Corporate,West,PRD-787,Furniture,ErgoPro Executive Desk,2,450.0,0.05,855.0,615.0,SwiftFreight,1,On-Time,0,0
ORD-10806,2024-01-31,CUST-1245,Corporate,West,PRD-506,Electronics,SoundPulse Wireless Headphone,2,150.0,0.15,255.0,155.0,StandardMail,1,On-Time,0,0
ORD-10807,2024-01-31,CUST-1421,Corporate,West,PRD-910,Furniture,LumbarComfort Mesh Chair,3,220.0,0.15,561.0,366.0,ExpressLogistics,0,On-Time,0,0
ORD-10808,2024-01-31,CUST-1386,Consumer,West,PRD-367,Office Supplies,HeavyDuty Metal Stapler,3,25.0,0.1,67.5,37.5,ExpressLogistics,1,On-Time,0,0
ORD-10809,2024-02-01,CUST-1254,Corporate,North,PRD-367,Office Supplies,HeavyDuty Metal Stapler,1,25.0,0.0,25.0,15.0,ExpressLogistics,1,On-Time,0,0
ORD-10810,2024-02-01,CUST-1249,Small Business,North,PRD-367,Office Supplies,HeavyDuty Metal Stapler,3,25.0,0.05,71.25,41.25,ApexGlobal,0,On-Time,0,0
ORD-10811,2024-02-01,CUST-1044,Corporate,North,PRD-156,Electronics,Apex Gaming Laptop,3,1200.0,0.15,3060.0,2160.0,ApexGlobal,1,On-Time,0,0
ORD-10812,2024-02-01,CUST-1419,Consumer,North,PRD-156,Electronics,Apex Gaming Laptop,1,1200.0,0.1,1080.0,780.0,ApexGlobal,1,On-Time,0,0
ORD-10813,2024-02-01,CUST-1407,Corporate,North,PRD-080,Office Supplies,Gel Ink Pen Multi-Pack,2,18.0,0.1,32.4,20.4,StandardMail,1,On-Time,0,0
ORD-10814,2024-02-01,CUST-1422,Small Business,South,PRD-044,Electronics,UltraVision 4K Monitor,1,400.0,0.15,340.0,230.0,ApexGlobal,1,On-Time,0,0
ORD-10815,2024-02-01,CUST-1271,Consumer,South,PRD-025,Electronics,SmartSync Fitness Tracker,3,90.0,0.0,270.0,165.0,SwiftFreight,0,On-Time,0,0
ORD-10816,2024-02-01,CUST-1095,Consumer,South,PRD-367,Office Supplies,HeavyDuty Metal Stapler,2,25.0,0.05,47.5,27.5,,1,On-Time,0,0
ORD-10817,2024-02-01,CUST-1268,Small Business,South,PRD-367,Office Supplies,HeavyDuty Metal Stapler,3,25.0,0.0,75.0,45.0,ApexGlobal,1,On-Time,0,0
ORD-10818,2024-02-01,CUST-1201,Small Business,South,PRD-367,Office Supplies,HeavyDuty Metal Stapler,3,25.0,0.15,63.75,33.75,ApexGlobal,0,On-Time,0,0
ORD-10819,2024-02-01,CUST-1416,Small Business,East,PRD-367,Office Supplies,HeavyDuty Metal Stapler,1,25.0,0.0,25.0,15.0,ExpressLogistics,2,On-Time,0,0
ORD-10820,2024-02-01,CUST-1097,Small Business,East,PRD-156,Electronics,Apex Gaming Laptop,1,1200.0,0.0,1200.0,900.0,StandardMail,1,On-Time,0,0
ORD-10821,2024-02-01,CUST-1236,Corporate,East,PRD-787,Furniture,ErgoPro Executive Desk,2,450.0,0.1,810.0,570.0,StandardMail,1,On-Time,0,0
ORD-10822,2024-02-01,CUST-1370,Small Business,East,PRD-506,Electronics,SoundPulse Wireless Headphone,3,150.0,0.0,450.0,300.0,ApexGlobal,1,On-Time,0,0
ORD-10823,2024-02-01,CUST-1480,Corporate,East,PRD-367,Office Supplies,HeavyDuty Metal Stapler,2,25.0,0.1,45.0,25.0,SwiftFreight,1,On-Time,0,0
ORD-10824,2024-02-01,CUST-1433,Corporate,East,PRD-156,Electronics,Apex Gaming Laptop,2,1200.0,0.1,2160.0,1560.0,ExpressLogistics,2,On-Time,1,0
ORD-10825,2024-02-01,CUST-1199,Consumer,West,PRD-787,Furniture,ErgoPro Executive Desk,1,450.0,0.05,427.5,307.5,ApexGlobal,1,On-Time,0,0
ORD-10826,2024-02-01,CUST-1449,Small Business,West,PRD-044,Electronics,UltraVision 4K Monitor,3,400.0,0.15,1020.0,690.0,ApexGlobal,0,On-Time,0,0
ORD-10827,2024-02-01,CUST-1272,Consumer,West,PRD-025,Electronics,SmartSync Fitness Tracker,2,90.0,0.05,171.0,101.0,StandardMail,0,On-Time,0,0
ORD-10828,2024-02-01,CUST-1370,Corporate,West,PRD-156,Electronics,Apex Gaming Laptop,2,1200.0,0.0,2400.0,1800.0,ExpressLogistics,2,On-Time,0,0
ORD-10829,2024-02-01,CUST-1057,Consumer,West,PRD-080,Office Supplies,Gel Ink Pen Multi-Pack,1,18.0,0.15,15.3,9.3,SwiftFreight,2,On-Time,0,0
ORD-10830,2024-02-01,CUST-1354,Consumer,West,PRD-367,Office Supplies,HeavyDuty Metal Stapler,2,25.0,0.0,50.0,30.0,ApexGlobal,2,On-Time,0,0
ORD-10831,2024-02-02,CUST-1425,Small Business,North,PRD-025,Electronics,SmartSync Fitness Tracker,2,90.0,0.1,162.0,92.0,ApexGlobal,1,On-Time,0,0
ORD-10832,2024-02-02,CUST-1369,Corporate,North,PRD-156,Electronics,Apex Gaming Laptop,2,1200.0,0.05,2280.0,1680.0,ExpressLogistics,1,On-Time,0,0
ORD-10833,2024-02-02,CUST-1399,Corporate,North,PRD-904,Furniture,Nordic Solid Oak Bookshelf,3,310.0,0.1,837.0,582.0,StandardMail,1,On-Time,0,0
ORD-10834,2024-02-02,CUST-1489,Small Business,North,PRD-156,Electronics,Apex Gaming Laptop,1,1200.0,0.0,1200.0,900.0,ExpressLogistics,0,On-Time,0,0
ORD-10835,2024-02-02,CUST-1009,Consumer,North,PRD-080,Office Supplies,Gel Ink Pen Multi-Pack,3,18.0,0.05,51.3,33.3,ApexGlobal,0,On-Time,0,0
ORD-10836,2024-02-02,CUST-1139,Corporate,South,PRD-904,Furniture,Nordic Solid Oak Bookshelf,3,310.0,0.1,837.0,582.0,ExpressLogistics,2,On-Time,0,0
ORD-10837,2024-02-02,CUST-1367,Corporate,South,PRD-787,Furniture,ErgoPro Executive Desk,1,450.0,0.0,450.0,330.0,StandardMail,2,On-Time,0,0
ORD-10838,2024-02-02,CUST-1339,Corporate,South,PRD-910,Furniture,LumbarComfort Mesh Chair,1,220.0,0.15,187.0,122.0,StandardMail,1,On-Time,0,0
ORD-10839,2024-02-02,CUST-1480,Corporate,South,PRD-367,Office Supplies,HeavyDuty Metal Stapler,2,25.0,0.0,50.0,30.0,SwiftFreight,1,On-Time,0,0
ORD-10840,2024-02-02,CUST-1024,Small Business,South,PRD-367,Office Supplies,HeavyDuty Metal Stapler,1,25.0,0.05,23.75,13.75,ExpressLogistics,1,On-Time,0,0
ORD-10841,2024-02-02,CUST-1069,Corporate,South,PRD-925,Office Supplies,Premium Recycled Paper (Box),1,45.0,0.15,38.25,24.25,SwiftFreight,1,On-Time,0,0
ORD-10842,2024-02-02,CUST-1359,Small Business,South,PRD-910,Furniture,LumbarComfort Mesh Chair,3,220.0,0.0,660.0,465.0,SwiftFreight,1,On-Time,0,0
ORD-10843,2024-02-02,CUST-1137,Corporate,South,PRD-787,Furniture,ErgoPro Executive Desk,1,450.0,0.15,382.5,262.5,StandardMail,2,On-Time,0,0
ORD-10844,2024-02-02,CUST-1055,Consumer,East,PRD-044,Electronics,UltraVision 4K Monitor,3,400.0,0.1,1080.0,750.0,ExpressLogistics,0,On-Time,0,0
ORD-10845,2024-02-02,CUST-1072,Small Business,East,PRD-080,Office Supplies,Gel Ink Pen Multi-Pack,3,18.0,0.05,51.3,33.3,ApexGlobal,2,On-Time,0,0
ORD-10846,2024-02-02,CUST-1475,Small Business,East,PRD-080,Office Supplies,Gel Ink Pen Multi-Pack,3,18.0,0.0,54.0,36.0,StandardMail,1,On-Time,0,0
ORD-10847,2024-02-02,CUST-1446,Small Business,East,PRD-367,Office Supplies,HeavyDuty Metal Stapler,1,25.0,0.15,21.25,11.25,ApexGlobal,1,On-Time,0,0
ORD-10848,2024-02-02,CUST-1185,Small Business,East,PRD-080,Office Supplies,Gel Ink Pen Multi-Pack,1,18.0,0.15,15.3,9.3,SwiftFreight,0,On-Time,0,0
ORD-10849,2024-02-02,CUST-1051,Small Business,West,PRD-367,Office Supplies,HeavyDuty Metal Stapler,1,25.0,0.0,25.0,15.0,SwiftFreight,1,On-Time,0,0
ORD-10850,2024-02-02,CUST-1320,Small Business,West,PRD-910,Furniture,LumbarComfort Mesh Chair,1,220.0,0.05,209.0,144.0,ExpressLogistics,2,On-Time,0,0
ORD-10851,2024-02-02,CUST-1404,Corporate,West,PRD-787,Furniture,ErgoPro Executive Desk,3,450.0,0.1,1215.0,855.0,ApexGlobal,1,On-Time,0,0
ORD-10852,2024-02-02,CUST-1174,Consumer,West,PRD-367,Office Supplies,HeavyDuty Metal Stapler,1,25.0,0.15,21.25,11.25,StandardMail,2,On-Time,0,0
ORD-10853,2024-02-02,CUST-1144,Consumer,West,PRD-025,Electronics,SmartSync Fitness Tracker,2,90.0,0.15,153.0,83.0,StandardMail,0,On-Time,0,0
ORD-10854,2024-02-02,CUST-1238,Consumer,West,PRD-910,Furniture,LumbarComfort Mesh Chair,1,220.0,0.1,198.0,133.0,ExpressLogistics,0,On-Time,0,0
ORD-10855,2024-02-02,CUST-1268,Corporate,West,PRD-080,Office Supplies,Gel Ink Pen Multi-Pack,1,18.0,0.0,18.0,12.0,ExpressLogistics,0,On-Time,1,0
ORD-10856,2024-02-03,CUST-1304,Corporate,North,PRD-787,Furniture,ErgoPro Executive Desk,3,450.0,0.0,1350.0,990.0,ExpressLogistics,1,On-Time,0,0
ORD-10857,2024-02-03,CUST-1004,Small Business,North,PRD-080,Office Supplies,Gel Ink Pen Multi-Pack,2,18.0,0.1,32.4,20.4,SwiftFreight,0,On-Time,0,0
ORD-10858,2024-02-03,CUST-1272,Small Business,North,PRD-925,Office Supplies,Premium Recycled Paper (Box),1,45.0,0.1,40.5,26.5,ApexGlobal,1,On-Time,0,0
ORD-10859,2024-02-03,CUST-1383,Consumer,North,PRD-025,Electronics,SmartSync Fitness Tracker,3,90.0,0.1,243.0,138.0,StandardMail,2,On-Time,0,0
ORD-10860,2024-02-03,CUST-1418,Small Business,North,PRD-925,Office Supplies,Premium Recycled Paper (Box),3,45.0,0.15,114.75,72.75,ExpressLogistics,1,On-Time,0,0
ORD-10861,2024-02-03,CUST-1121,Consumer,North,PRD-367,Office Supplies,HeavyDuty Metal Stapler,1,25.0,0.0,25.0,15.0,ApexGlobal,2,On-Time,0,0
ORD-10862,2024-02-03,CUST-1140,Corporate,South,PRD-925,Office Supplies,Premium Recycled Paper (Box),2,45.0,0.1,81.0,53.0,ExpressLogistics,1,On-Time,0,0
ORD-10863,2024-02-03,CUST-1367,Consumer,South,PRD-025,Electronics,SmartSync Fitness Tracker,3,90.0,0.05,256.5,151.5,StandardMail,0,On-Time,0,0
ORD-10864,2024-02-03,CUST-1189,Consumer,South,PRD-904,Furniture,Nordic Solid Oak Bookshelf,1,310.0,0.05,294.5,209.5,SwiftFreight,1,On-Time,0,0
ORD-10865,2024-02-03,CUST-1193,Consumer,South,PRD-787,Furniture,ErgoPro Executive Desk,3,450.0,0.15,1147.5,787.5,SwiftFreight,1,On-Time,0,0
ORD-10866,2024-02-03,CUST-1486,Small Business,South,PRD-787,Furniture,ErgoPro Executive Desk,1,450.0,0.15,382.5,262.5,ExpressLogistics,1,On-Time,0,0
ORD-10867,2024-02-03,CUST-1363,Small Business,South,PRD-080,Office Supplies,Gel Ink Pen Multi-Pack,3,18.0,0.0,54.0,36.0,StandardMail,0,On-Time,0,0
ORD-10868,2024-02-03,CUST-1229,Corporate,South,PRD-080,Office Supplies,Gel Ink Pen Multi-Pack,2,18.0,0.05,34.2,22.2,,0,On-Time,0,0
ORD-10869,2024-02-03,CUST-1422,Consumer,South,PRD-080,Office Supplies,Gel Ink Pen Multi-Pack,2,18.0,0.0,36.0,24.0,StandardMail,1,On-Time,0,0
ORD-10870,2024-02-03,CUST-1493,Small Business,East,PRD-904,Furniture,Nordic Solid Oak Bookshelf,1,310.0,0.05,294.5,209.5,SwiftFreight,1,On-Time,0,0
ORD-10871,2024-02-03,CUST-1145,Small Business,East,PRD-156,Electronics,Apex Gaming Laptop,3,1200.0,0.15,3060.0,2160.0,ApexGlobal,3,Normal,0,0
ORD-10872,2024-02-03,CUST-1111,Small Business,East,PRD-910,Furniture,LumbarComfort Mesh Chair,3,220.0,0.05,627.0,432.0,ApexGlobal,0,On-Time,0,0
ORD-10873,2024-02-03,CUST-1298,,East,PRD-910,Furniture,LumbarComfort Mesh Chair,1,220.0,0.15,187.0,122.0,SwiftFreight,0,On-Time,0,0
ORD-10874,2024-02-03,CUST-1415,Consumer,East,PRD-904,Furniture,Nordic Solid Oak Bookshelf,2,310.0,0.1,558.0,388.0,ApexGlobal,2,On-Time,0,0
ORD-10875,2024-02-03,CUST-1192,Small Business,East,PRD-080,Office Supplies,Gel Ink Pen Multi-Pack,2,18.0,0.05,34.2,22.2,SwiftFreight,1,On-Time,0,0
ORD-10876,2024-02-03,CUST-1075,Consumer,West,PRD-080,Office Supplies,Gel Ink Pen Multi-Pack,3,18.0,0.1,48.6,30.6,ApexGlobal,2,On-Time,0,0
ORD-10877,2024-02-03,CUST-1250,Small Business,West,PRD-506,Electronics,SoundPulse Wireless Headphone,1,150.0,0.1,135.0,85.0,ExpressLogistics,1,On-Time,0,0
ORD-10878,2024-02-03,CUST-1280,Corporate,West,PRD-925,Office Supplies,Premium Recycled Paper (Box),2,45.0,0.15,76.5,48.5,ApexGlobal,2,On-Time,0,0
ORD-10879,2024-02-03,CUST-1024,Corporate,West,PRD-156,Electronics,Apex Gaming Laptop,2,1200.0,0.0,2400.0,1800.0,StandardMail,0,On-Time,1,0
ORD-10880,2024-02-03,CUST-1115,Consumer,West,PRD-156,Electronics,Apex Gaming Laptop,2,1200.0,0.05,2280.0,1680.0,ApexGlobal,1,On-Time,0,0
ORD-10881,2024-02-03,CUST-1084,Consumer,West,PRD-904,Furniture,Nordic Solid Oak Bookshelf,1,310.0,0.1,279.0,194.0,SwiftFreight,1,On-Time,0,0
ORD-10882,2024-02-03,CUST-1257,Consumer,West,PRD-925,Office Supplies,Premium Recycled Paper (Box),1,45.0,0.05,42.75,28.75,ExpressLogistics,1,On-Time,0,0
ORD-10883,2024-02-03,CUST-1330,Corporate,West,PRD-787,Furniture,ErgoPro Executive Desk,1,450.0,0.05,427.5,307.5,StandardMail,1,On-Time,0,0
ORD-10884,2024-02-04,CUST-1332,Consumer,North,PRD-080,Office Supplies,Gel Ink Pen Multi-Pack,3,18.0,0.1,48.6,30.6,ExpressLogistics,2,On-Time,1,0
ORD-10885,2024-02-04,CUST-1410,Corporate,North,PRD-910,Furniture,LumbarComfort Mesh Chair,3,220.0,0.1,594.0,399.0,ExpressLogistics,2,On-Time,0,0
ORD-10886,2024-02-04,CUST-1062,Consumer,North,PRD-925,Office Supplies,Premium Recycled Paper (Box),1,45.0,0.05,42.75,28.75,StandardMail,1,On-Time,0,0
ORD-10887,2024-02-04,CUST-1252,Consumer,North,PRD-080,Office Supplies,Gel Ink Pen Multi-Pack,1,18.0,0.1,16.2,10.2,SwiftFreight,1,On-Time,0,0
ORD-10888,2024-02-04,CUST-1283,Small Business,North,PRD-044,Electronics,UltraVision 4K Monitor,2,400.0,0.15,680.0,460.0,SwiftFreight,1,On-Time,0,0
ORD-10889,2024-02-04,CUST-1413,Small Business,North,PRD-506,Electronics,SoundPulse Wireless Headphone,3,150.0,0.05,427.5,277.5,ExpressLogistics,1,On-Time,0,0
ORD-10890,2024-02-04,CUST-1292,Corporate,North,PRD-025,Electronics,SmartSync Fitness Tracker,1,90.0,0.1,81.0,46.0,ApexGlobal,0,On-Time,0,0
ORD-10891,2024-02-04,CUST-1429,Consumer,North,PRD-044,Electronics,UltraVision 4K Monitor,3,400.0,0.0,1200.0,870.0,ApexGlobal,1,On-Time,0,0
ORD-10892,2024-02-04,CUST-1147,Corporate,South,PRD-367,Office Supplies,HeavyDuty Metal Stapler,1,25.0,0.0,25.0,15.0,SwiftFreight,1,On-Time,0,0
ORD-10893,2024-02-04,CUST-1405,Corporate,South,PRD-367,Office Supplies,HeavyDuty Metal Stapler,2,25.0,0.1,45.0,25.0,StandardMail,2,On-Time,0,0
ORD-10894,2024-02-04,CUST-1220,Small Business,South,PRD-925,Office Supplies,Premium Recycled Paper (Box),2,45.0,0.0,90.0,62.0,ApexGlobal,0,On-Time,0,0
ORD-10895,2024-02-04,CUST-1328,Small Business,South,PRD-506,Electronics,SoundPulse Wireless Headphone,3,150.0,0.0,450.0,300.0,SwiftFreight,1,On-Time,0,0
ORD-10896,2024-02-04,CUST-1147,Corporate,South,PRD-080,Office Supplies,Gel Ink Pen Multi-Pack,1,18.0,0.15,15.3,9.3,,0,On-Time,0,0
ORD-10897,2024-02-04,CUST-1403,Corporate,East,PRD-506,Electronics,SoundPulse Wireless Headphone,3,150.0,0.1,405.0,255.0,ApexGlobal,0,On-Time,0,0
ORD-10898,2024-02-04,CUST-1289,Corporate,East,PRD-787,Furniture,ErgoPro Executive Desk,1,450.0,0.15,382.5,262.5,ExpressLogistics,2,On-Time,0,0
ORD-10899,2024-02-04,CUST-1134,Consumer,East,PRD-925,Office Supplies,Premium Recycled Paper (Box),3,45.0,0.15,114.75,72.75,SwiftFreight,1,On-Time,0,0
ORD-10900,2024-02-04,CUST-1414,Small Business,East,PRD-080,Office Supplies,Gel Ink Pen Multi-Pack,3,18.0,0.05,51.3,33.3,ExpressLogistics,0,On-Time,0,0
ORD-10901,2024-02-04,CUST-1186,Small Business,East,PRD-910,Furniture,LumbarComfort Mesh Chair,2,220.0,0.0,440.0,310.0,StandardMail,0,On-Time,0,0
ORD-10902,2024-02-04,CUST-1422,Corporate,West,PRD-080,Office Supplies,Gel Ink Pen Multi-Pack,1,18.0,0.1,16.2,10.2,ExpressLogistics,0,On-Time,0,0
ORD-10903,2024-02-04,CUST-1394,,West,PRD-904,Furniture,Nordic Solid Oak Bookshelf,3,310.0,0.15,790.5,535.5,StandardMail,1,On-Time,0,0
ORD-10904,2024-02-04,CUST-1208,Consumer,West,PRD-904,Furniture,Nordic Solid Oak Bookshelf,1,310.0,0.05,294.5,209.5,ApexGlobal,0,On-Time,0,0
ORD-10905,2024-02-04,CUST-1046,Small Business,West,PRD-156,Electronics,Apex Gaming Laptop,1,1200.0,0.05,1140.0,840.0,ExpressLogistics,0,On-Time,0,0
ORD-10906,2024-02-04,CUST-1409,Small Business,West,PRD-506,Electronics,SoundPulse Wireless Headphone,3,150.0,0.05,427.5,277.5,StandardMail,2,On-Time,0,0
ORD-10907,2024-02-04,CUST-1492,Consumer,West,PRD-025,Electronics,SmartSync Fitness Tracker,3,90.0,0.0,270.0,165.0,SwiftFreight,2,On-Time,0,0
ORD-10908,2024-02-05,CUST-1385,Consumer,North,PRD-904,Furniture,Nordic Solid Oak Bookshelf,2,310.0,0.1,558.0,388.0,ExpressLogistics,0,On-Time,0,0
ORD-10909,2024-02-05,CUST-1280,Consumer,North,PRD-156,Electronics,Apex Gaming Laptop,1,1200.0,0.05,1140.0,840.0,ApexGlobal,1,On-Time,0,0
ORD-10910,2024-02-05,CUST-1373,Small Business,North,PRD-506,Electronics,SoundPulse Wireless Headphone,2,150.0,0.1,270.0,170.0,StandardMail,1,On-Time,0,0
ORD-10911,2024-02-05,CUST-1236,Corporate,North,PRD-904,Furniture,Nordic Solid Oak Bookshelf,2,310.0,0.15,527.0,357.0,StandardMail,1,On-Time,0,0
ORD-10912,2024-02-05,CUST-1159,Corporate,North,PRD-025,Electronics,SmartSync Fitness Tracker,2,90.0,0.0,180.0,110.0,ExpressLogistics,1,On-Time,0,0
ORD-10913,2024-02-05,CUST-1072,Small Business,North,PRD-080,Office Supplies,Gel Ink Pen Multi-Pack,2,18.0,0.0,36.0,24.0,ExpressLogistics,0,On-Time,0,0
ORD-10914,2024-02-05,CUST-1410,Small Business,North,PRD-044,Electronics,UltraVision 4K Monitor,2,400.0,0.0,800.0,580.0,ApexGlobal,2,On-Time,0,0
ORD-10915,2024-02-05,CUST-1284,Small Business,North,PRD-904,Furniture,Nordic Solid Oak Bookshelf,3,310.0,0.0,930.0,675.0,ApexGlobal,1,On-Time,0,0
ORD-10916,2024-02-05,CUST-1109,Corporate,South,PRD-910,Furniture,LumbarComfort Mesh Chair,2,220.0,0.0,440.0,310.0,StandardMail,2,On-Time,0,0
ORD-10917,2024-02-05,CUST-1161,Consumer,South,PRD-367,Office Supplies,HeavyDuty Metal Stapler,2,25.0,0.05,47.5,27.5,StandardMail,0,On-Time,0,0
ORD-10918,2024-02-05,CUST-1205,Small Business,South,PRD-904,Furniture,Nordic Solid Oak Bookshelf,3,310.0,0.05,883.5,628.5,ApexGlobal,1,On-Time,0,0
ORD-10919,2024-02-05,CUST-1216,Small Business,South,PRD-080,Office Supplies,Gel Ink Pen Multi-Pack,1,18.0,0.1,16.2,10.2,ExpressLogistics,1,On-Time,0,0
ORD-10920,2024-02-05,CUST-1364,Small Business,South,PRD-367,Office Supplies,HeavyDuty Metal Stapler,3,25.0,0.0,75.0,45.0,ExpressLogistics,2,On-Time,0,0
ORD-10921,2024-02-05,CUST-1148,Consumer,South,PRD-080,Office Supplies,Gel Ink Pen Multi-Pack,3,18.0,0.15,45.9,27.9,ExpressLogistics,1,On-Time,0,0
ORD-10922,2024-02-05,CUST-1086,Corporate,East,PRD-044,Electronics,UltraVision 4K Monitor,2,400.0,0.05,760.0,540.0,StandardMail,1,On-Time,0,0
ORD-10923,2024-02-05,CUST-1014,Small Business,East,PRD-367,Office Supplies,HeavyDuty Metal Stapler,1,25.0,0.05,23.75,13.75,SwiftFreight,0,On-Time,0,0
ORD-10924,2024-02-05,CUST-1378,Consumer,East,PRD-925,Office Supplies,Premium Recycled Paper (Box),2,45.0,0.05,0.0,-5.6,ExpressLogistics,1,Cancelled,0,1
ORD-10925,2024-02-05,CUST-1286,Consumer,East,PRD-080,Office Supplies,Gel Ink Pen Multi-Pack,3,18.0,0.0,54.0,36.0,StandardMail,0,On-Time,1,0
ORD-10926,2024-02-05,CUST-1423,Small Business,East,PRD-367,Office Supplies,HeavyDuty Metal Stapler,1,25.0,0.1,22.5,12.5,ExpressLogistics,0,On-Time,0,0
ORD-10927,2024-02-05,CUST-1284,Corporate,West,PRD-506,Electronics,SoundPulse Wireless Headphone,2,150.0,0.15,255.0,155.0,ApexGlobal,1,On-Time,0,0
ORD-10928,2024-02-05,CUST-1218,Corporate,West,PRD-506,Electronics,SoundPulse Wireless Headphone,1,150.0,0.0,150.0,100.0,ApexGlobal,2,On-Time,0,0
ORD-10929,2024-02-05,CUST-1427,Small Business,West,PRD-506,Electronics,SoundPulse Wireless Headphone,3,150.0,0.1,405.0,255.0,StandardMail,1,On-Time,0,0
ORD-10930,2024-02-05,CUST-1019,Corporate,West,PRD-904,Furniture,Nordic Solid Oak Bookshelf,2,310.0,0.1,558.0,388.0,SwiftFreight,1,On-Time,0,0
ORD-10931,2024-02-05,CUST-1436,Small Business,West,PRD-925,Office Supplies,Premium Recycled Paper (Box),3,45.0,0.1,121.5,79.5,StandardMail,1,On-Time,0,0
ORD-10932,2024-02-06,CUST-1434,Consumer,North,PRD-044,Electronics,UltraVision 4K Monitor,1,400.0,0.05,380.0,270.0,SwiftFreight,0,On-Time,0,0
ORD-10933,2024-02-06,CUST-1474,Small Business,North,PRD-080,Office Supplies,Gel Ink Pen Multi-Pack,1,18.0,0.15,15.3,9.3,ApexGlobal,2,On-Time,0,0
ORD-10934,2024-02-06,CUST-1474,Corporate,North,PRD-044,Electronics,UltraVision 4K Monitor,1,400.0,0.15,340.0,230.0,StandardMail,1,On-Time,0,0
ORD-10935,2024-02-06,CUST-1440,Corporate,North,PRD-910,Furniture,LumbarComfort Mesh Chair,2,220.0,0.15,374.0,244.0,ExpressLogistics,1,On-Time,0,0
ORD-10936,2024-02-06,CUST-1455,Consumer,North,PRD-080,Office Supplies,Gel Ink Pen Multi-Pack,2,18.0,0.0,36.0,24.0,ApexGlobal,0,On-Time,0,0
ORD-10937,2024-02-06,CUST-1406,Consumer,North,PRD-367,Office Supplies,HeavyDuty Metal Stapler,3,25.0,0.1,67.5,37.5,ExpressLogistics,2,On-Time,0,0
ORD-10938,2024-02-06,CUST-1434,Small Business,North,PRD-156,Electronics,Apex Gaming Laptop,3,1200.0,0.0,3600.0,2700.0,StandardMail,0,On-Time,0,0
ORD-10939,2024-02-06,CUST-1153,Small Business,North,PRD-156,Electronics,Apex Gaming Laptop,2,1200.0,0.1,2160.0,1560.0,StandardMail,2,On-Time,0,0
ORD-10940,2024-02-06,CUST-1219,Small Business,South,PRD-044,Electronics,UltraVision 4K Monitor,1,400.0,0.15,340.0,230.0,SwiftFreight,1,On-Time,0,0
ORD-10941,2024-02-06,CUST-1051,Small Business,South,PRD-925,Office Supplies,Premium Recycled Paper (Box),2,45.0,0.05,85.5,57.5,StandardMail,2,On-Time,0,0
ORD-10942,2024-02-06,CUST-1420,Small Business,South,PRD-367,Office Supplies,HeavyDuty Metal Stapler,2,25.0,0.15,42.5,22.5,ApexGlobal,2,On-Time,0,0
ORD-10943,2024-02-06,CUST-1268,Small Business,South,PRD-506,Electronics,SoundPulse Wireless Headphone,1,150.0,0.05,142.5,92.5,SwiftFreight,1,On-Time,0,0
ORD-10944,2024-02-06,CUST-1479,Corporate,South,PRD-506,Electronics,SoundPulse Wireless Headphone,1,150.0,0.05,142.5,92.5,StandardMail,2,On-Time,0,0
ORD-10945,2024-02-06,CUST-1347,Corporate,South,PRD-506,Electronics,SoundPulse Wireless Headphone,2,150.0,0.15,255.0,155.0,SwiftFreight,2,On-Time,0,0
ORD-10946,2024-02-06,CUST-1025,Consumer,East,PRD-910,Furniture,LumbarComfort Mesh Chair,1,220.0,0.05,209.0,144.0,ExpressLogistics,1,On-Time,0,0
ORD-10947,2024-02-06,CUST-1163,Small Business,East,PRD-044,Electronics,UltraVision 4K Monitor,2,400.0,0.15,680.0,460.0,StandardMail,1,On-Time,0,0
ORD-10948,2024-02-06,CUST-1413,Corporate,East,PRD-156,Electronics,Apex Gaming Laptop,1,1200.0,0.1,1080.0,780.0,ExpressLogistics,0,On-Time,0,0
ORD-10949,2024-02-06,CUST-1216,Small Business,East,PRD-080,Office Supplies,Gel Ink Pen Multi-Pack,3,18.0,0.1,48.6,30.6,ApexGlobal,0,On-Time,0,0
ORD-10950,2024-02-06,CUST-1216,Small Business,East,PRD-080,Office Supplies,Gel Ink Pen Multi-Pack,2,18.0,0.05,34.2,22.2,,3,Normal,0,0
ORD-10951,2024-02-06,CUST-1168,Small Business,West,PRD-910,Furniture,LumbarComfort Mesh Chair,2,220.0,0.0,440.0,310.0,ApexGlobal,3,Normal,0,0
ORD-10952,2024-02-06,CUST-1307,Corporate,West,PRD-025,Electronics,SmartSync Fitness Tracker,1,90.0,0.1,81.0,46.0,ApexGlobal,1,On-Time,0,0
ORD-10953,2024-02-06,CUST-1417,Corporate,West,PRD-904,Furniture,Nordic Solid Oak Bookshelf,1,310.0,0.0,310.0,225.0,SwiftFreight,2,On-Time,0,0
ORD-10954,2024-02-06,CUST-1177,Corporate,West,PRD-506,Electronics,SoundPulse Wireless Headphone,1,150.0,0.0,150.0,100.0,ApexGlobal,2,On-Time,0,0
ORD-10955,2024-02-06,CUST-1407,Consumer,West,PRD-506,Electronics,SoundPulse Wireless Headphone,3,150.0,0.05,427.5,277.5,ApexGlobal,1,On-Time,0,0
ORD-10956,2024-02-07,CUST-1145,Small Business,North,PRD-367,Office Supplies,HeavyDuty Metal Stapler,1,25.0,0.05,23.75,13.75,StandardMail,0,On-Time,0,0
ORD-10957,2024-02-07,CUST-1186,Corporate,North,PRD-367,Office Supplies,HeavyDuty Metal Stapler,3,25.0,0.15,63.75,33.75,StandardMail,0,On-Time,0,0
ORD-10958,2024-02-07,CUST-1038,Corporate,North,PRD-506,Electronics,SoundPulse Wireless Headphone,1,150.0,0.15,127.5,77.5,ExpressLogistics,1,On-Time,0,0
ORD-10959,2024-02-07,CUST-1202,Consumer,North,PRD-506,Electronics,SoundPulse Wireless Headphone,2,150.0,0.05,285.0,185.0,SwiftFreight,2,On-Time,0,0
ORD-10960,2024-02-07,CUST-1454,Small Business,North,PRD-367,Office Supplies,HeavyDuty Metal Stapler,1,25.0,0.05,23.75,13.75,ExpressLogistics,1,On-Time,0,0
ORD-10961,2024-02-07,CUST-1089,Consumer,South,PRD-787,Furniture,ErgoPro Executive Desk,1,450.0,0.15,382.5,262.5,ExpressLogistics,2,On-Time,0,0
ORD-10962,2024-02-07,CUST-1401,Small Business,South,PRD-080,Office Supplies,Gel Ink Pen Multi-Pack,3,18.0,0.1,0.0,-3.6,ExpressLogistics,0,Cancelled,0,1
ORD-10963,2024-02-07,CUST-1425,Consumer,South,PRD-904,Furniture,Nordic Solid Oak Bookshelf,1,310.0,0.15,263.5,178.5,StandardMail,1,On-Time,0,0
ORD-10964,2024-02-07,CUST-1245,Consumer,South,PRD-025,Electronics,SmartSync Fitness Tracker,1,90.0,0.05,85.5,50.5,SwiftFreight,1,On-Time,1,0
ORD-10965,2024-02-07,CUST-1234,Small Business,South,PRD-080,Office Supplies,Gel Ink Pen Multi-Pack,2,18.0,0.1,32.4,20.4,SwiftFreight,2,On-Time,1,0
ORD-10966,2024-02-07,CUST-1273,Small Business,South,PRD-925,Office Supplies,Premium Recycled Paper (Box),3,45.0,0.15,114.75,72.75,ExpressLogistics,0,On-Time,0,0
ORD-10967,2024-02-07,CUST-1421,Consumer,South,PRD-910,Furniture,LumbarComfort Mesh Chair,1,220.0,0.05,209.0,144.0,ExpressLogistics,1,On-Time,0,0
ORD-10968,2024-02-07,CUST-1092,Consumer,East,PRD-025,Electronics,SmartSync Fitness Tracker,2,90.0,0.05,171.0,101.0,ExpressLogistics,0,On-Time,0,0
ORD-10969,2024-02-07,CUST-1425,Consumer,East,PRD-904,Furniture,Nordic Solid Oak Bookshelf,1,310.0,0.0,310.0,225.0,ExpressLogistics,1,On-Time,0,0
ORD-10970,2024-02-07,CUST-1166,Consumer,East,PRD-904,Furniture,Nordic Solid Oak Bookshelf,3,310.0,0.05,883.5,628.5,ExpressLogistics,1,On-Time,0,0
ORD-10971,2024-02-07,CUST-1428,Small Business,East,PRD-925,Office Supplies,Premium Recycled Paper (Box),2,45.0,0.15,76.5,48.5,ApexGlobal,1,On-Time,0,0
ORD-10972,2024-02-07,CUST-1329,Consumer,East,PRD-080,Office Supplies,Gel Ink Pen Multi-Pack,3,18.0,0.15,45.9,27.9,SwiftFreight,1,On-Time,0,0
ORD-10973,2024-02-07,CUST-1412,Corporate,East,PRD-910,Furniture,LumbarComfort Mesh Chair,3,220.0,0.0,660.0,465.0,StandardMail,1,On-Time,0,0
ORD-10974,2024-02-07,CUST-1395,Consumer,West,PRD-910,Furniture,LumbarComfort Mesh Chair,3,220.0,0.05,627.0,432.0,ExpressLogistics,1,On-Time,0,0
ORD-10975,2024-02-07,CUST-1066,Corporate,West,PRD-080,Office Supplies,Gel Ink Pen Multi-Pack,3,18.0,0.15,45.9,27.9,ApexGlobal,1,On-Time,1,0
ORD-10976,2024-02-07,CUST-1135,Consumer,West,PRD-156,Electronics,Apex Gaming Laptop,3,1200.0,0.0,3600.0,2700.0,ExpressLogistics,0,On-Time,0,0
ORD-10977,2024-02-07,CUST-1008,Corporate,West,PRD-367,Office Supplies,HeavyDuty Metal Stapler,2,25.0,0.1,45.0,25.0,StandardMail,1,On-Time,0,0
ORD-10978,2024-02-07,CUST-1490,Corporate,West,PRD-506,Electronics,SoundPulse Wireless Headphone,2,150.0,0.15,255.0,155.0,ApexGlobal,0,On-Time,0,0
ORD-10979,2024-02-07,CUST-1305,Corporate,West,PRD-925,Office Supplies,Premium Recycled Paper (Box),1,45.0,0.1,40.5,26.5,ApexGlobal,0,On-Time,0,0
ORD-10980,2024-02-08,CUST-1452,Small Business,North,PRD-787,Furniture,ErgoPro Executive Desk,3,450.0,0.15,1147.5,787.5,StandardMail,1,On-Time,0,0
ORD-10981,2024-02-08,CUST-1042,Consumer,North,PRD-904,Furniture,Nordic Solid Oak Bookshelf,2,310.0,0.15,527.0,357.0,ApexGlobal,2,On-Time,0,0
ORD-10982,2024-02-08,CUST-1055,Corporate,North,PRD-925,Office Supplies,Premium Recycled Paper (Box),3,45.0,0.15,114.75,72.75,SwiftFreight,0,On-Time,0,0
ORD-10983,2024-02-08,CUST-1479,Small Business,North,PRD-506,Electronics,SoundPulse Wireless Headphone,1,150.0,0.15,127.5,77.5,SwiftFreight,1,On-Time,0,0
ORD-10984,2024-02-08,CUST-1196,Consumer,North,PRD-025,Electronics,SmartSync Fitness Tracker,1,90.0,0.1,81.0,46.0,ExpressLogistics,1,On-Time,0,0
ORD-10985,2024-02-08,CUST-1337,Consumer,North,PRD-904,Furniture,Nordic Solid Oak Bookshelf,2,310.0,0.0,620.0,450.0,ExpressLogistics,0,On-Time,0,0
ORD-10986,2024-02-08,CUST-1460,Consumer,North,PRD-904,Furniture,Nordic Solid Oak Bookshelf,2,310.0,0.15,527.0,357.0,ExpressLogistics,1,On-Time,0,0
ORD-10987,2024-02-08,CUST-1034,Consumer,South,PRD-787,Furniture,ErgoPro Executive Desk,3,450.0,0.1,1215.0,855.0,ExpressLogistics,1,On-Time,0,0
ORD-10988,2024-02-08,CUST-1232,Small Business,South,PRD-025,Electronics,SmartSync Fitness Tracker,1,90.0,0.15,76.5,41.5,ApexGlobal,1,On-Time,0,0
ORD-10989,2024-02-08,CUST-1150,Small Business,South,PRD-367,Office Supplies,HeavyDuty Metal Stapler,2,25.0,0.05,47.5,27.5,StandardMail,1,On-Time,0,0
ORD-10990,2024-02-08,CUST-1288,Corporate,South,PRD-506,Electronics,SoundPulse Wireless Headphone,3,150.0,0.1,405.0,255.0,SwiftFreight,1,On-Time,0,0
ORD-10991,2024-02-08,CUST-1125,Consumer,South,PRD-080,Office Supplies,Gel Ink Pen Multi-Pack,1,18.0,0.05,17.1,11.1,SwiftFreight,1,On-Time,0,0
ORD-10992,2024-02-08,CUST-1309,Small Business,South,PRD-044,Electronics,UltraVision 4K Monitor,2,400.0,0.05,760.0,540.0,ExpressLogistics,2,On-Time,0,0
ORD-10993,2024-02-08,CUST-1443,Consumer,South,PRD-044,Electronics,UltraVision 4K Monitor,1,400.0,0.15,340.0,230.0,ApexGlobal,1,On-Time,0,0
ORD-10994,2024-02-08,CUST-1351,Small Business,East,PRD-910,Furniture,LumbarComfort Mesh Chair,2,220.0,0.05,418.0,288.0,ExpressLogistics,0,On-Time,0,0
ORD-10995,2024-02-08,CUST-1462,Small Business,East,PRD-367,Office Supplies,HeavyDuty Metal Stapler,1,25.0,0.0,25.0,15.0,ApexGlobal,0,On-Time,0,0
ORD-10996,2024-02-08,CUST-1087,Small Business,East,PRD-080,Office Supplies,Gel Ink Pen Multi-Pack,3,18.0,0.1,48.6,30.6,ApexGlobal,1,On-Time,0,0
ORD-10997,2024-02-08,CUST-1134,Corporate,East,PRD-506,Electronics,SoundPulse Wireless Headphone,2,150.0,0.15,255.0,155.0,StandardMail,1,On-Time,0,0
ORD-10998,2024-02-08,CUST-1312,Small Business,East,PRD-044,Electronics,UltraVision 4K Monitor,3,400.0,0.05,1140.0,810.0,StandardMail,1,On-Time,0,0
ORD-10999,2024-02-08,CUST-1300,Small Business,East,PRD-156,Electronics,Apex Gaming Laptop,1,1200.0,0.1,1080.0,780.0,ApexGlobal,0,On-Time,0,0
ORD-11000,2024-02-08,CUST-1027,Consumer,East,PRD-925,Office Supplies,Premium Recycled Paper (Box),1,45.0,0.1,40.5,26.5,StandardMail,1,On-Time,0,0
ORD-11001,2024-02-08,CUST-1133,Corporate,West,PRD-925,Office Supplies,Premium Recycled Paper (Box),3,45.0,0.05,128.25,86.25,ApexGlobal,2,On-Time,1,0
ORD-11002,2024-02-08,CUST-1167,Corporate,West,PRD-925,Office Supplies,Premium Recycled Paper (Box),3,45.0,0.0,135.0,93.0,StandardMail,0,On-Time,0,0
ORD-11003,2024-02-08,CUST-1151,Consumer,West,PRD-787,Furniture,ErgoPro Executive Desk,3,450.0,0.15,1147.5,787.5,SwiftFreight,2,On-Time,0,0
ORD-11004,2024-02-08,CUST-1189,Small Business,West,PRD-367,Office Supplies,HeavyDuty Metal Stapler,1,25.0,0.1,22.5,12.5,StandardMail,2,On-Time,0,0
ORD-11005,2024-02-08,CUST-1125,Corporate,West,PRD-080,Office Supplies,Gel Ink Pen Multi-Pack,3,18.0,0.0,54.0,36.0,ApexGlobal,0,On-Time,0,0
ORD-11006,2024-02-09,CUST-1015,Consumer,North,PRD-787,Furniture,ErgoPro Executive Desk,2,450.0,0.15,765.0,525.0,ApexGlobal,2,On-Time,0,0
ORD-11007,2024-02-09,CUST-1402,Consumer,North,PRD-367,Office Supplies,HeavyDuty Metal Stapler,1,25.0,0.15,21.25,11.25,ApexGlobal,0,On-Time,0,0
ORD-11008,2024-02-09,CUST-1380,Corporate,North,PRD-044,Electronics,UltraVision 4K Monitor,1,400.0,0.05,380.0,270.0,SwiftFreight,1,On-Time,0,0
ORD-11009,2024-02-09,CUST-1351,Corporate,North,PRD-367,Office Supplies,HeavyDuty Metal Stapler,1,25.0,0.05,23.75,13.75,SwiftFreight,1,On-Time,0,0
ORD-11010,2024-02-09,CUST-1243,Corporate,North,PRD-506,Electronics,SoundPulse Wireless Headphone,1,150.0,0.05,0.0,-10.0,SwiftFreight,0,Cancelled,0,1
ORD-11011,2024-02-09,CUST-1167,Small Business,South,PRD-787,Furniture,ErgoPro Executive Desk,1,450.0,0.0,450.0,330.0,ExpressLogistics,0,On-Time,0,0
ORD-11012,2024-02-09,CUST-1376,Consumer,South,PRD-080,Office Supplies,Gel Ink Pen Multi-Pack,1,18.0,0.15,15.3,9.3,ExpressLogistics,0,On-Time,0,0
ORD-11013,2024-02-09,CUST-1145,Small Business,South,PRD-025,Electronics,SmartSync Fitness Tracker,3,90.0,0.1,243.0,138.0,ApexGlobal,1,On-Time,0,0
ORD-11014,2024-02-09,CUST-1094,Corporate,South,PRD-925,Office Supplies,Premium Recycled Paper (Box),1,45.0,0.15,38.25,24.25,SwiftFreight,1,On-Time,0,0
ORD-11015,2024-02-09,CUST-1365,Small Business,South,PRD-910,Furniture,LumbarComfort Mesh Chair,1,220.0,0.05,209.0,144.0,SwiftFreight,1,On-Time,0,0
ORD-11016,2024-02-09,CUST-1072,Consumer,South,PRD-925,Office Supplies,Premium Recycled Paper (Box),3,45.0,0.15,114.75,72.75,ExpressLogistics,0,On-Time,0,0
ORD-11017,2024-02-09,CUST-1278,Small Business,South,PRD-910,Furniture,LumbarComfort Mesh Chair,3,220.0,0.05,627.0,432.0,StandardMail,1,On-Time,0,0
ORD-11018,2024-02-09,CUST-1196,Consumer,East,PRD-080,Office Supplies,Gel Ink Pen Multi-Pack,3,18.0,0.15,45.9,27.9,ApexGlobal,1,On-Time,0,0
ORD-11019,2024-02-09,CUST-1275,Small Business,East,PRD-156,Electronics,Apex Gaming Laptop,3,1200.0,0.05,3420.0,2520.0,StandardMail,1,On-Time,0,0
ORD-11020,2024-02-09,CUST-1105,Small Business,East,PRD-044,Electronics,UltraVision 4K Monitor,3,400.0,0.1,1080.0,750.0,ApexGlobal,0,On-Time,0,0
ORD-11021,2024-02-09,CUST-1081,Consumer,East,PRD-925,Office Supplies,Premium Recycled Paper (Box),3,45.0,0.05,128.25,86.25,ApexGlobal,2,On-Time,0,0
ORD-11022,2024-02-09,CUST-1466,Corporate,East,PRD-925,Office Supplies,Premium Recycled Paper (Box),2,45.0,0.1,81.0,53.0,SwiftFreight,2,On-Time,0,0
ORD-11023,2024-02-09,CUST-1215,Corporate,East,PRD-787,Furniture,ErgoPro Executive Desk,1,450.0,0.15,382.5,262.5,ApexGlobal,2,On-Time,0,0
ORD-11024,2024-02-09,CUST-1432,Corporate,East,PRD-910,Furniture,LumbarComfort Mesh Chair,3,220.0,0.15,561.0,366.0,SwiftFreight,1,On-Time,0,0
ORD-11025,2024-02-09,CUST-1304,Small Business,West,PRD-506,Electronics,SoundPulse Wireless Headphone,1,150.0,0.0,150.0,100.0,ApexGlobal,1,On-Time,0,0
ORD-11026,2024-02-09,CUST-1079,Consumer,West,PRD-925,Office Supplies,Premium Recycled Paper (Box),3,45.0,0.15,114.75,72.75,SwiftFreight,1,On-Time,0,0
ORD-11027,2024-02-09,CUST-1460,Consumer,West,PRD-367,Office Supplies,HeavyDuty Metal Stapler,3,25.0,0.15,63.75,33.75,ExpressLogistics,1,On-Time,0,0
ORD-11028,2024-02-09,CUST-1214,Consumer,West,PRD-910,Furniture,LumbarComfort Mesh Chair,2,220.0,0.05,418.0,288.0,ApexGlobal,1,On-Time,0,0
ORD-11029,2024-02-09,CUST-1336,Corporate,West,PRD-910,Furniture,LumbarComfort Mesh Chair,2,220.0,0.0,440.0,310.0,StandardMail,1,On-Time,0,0
ORD-11030,2024-02-09,CUST-1386,Consumer,West,PRD-367,Office Supplies,HeavyDuty Metal Stapler,3,25.0,0.0,75.0,45.0,SwiftFreight,3,Normal,0,0
ORD-11031,2024-02-09,CUST-1089,Corporate,West,PRD-904,Furniture,Nordic Solid Oak Bookshelf,1,310.0,0.0,310.0,225.0,StandardMail,0,On-Time,0,0
ORD-11032,2024-02-10,CUST-1223,Small Business,North,PRD-910,Furniture,LumbarComfort Mesh Chair,2,220.0,0.1,396.0,266.0,ApexGlobal,2,On-Time,0,0
ORD-11033,2024-02-10,CUST-1384,Small Business,North,PRD-925,Office Supplies,Premium Recycled Paper (Box),1,45.0,0.1,40.5,26.5,ExpressLogistics,2,On-Time,0,0
ORD-11034,2024-02-10,CUST-1245,Corporate,North,PRD-044,Electronics,UltraVision 4K Monitor,1,400.0,0.05,380.0,270.0,SwiftFreight,2,On-Time,0,0
ORD-11035,2024-02-10,CUST-1218,Corporate,North,PRD-910,Furniture,LumbarComfort Mesh Chair,2,220.0,0.15,374.0,244.0,StandardMail,1,On-Time,0,0
ORD-11036,2024-02-10,CUST-1164,Consumer,North,PRD-904,Furniture,Nordic Solid Oak Bookshelf,1,310.0,0.1,279.0,194.0,StandardMail,2,On-Time,0,0
ORD-11037,2024-02-10,CUST-1431,Small Business,North,PRD-506,Electronics,SoundPulse Wireless Headphone,1,150.0,0.1,135.0,85.0,StandardMail,1,On-Time,0,0
ORD-11038,2024-02-10,CUST-1316,Small Business,North,PRD-080,Office Supplies,Gel Ink Pen Multi-Pack,3,18.0,0.15,45.9,27.9,ExpressLogistics,1,On-Time,0,0
ORD-11039,2024-02-10,CUST-1115,Consumer,North,PRD-044,Electronics,UltraVision 4K Monitor,3,400.0,0.05,1140.0,810.0,ApexGlobal,0,On-Time,0,0
ORD-11040,2024-02-10,CUST-1270,Corporate,South,PRD-925,Office Supplies,Premium Recycled Paper (Box),2,45.0,0.1,81.0,53.0,StandardMail,2,On-Time,0,0
ORD-11041,2024-02-10,CUST-1386,Corporate,South,PRD-910,Furniture,LumbarComfort Mesh Chair,2,220.0,0.15,374.0,244.0,StandardMail,1,On-Time,0,0
ORD-11042,2024-02-10,CUST-1415,Consumer,South,PRD-156,Electronics,Apex Gaming Laptop,2,1200.0,0.05,2280.0,1680.0,SwiftFreight,1,On-Time,0,0
ORD-11043,2024-02-10,CUST-1033,Small Business,South,PRD-904,Furniture,Nordic Solid Oak Bookshelf,2,310.0,0.0,620.0,450.0,SwiftFreight,1,On-Time,0,0
ORD-11044,2024-02-10,CUST-1454,Consumer,South,PRD-787,Furniture,ErgoPro Executive Desk,1,450.0,0.0,450.0,330.0,ExpressLogistics,0,On-Time,0,0
ORD-11045,2024-02-10,CUST-1408,Corporate,South,PRD-367,Office Supplies,HeavyDuty Metal Stapler,2,25.0,0.0,50.0,30.0,StandardMail,1,On-Time,0,0
ORD-11046,2024-02-10,CUST-1088,Small Business,South,PRD-156,Electronics,Apex Gaming Laptop,2,1200.0,0.1,2160.0,1560.0,SwiftFreight,1,On-Time,0,0
ORD-11047,2024-02-10,CUST-1021,Consumer,East,PRD-925,Office Supplies,Premium Recycled Paper (Box),3,45.0,0.1,121.5,79.5,SwiftFreight,0,On-Time,0,0
ORD-11048,2024-02-10,CUST-1131,Consumer,East,PRD-925,Office Supplies,Premium Recycled Paper (Box),1,45.0,0.15,38.25,24.25,SwiftFreight,1,On-Time,0,0
ORD-11049,2024-02-10,CUST-1080,Consumer,East,PRD-367,Office Supplies,HeavyDuty Metal Stapler,3,25.0,0.0,75.0,45.0,,1,On-Time,1,0
ORD-11050,2024-02-10,CUST-1164,Small Business,East,PRD-910,Furniture,LumbarComfort Mesh Chair,1,220.0,0.15,187.0,122.0,StandardMail,1,On-Time,0,0
ORD-11051,2024-02-10,CUST-1264,Small Business,East,PRD-904,Furniture,Nordic Solid Oak Bookshelf,3,310.0,0.15,790.5,535.5,SwiftFreight,0,On-Time,0,0
ORD-11052,2024-02-10,CUST-1326,Small Business,West,PRD-367,Office Supplies,HeavyDuty Metal Stapler,1,25.0,0.15,21.25,11.25,StandardMail,1,On-Time,0,0
ORD-11053,2024-02-10,CUST-1131,Small Business,West,PRD-080,Office Supplies,Gel Ink Pen Multi-Pack,1,18.0,0.1,16.2,10.2,ApexGlobal,0,On-Time,0,0
ORD-11054,2024-02-10,CUST-1104,Corporate,West,PRD-367,Office Supplies,HeavyDuty Metal Stapler,3,25.0,0.0,75.0,45.0,StandardMail,0,On-Time,0,0
ORD-11055,2024-02-10,CUST-1463,Corporate,West,PRD-910,Furniture,LumbarComfort Mesh Chair,2,220.0,0.1,396.0,266.0,SwiftFreight,1,On-Time,0,0
ORD-11056,2024-02-10,CUST-1228,Corporate,West,PRD-156,Electronics,Apex Gaming Laptop,3,1200.0,0.05,3420.0,2520.0,ApexGlobal,1,On-Time,0,0
ORD-11057,2024-02-10,CUST-1078,Corporate,West,PRD-904,Furniture,Nordic Solid Oak Bookshelf,2,310.0,0.0,620.0,450.0,StandardMail,1,On-Time,0,0
ORD-11058,2024-02-11,CUST-1262,Corporate,North,PRD-787,Furniture,ErgoPro Executive Desk,2,450.0,0.15,765.0,525.0,ApexGlobal,2,On-Time,0,0
ORD-11059,2024-02-11,CUST-1493,Small Business,North,PRD-156,Electronics,Apex Gaming Laptop,1,1200.0,0.1,1080.0,780.0,SwiftFreight,0,On-Time,1,0
ORD-11060,2024-02-11,CUST-1434,Corporate,North,PRD-925,Office Supplies,Premium Recycled Paper (Box),3,45.0,0.15,114.75,72.75,SwiftFreight,2,On-Time,1,0
ORD-11061,2024-02-11,CUST-1410,Consumer,North,PRD-080,Office Supplies,Gel Ink Pen Multi-Pack,2,18.0,0.15,30.6,18.6,StandardMail,1,On-Time,0,0
ORD-11062,2024-02-11,CUST-1184,Consumer,North,PRD-787,Furniture,ErgoPro Executive Desk,3,450.0,0.15,1147.5,787.5,SwiftFreight,0,On-Time,0,0
ORD-11063,2024-02-11,CUST-1476,Small Business,North,PRD-080,Office Supplies,Gel Ink Pen Multi-Pack,2,18.0,0.1,32.4,20.4,ApexGlobal,1,On-Time,0,0
ORD-11064,2024-02-11,CUST-1246,Small Business,South,PRD-080,Office Supplies,Gel Ink Pen Multi-Pack,2,18.0,0.1,32.4,20.4,StandardMail,2,On-Time,0,0
ORD-11065,2024-02-11,CUST-1472,Consumer,South,PRD-506,Electronics,SoundPulse Wireless Headphone,3,150.0,0.05,427.5,277.5,ApexGlobal,1,On-Time,0,0
ORD-11066,2024-02-11,CUST-1427,Consumer,South,PRD-925,Office Supplies,Premium Recycled Paper (Box),2,45.0,0.15,76.5,48.5,ApexGlobal,1,On-Time,0,0
ORD-11067,2024-02-11,CUST-1307,Small Business,South,PRD-925,Office Supplies,Premium Recycled Paper (Box),1,45.0,0.05,42.75,28.75,ApexGlobal,0,On-Time,0,0
ORD-11068,2024-02-11,CUST-1436,Consumer,South,PRD-156,Electronics,Apex Gaming Laptop,3,1200.0,0.0,0.0,-180.0,SwiftFreight,1,Cancelled,0,1
ORD-11069,2024-02-11,CUST-1335,Consumer,South,PRD-910,Furniture,LumbarComfort Mesh Chair,1,220.0,0.05,209.0,144.0,StandardMail,1,On-Time,1,0
ORD-11070,2024-02-11,CUST-1427,Small Business,East,PRD-506,Electronics,SoundPulse Wireless Headphone,1,150.0,0.0,150.0,100.0,SwiftFreight,2,On-Time,0,0
ORD-11071,2024-02-11,CUST-1301,Consumer,East,PRD-787,Furniture,ErgoPro Executive Desk,1,450.0,0.1,405.0,285.0,StandardMail,2,On-Time,0,0
ORD-11072,2024-02-11,CUST-1009,Corporate,East,PRD-910,Furniture,LumbarComfort Mesh Chair,2,220.0,0.15,374.0,244.0,ExpressLogistics,0,On-Time,0,0
ORD-11073,2024-02-11,CUST-1325,Corporate,East,PRD-506,Electronics,SoundPulse Wireless Headphone,2,150.0,0.0,300.0,200.0,ApexGlobal,2,On-Time,0,0
ORD-11074,2024-02-11,CUST-1197,Corporate,East,PRD-025,Electronics,SmartSync Fitness Tracker,3,90.0,0.05,256.5,151.5,SwiftFreight,2,On-Time,0,0
ORD-11075,2024-02-11,CUST-1278,Corporate,East,PRD-787,Furniture,ErgoPro Executive Desk,3,450.0,0.0,1350.0,990.0,SwiftFreight,1,On-Time,0,0
ORD-11076,2024-02-11,CUST-1191,Corporate,East,PRD-787,Furniture,ErgoPro Executive Desk,3,450.0,0.0,1350.0,990.0,SwiftFreight,1,On-Time,0,0
ORD-11077,2024-02-11,CUST-1377,Corporate,West,PRD-367,Office Supplies,HeavyDuty Metal Stapler,1,25.0,0.05,23.75,13.75,StandardMail,3,Normal,0,0
ORD-11078,2024-02-11,CUST-1034,Corporate,West,PRD-925,Office Supplies,Premium Recycled Paper (Box),3,45.0,0.1,121.5,79.5,SwiftFreight,1,On-Time,0,0
ORD-11079,2024-02-11,CUST-1096,Small Business,West,PRD-367,Office Supplies,HeavyDuty Metal Stapler,1,25.0,0.0,25.0,15.0,ApexGlobal,2,On-Time,0,0
ORD-11080,2024-02-11,CUST-1042,Corporate,West,PRD-925,Office Supplies,Premium Recycled Paper (Box),3,45.0,0.05,128.25,86.25,ApexGlobal,1,On-Time,0,0
ORD-11081,2024-02-11,CUST-1179,Consumer,West,PRD-367,Office Supplies,HeavyDuty Metal Stapler,2,25.0,0.0,50.0,30.0,SwiftFreight,0,On-Time,0,0
ORD-11082,2024-02-11,CUST-1125,Small Business,West,PRD-910,Furniture,LumbarComfort Mesh Chair,1,220.0,0.0,220.0,155.0,SwiftFreight,1,On-Time,0,0
ORD-11083,2024-02-11,CUST-1494,Corporate,West,PRD-367,Office Supplies,HeavyDuty Metal Stapler,2,25.0,0.15,42.5,22.5,SwiftFreight,2,On-Time,0,0
ORD-11084,2024-02-12,CUST-1154,Consumer,North,PRD-025,Electronics,SmartSync Fitness Tracker,1,90.0,0.05,85.5,50.5,ApexGlobal,1,On-Time,0,0
ORD-11085,2024-02-12,CUST-1441,Consumer,North,PRD-506,Electronics,SoundPulse Wireless Headphone,2,150.0,0.15,255.0,155.0,ExpressLogistics,1,On-Time,0,0
ORD-11086,2024-02-12,CUST-1443,Small Business,North,PRD-925,Office Supplies,Premium Recycled Paper (Box),2,45.0,0.0,90.0,62.0,ExpressLogistics,0,On-Time,0,0
ORD-11087,2024-02-12,CUST-1202,Corporate,North,PRD-367,Office Supplies,HeavyDuty Metal Stapler,2,25.0,0.0,50.0,30.0,SwiftFreight,0,On-Time,0,0
ORD-11088,2024-02-12,CUST-1343,Corporate,North,PRD-044,Electronics,UltraVision 4K Monitor,2,400.0,0.1,720.0,500.0,StandardMail,2,On-Time,0,0
ORD-11089,2024-02-12,CUST-1228,Small Business,North,PRD-156,Electronics,Apex Gaming Laptop,1,1200.0,0.15,1020.0,720.0,ApexGlobal,1,On-Time,0,0
ORD-11090,2024-02-12,CUST-1272,Small Business,South,PRD-044,Electronics,UltraVision 4K Monitor,1,400.0,0.0,400.0,290.0,StandardMail,1,On-Time,0,0
ORD-11091,2024-02-12,CUST-1441,Small Business,South,PRD-904,Furniture,Nordic Solid Oak Bookshelf,3,310.0,0.1,837.0,582.0,StandardMail,1,On-Time,0,0
ORD-11092,2024-02-12,CUST-1400,Consumer,South,PRD-367,Office Supplies,HeavyDuty Metal Stapler,2,25.0,0.1,45.0,25.0,ApexGlobal,0,On-Time,0,0
ORD-11093,2024-02-12,CUST-1044,Small Business,South,PRD-910,Furniture,LumbarComfort Mesh Chair,2,220.0,0.05,0.0,-26.0,ExpressLogistics,1,Cancelled,0,1
ORD-11094,2024-02-12,CUST-1403,,South,PRD-025,Electronics,SmartSync Fitness Tracker,3,90.0,0.1,243.0,138.0,,1,On-Time,0,0
ORD-11095,2024-02-12,CUST-1154,Small Business,East,PRD-910,Furniture,LumbarComfort Mesh Chair,3,220.0,0.0,660.0,465.0,StandardMail,1,On-Time,0,0
ORD-11096,2024-02-12,CUST-1153,Small Business,East,PRD-156,Electronics,Apex Gaming Laptop,2,1200.0,0.1,2160.0,1560.0,SwiftFreight,1,On-Time,0,0
ORD-11097,2024-02-12,CUST-1479,Corporate,East,PRD-367,Office Supplies,HeavyDuty Metal Stapler,1,25.0,0.15,21.25,11.25,SwiftFreight,0,On-Time,0,0
ORD-11098,2024-02-12,CUST-1130,Small Business,East,PRD-925,Office Supplies,Premium Recycled Paper (Box),3,45.0,0.05,128.25,86.25,ApexGlobal,1,On-Time,0,0
ORD-11099,2024-02-12,CUST-1199,Corporate,East,PRD-904,Furniture,Nordic Solid Oak Bookshelf,1,310.0,0.1,279.0,194.0,ExpressLogistics,0,On-Time,0,0
ORD-11100,2024-02-12,CUST-1309,Consumer,East,PRD-080,Office Supplies,Gel Ink Pen Multi-Pack,2,18.0,0.0,36.0,24.0,ExpressLogistics,2,On-Time,0,0
ORD-11101,2024-02-12,CUST-1117,Consumer,East,PRD-156,Electronics,Apex Gaming Laptop,2,1200.0,0.05,2280.0,1680.0,ExpressLogistics,0,On-Time,0,0
ORD-11102,2024-02-12,CUST-1232,Corporate,West,PRD-156,Electronics,Apex Gaming Laptop,2,1200.0,0.0,2400.0,1800.0,StandardMail,3,Normal,0,0
ORD-11103,2024-02-12,CUST-1198,Small Business,West,PRD-904,Furniture,Nordic Solid Oak Bookshelf,1,310.0,0.1,279.0,194.0,ExpressLogistics,1,On-Time,0,0
ORD-11104,2024-02-12,CUST-1252,Corporate,West,PRD-156,Electronics,Apex Gaming Laptop,2,1200.0,0.0,2400.0,1800.0,SwiftFreight,2,On-Time,0,0
ORD-11105,2024-02-12,CUST-1285,Small Business,West,PRD-787,Furniture,ErgoPro Executive Desk,1,450.0,0.15,382.5,262.5,ExpressLogistics,1,On-Time,0,0
ORD-11106,2024-02-12,CUST-1097,Corporate,West,PRD-080,Office Supplies,Gel Ink Pen Multi-Pack,2,18.0,0.15,30.6,18.6,ApexGlobal,2,On-Time,0,0
ORD-11107,2024-02-12,CUST-1423,Small Business,West,PRD-044,Electronics,UltraVision 4K Monitor,2,400.0,0.0,800.0,580.0,ExpressLogistics,1,On-Time,0,0
ORD-11108,2024-02-12,CUST-1303,Corporate,West,PRD-506,Electronics,SoundPulse Wireless Headphone,2,150.0,0.0,300.0,200.0,ExpressLogistics,1,On-Time,0,0
ORD-11109,2024-02-13,CUST-1182,Small Business,North,PRD-025,Electronics,SmartSync Fitness Tracker,2,90.0,0.05,171.0,101.0,SwiftFreight,1,On-Time,0,0
ORD-11110,2024-02-13,CUST-1237,Small Business,North,PRD-367,Office Supplies,HeavyDuty Metal Stapler,2,25.0,0.05,47.5,27.5,StandardMail,2,On-Time,0,0
ORD-11111,2024-02-13,CUST-1017,Small Business,North,PRD-044,Electronics,UltraVision 4K Monitor,3,400.0,0.15,1020.0,690.0,StandardMail,0,On-Time,0,0
ORD-11112,2024-02-13,CUST-1018,Consumer,North,PRD-506,Electronics,SoundPulse Wireless Headphone,2,150.0,0.15,255.0,155.0,ApexGlobal,2,On-Time,0,0
ORD-11113,2024-02-13,CUST-1356,Small Business,North,PRD-025,Electronics,SmartSync Fitness Tracker,3,90.0,0.1,243.0,138.0,ApexGlobal,1,On-Time,0,0
ORD-11114,2024-02-13,CUST-1022,Small Business,North,PRD-910,Furniture,LumbarComfort Mesh Chair,1,220.0,0.15,187.0,122.0,StandardMail,1,On-Time,0,0
ORD-11115,2024-02-13,CUST-1092,Small Business,North,PRD-904,Furniture,Nordic Solid Oak Bookshelf,2,310.0,0.05,589.0,419.0,SwiftFreight,1,On-Time,0,0
ORD-11116,2024-02-13,CUST-1118,Corporate,South,PRD-080,Office Supplies,Gel Ink Pen Multi-Pack,2,18.0,0.1,32.4,20.4,ApexGlobal,0,On-Time,0,0
ORD-11117,2024-02-13,CUST-1293,Corporate,South,PRD-910,Furniture,LumbarComfort Mesh Chair,3,220.0,0.0,660.0,465.0,ExpressLogistics,1,On-Time,0,0
ORD-11118,2024-02-13,CUST-1267,Corporate,South,PRD-367,Office Supplies,HeavyDuty Metal Stapler,3,25.0,0.05,71.25,41.25,ApexGlobal,1,On-Time,0,0
ORD-11119,2024-02-13,CUST-1105,Consumer,South,PRD-787,Furniture,ErgoPro Executive Desk,1,450.0,0.05,427.5,307.5,ApexGlobal,1,On-Time,0,0
ORD-11120,2024-02-13,CUST-1080,Consumer,South,PRD-925,Office Supplies,Premium Recycled Paper (Box),2,45.0,0.05,85.5,57.5,ExpressLogistics,1,On-Time,0,0
ORD-11121,2024-02-13,CUST-1306,Consumer,South,PRD-910,Furniture,LumbarComfort Mesh Chair,3,220.0,0.05,627.0,432.0,SwiftFreight,2,On-Time,0,0
ORD-11122,2024-02-13,CUST-1138,Corporate,South,PRD-904,Furniture,Nordic Solid Oak Bookshelf,1,310.0,0.05,294.5,209.5,SwiftFreight,2,On-Time,0,0
ORD-11123,2024-02-13,CUST-1007,Corporate,East,PRD-787,Furniture,ErgoPro Executive Desk,1,450.0,0.15,382.5,262.5,SwiftFreight,1,On-Time,0,0
ORD-11124,2024-02-13,CUST-1341,Small Business,East,PRD-044,Electronics,UltraVision 4K Monitor,1,400.0,0.15,340.0,230.0,,0,On-Time,0,0
ORD-11125,2024-02-13,CUST-1019,Corporate,East,PRD-080,Office Supplies,Gel Ink Pen Multi-Pack,3,18.0,0.0,54.0,36.0,ApexGlobal,0,On-Time,0,0
ORD-11126,2024-02-13,CUST-1043,Consumer,East,PRD-080,Office Supplies,Gel Ink Pen Multi-Pack,2,18.0,0.15,30.6,18.6,ExpressLogistics,1,On-Time,0,0
ORD-11127,2024-02-13,CUST-1377,Consumer,East,PRD-910,Furniture,LumbarComfort Mesh Chair,2,220.0,0.15,374.0,244.0,StandardMail,2,On-Time,0,0
ORD-11128,2024-02-13,CUST-1199,Consumer,East,PRD-156,Electronics,Apex Gaming Laptop,1,1200.0,0.15,1020.0,720.0,ExpressLogistics,1,On-Time,0,0
ORD-11129,2024-02-13,CUST-1381,Corporate,East,PRD-367,Office Supplies,HeavyDuty Metal Stapler,3,25.0,0.1,67.5,37.5,SwiftFreight,0,On-Time,0,0
ORD-11130,2024-02-13,CUST-1351,Corporate,East,PRD-080,Office Supplies,Gel Ink Pen Multi-Pack,2,18.0,0.05,34.2,22.2,SwiftFreight,1,On-Time,0,0
ORD-11131,2024-02-13,CUST-1425,Consumer,West,PRD-080,Office Supplies,Gel Ink Pen Multi-Pack,2,18.0,0.15,30.6,18.6,StandardMail,0,On-Time,0,0
ORD-11132,2024-02-13,CUST-1381,Small Business,West,PRD-080,Office Supplies,Gel Ink Pen Multi-Pack,3,18.0,0.0,54.0,36.0,SwiftFreight,1,On-Time,0,0
ORD-11133,2024-02-13,CUST-1231,Corporate,West,PRD-910,Furniture,LumbarComfort Mesh Chair,1,220.0,0.05,209.0,144.0,SwiftFreight,1,On-Time,0,0
ORD-11134,2024-02-13,CUST-1290,Corporate,West,PRD-025,Electronics,SmartSync Fitness Tracker,3,90.0,0.0,270.0,165.0,StandardMail,1,On-Time,0,0
ORD-11135,2024-02-13,CUST-1109,Corporate,West,PRD-025,Electronics,SmartSync Fitness Tracker,2,90.0,0.15,153.0,83.0,SwiftFreight,1,On-Time,0,0
ORD-11136,2024-02-13,CUST-1435,Consumer,West,PRD-904,Furniture,Nordic Solid Oak Bookshelf,1,310.0,0.05,294.5,209.5,StandardMail,1,On-Time,0,0
ORD-11137,2024-02-13,CUST-1163,Corporate,West,PRD-080,Office Supplies,Gel Ink Pen Multi-Pack,1,18.0,0.05,17.1,11.1,SwiftFreight,2,On-Time,0,0
ORD-11138,2024-02-13,CUST-1228,Consumer,West,PRD-044,Electronics,UltraVision 4K Monitor,2,400.0,0.15,680.0,460.0,ApexGlobal,2,On-Time,0,0
ORD-11139,2024-02-14,CUST-1207,Small Business,North,PRD-367,Office Supplies,HeavyDuty Metal Stapler,1,25.0,0.0,25.0,15.0,StandardMail,1,On-Time,0,0
ORD-11140,2024-02-14,CUST-1111,Corporate,North,PRD-910,Furniture,LumbarComfort Mesh Chair,1,220.0,0.05,209.0,144.0,ApexGlobal,0,On-Time,0,0
ORD-11141,2024-02-14,CUST-1338,Corporate,North,PRD-080,Office Supplies,Gel Ink Pen Multi-Pack,1,18.0,0.0,18.0,12.0,ApexGlobal,1,On-Time,0,0
ORD-11142,2024-02-14,CUST-1385,Consumer,North,PRD-904,Furniture,Nordic Solid Oak Bookshelf,3,310.0,0.15,790.5,535.5,SwiftFreight,0,On-Time,0,0
ORD-11143,2024-02-14,CUST-1484,Corporate,North,PRD-506,Electronics,SoundPulse Wireless Headphone,2,150.0,0.05,285.0,185.0,ApexGlobal,2,On-Time,0,0
ORD-11144,2024-02-14,CUST-1253,Consumer,North,PRD-367,Office Supplies,HeavyDuty Metal Stapler,1,25.0,0.0,25.0,15.0,ExpressLogistics,1,On-Time,0,0
ORD-11145,2024-02-14,CUST-1458,Consumer,South,PRD-367,Office Supplies,HeavyDuty Metal Stapler,2,25.0,0.1,45.0,25.0,ExpressLogistics,0,On-Time,0,0
ORD-11146,2024-02-14,CUST-1247,Corporate,South,PRD-367,Office Supplies,HeavyDuty Metal Stapler,3,25.0,0.1,67.5,37.5,StandardMail,2,On-Time,0,0
ORD-11147,2024-02-14,CUST-1354,Corporate,South,PRD-044,Electronics,UltraVision 4K Monitor,3,400.0,0.05,1140.0,810.0,SwiftFreight,0,On-Time,0,0
ORD-11148,2024-02-14,CUST-1107,Consumer,South,PRD-080,Office Supplies,Gel Ink Pen Multi-Pack,2,18.0,0.1,32.4,20.4,StandardMail,1,On-Time,0,0
ORD-11149,2024-02-14,CUST-1340,Small Business,South,PRD-367,Office Supplies,HeavyDuty Metal Stapler,1,25.0,0.0,25.0,15.0,StandardMail,1,On-Time,0,0
ORD-11150,2024-02-14,CUST-1103,Small Business,East,PRD-080,Office Supplies,Gel Ink Pen Multi-Pack,3,18.0,0.0,54.0,36.0,ApexGlobal,1,On-Time,1,0
ORD-11151,2024-02-14,CUST-1395,Consumer,East,PRD-044,Electronics,UltraVision 4K Monitor,2,400.0,0.05,760.0,540.0,ApexGlobal,1,On-Time,0,0
ORD-11152,2024-02-14,CUST-1437,Consumer,East,PRD-904,Furniture,Nordic Solid Oak Bookshelf,2,310.0,0.0,620.0,450.0,ExpressLogistics,1,On-Time,0,0
ORD-11153,2024-02-14,CUST-1481,Corporate,East,PRD-925,Office Supplies,Premium Recycled Paper (Box),2,45.0,0.1,81.0,53.0,ExpressLogistics,1,On-Time,0,0
ORD-11154,2024-02-14,CUST-1074,Consumer,East,PRD-904,Furniture,Nordic Solid Oak Bookshelf,2,310.0,0.15,527.0,357.0,SwiftFreight,0,On-Time,0,0
ORD-11155,2024-02-14,CUST-1070,Corporate,East,PRD-080,Office Supplies,Gel Ink Pen Multi-Pack,1,18.0,0.0,18.0,12.0,ApexGlobal,1,On-Time,0,0
ORD-11156,2024-02-14,CUST-1082,Corporate,East,PRD-080,Office Supplies,Gel Ink Pen Multi-Pack,2,18.0,0.0,36.0,24.0,,1,On-Time,0,0
ORD-11157,2024-02-14,CUST-1003,Consumer,East,PRD-925,Office Supplies,Premium Recycled Paper (Box),3,45.0,0.0,135.0,93.0,ExpressLogistics,2,On-Time,0,0
ORD-11158,2024-02-14,CUST-1100,Consumer,West,PRD-925,Office Supplies,Premium Recycled Paper (Box),3,45.0,0.1,121.5,79.5,StandardMail,2,On-Time,0,0
ORD-11159,2024-02-14,CUST-1426,Corporate,West,PRD-367,Office Supplies,HeavyDuty Metal Stapler,3,25.0,0.0,75.0,45.0,ApexGlobal,2,On-Time,0,0
ORD-11160,2024-02-14,CUST-1348,Small Business,West,PRD-910,Furniture,LumbarComfort Mesh Chair,1,220.0,0.1,198.0,133.0,SwiftFreight,1,On-Time,0,0
ORD-11161,2024-02-14,CUST-1027,Small Business,West,PRD-787,Furniture,ErgoPro Executive Desk,2,450.0,0.1,810.0,570.0,StandardMail,0,On-Time,0,0
ORD-11162,2024-02-14,CUST-1250,Consumer,West,PRD-925,Office Supplies,Premium Recycled Paper (Box),3,45.0,0.05,128.25,86.25,SwiftFreight,0,On-Time,0,0
ORD-11163,2024-02-14,CUST-1245,Corporate,West,PRD-904,Furniture,Nordic Solid Oak Bookshelf,3,310.0,0.05,883.5,628.5,ExpressLogistics,1,On-Time,0,0
ORD-11164,2024-02-14,CUST-1231,Small Business,West,PRD-904,Furniture,Nordic Solid Oak Bookshelf,3,310.0,0.05,883.5,628.5,StandardMail,0,On-Time,0,0
ORD-11165,2024-02-14,CUST-1366,Consumer,West,PRD-367,Office Supplies,HeavyDuty Metal Stapler,3,25.0,0.15,63.75,33.75,ApexGlobal,2,On-Time,0,0
ORD-11166,2024-02-15,CUST-1366,Small Business,North,PRD-910,Furniture,LumbarComfort Mesh Chair,1,220.0,0.05,209.0,144.0,SwiftFreight,1,On-Time,0,0
ORD-11167,2024-02-15,CUST-1447,Small Business,North,PRD-506,Electronics,SoundPulse Wireless Headphone,2,150.0,0.05,285.0,185.0,ApexGlobal,1,On-Time,0,0
ORD-11168,2024-02-15,CUST-1241,Small Business,North,PRD-080,Office Supplies,Gel Ink Pen Multi-Pack,3,18.0,0.05,51.3,33.3,StandardMail,1,On-Time,0,0
ORD-11169,2024-02-15,CUST-1468,Consumer,North,PRD-080,Office Supplies,Gel Ink Pen Multi-Pack,3,18.0,0.05,51.3,33.3,ApexGlobal,1,On-Time,0,0
ORD-11170,2024-02-15,CUST-1150,Consumer,North,PRD-080,Office Supplies,Gel Ink Pen Multi-Pack,1,18.0,0.0,18.0,12.0,SwiftFreight,1,On-Time,0,0
ORD-11171,2024-02-15,CUST-1332,Corporate,South,PRD-156,Electronics,Apex Gaming Laptop,3,1200.0,0.1,3240.0,2340.0,StandardMail,0,On-Time,0,0
ORD-11172,2024-02-15,CUST-1307,Corporate,South,PRD-910,Furniture,LumbarComfort Mesh Chair,3,220.0,0.1,594.0,399.0,SwiftFreight,1,On-Time,0,0
ORD-11173,2024-02-15,CUST-1427,Consumer,South,PRD-506,Electronics,SoundPulse Wireless Headphone,1,150.0,0.05,142.5,92.5,ExpressLogistics,1,On-Time,0,0
ORD-11174,2024-02-15,CUST-1041,Small Business,South,PRD-925,Office Supplies,Premium Recycled Paper (Box),1,45.0,0.05,42.75,28.75,SwiftFreight,1,On-Time,0,0
ORD-11175,2024-02-15,CUST-1393,Consumer,South,PRD-367,Office Supplies,HeavyDuty Metal Stapler,2,25.0,0.1,45.0,25.0,ExpressLogistics,0,On-Time,0,0
ORD-11176,2024-02-15,CUST-1144,Small Business,East,PRD-787,Furniture,ErgoPro Executive Desk,1,450.0,0.15,382.5,262.5,ApexGlobal,2,On-Time,1,0
ORD-11177,2024-02-15,CUST-1307,Consumer,East,PRD-910,Furniture,LumbarComfort Mesh Chair,1,220.0,0.15,187.0,122.0,SwiftFreight,1,On-Time,0,0
ORD-11178,2024-02-15,CUST-1140,Consumer,East,PRD-506,Electronics,SoundPulse Wireless Headphone,2,150.0,0.0,300.0,200.0,StandardMail,2,On-Time,0,0
ORD-11179,2024-02-15,CUST-1042,Consumer,East,PRD-910,Furniture,LumbarComfort Mesh Chair,1,220.0,0.05,209.0,144.0,SwiftFreight,2,On-Time,0,0
ORD-11180,2024-02-15,CUST-1091,Consumer,East,PRD-506,Electronics,SoundPulse Wireless Headphone,3,150.0,0.15,382.5,232.5,StandardMail,1,On-Time,0,0
ORD-11181,2024-02-15,CUST-1403,Small Business,West,PRD-910,Furniture,LumbarComfort Mesh Chair,2,220.0,0.05,418.0,288.0,StandardMail,1,On-Time,0,0
ORD-11182,2024-02-15,CUST-1383,Corporate,West,PRD-025,Electronics,SmartSync Fitness Tracker,1,90.0,0.1,81.0,46.0,StandardMail,0,On-Time,0,0
ORD-11183,2024-02-15,CUST-1276,Small Business,West,PRD-080,Office Supplies,Gel Ink Pen Multi-Pack,3,18.0,0.0,54.0,36.0,ExpressLogistics,1,On-Time,0,0
ORD-11184,2024-02-15,CUST-1108,Corporate,West,PRD-787,Furniture,ErgoPro Executive Desk,2,450.0,0.05,855.0,615.0,StandardMail,0,On-Time,0,0
ORD-11185,2024-02-15,CUST-1470,Small Business,West,PRD-025,Electronics,SmartSync Fitness Tracker,2,90.0,0.0,0.0,-14.0,SwiftFreight,2,Cancelled,0,1
ORD-11186,2024-02-15,CUST-1321,Corporate,West,PRD-910,Furniture,LumbarComfort Mesh Chair,3,220.0,0.1,594.0,399.0,ApexGlobal,0,On-Time,0,0
ORD-11187,2024-02-15,CUST-1190,Corporate,West,PRD-025,Electronics,SmartSync Fitness Tracker,2,90.0,0.1,162.0,92.0,ExpressLogistics,1,On-Time,1,0
ORD-11188,2024-02-15,CUST-1062,Small Business,West,PRD-367,Office Supplies,HeavyDuty Metal Stapler,2,25.0,0.15,42.5,22.5,StandardMail,1,On-Time,0,0
ORD-11189,2024-02-16,CUST-1465,Consumer,North,PRD-080,Office Supplies,Gel Ink Pen Multi-Pack,1,18.0,0.0,18.0,12.0,SwiftFreight,1,On-Time,0,0
ORD-11190,2024-02-16,CUST-1425,Small Business,North,PRD-080,Office Supplies,Gel Ink Pen Multi-Pack,1,18.0,0.05,17.1,11.1,StandardMail,1,On-Time,0,0
ORD-11191,2024-02-16,CUST-1285,Corporate,North,PRD-910,Furniture,LumbarComfort Mesh Chair,3,220.0,0.0,660.0,465.0,SwiftFreight,1,On-Time,0,0
ORD-11192,2024-02-16,CUST-1270,Corporate,North,PRD-080,Office Supplies,Gel Ink Pen Multi-Pack,1,18.0,0.05,17.1,11.1,StandardMail,0,On-Time,0,0
ORD-11193,2024-02-16,CUST-1364,Consumer,North,PRD-910,Furniture,LumbarComfort Mesh Chair,1,220.0,0.05,209.0,144.0,ExpressLogistics,1,On-Time,0,0
ORD-11194,2024-02-16,CUST-1095,Consumer,North,PRD-025,Electronics,SmartSync Fitness Tracker,2,90.0,0.1,162.0,92.0,ExpressLogistics,0,On-Time,0,0
ORD-11195,2024-02-16,CUST-1367,Small Business,North,PRD-925,Office Supplies,Premium Recycled Paper (Box),2,45.0,0.05,85.5,57.5,StandardMail,1,On-Time,0,0
ORD-11196,2024-02-16,CUST-1427,Small Business,South,PRD-787,Furniture,ErgoPro Executive Desk,2,450.0,0.05,855.0,615.0,ApexGlobal,1,On-Time,0,0
ORD-11197,2024-02-16,CUST-1419,Small Business,South,PRD-367,Office Supplies,HeavyDuty Metal Stapler,2,25.0,0.05,47.5,27.5,SwiftFreight,1,On-Time,0,0
ORD-11198,2024-02-16,CUST-1199,Consumer,South,PRD-367,Office Supplies,HeavyDuty Metal Stapler,3,25.0,0.15,63.75,33.75,ApexGlobal,1,On-Time,0,0
ORD-11199,2024-02-16,CUST-1397,,South,PRD-925,Office Supplies,Premium Recycled Paper (Box),2,45.0,0.1,81.0,53.0,SwiftFreight,0,On-Time,0,0
ORD-11200,2024-02-16,CUST-1278,Consumer,South,PRD-506,Electronics,SoundPulse Wireless Headphone,1,150.0,0.0,150.0,100.0,ApexGlobal,1,On-Time,0,0
ORD-11201,2024-02-16,CUST-1087,Consumer,South,PRD-910,Furniture,LumbarComfort Mesh Chair,1,220.0,0.15,187.0,122.0,ExpressLogistics,0,On-Time,0,0
ORD-11202,2024-02-16,CUST-1297,Small Business,East,PRD-787,Furniture,ErgoPro Executive Desk,2,450.0,0.05,855.0,615.0,StandardMail,0,On-Time,0,0
ORD-11203,2024-02-16,CUST-1449,Corporate,East,PRD-910,Furniture,LumbarComfort Mesh Chair,2,220.0,0.0,440.0,310.0,ExpressLogistics,3,Normal,0,0
ORD-11204,2024-02-16,CUST-1296,Consumer,East,PRD-925,Office Supplies,Premium Recycled Paper (Box),3,45.0,0.05,128.25,86.25,ExpressLogistics,1,On-Time,0,0
ORD-11205,2024-02-16,CUST-1486,Consumer,East,PRD-156,Electronics,Apex Gaming Laptop,3,1200.0,0.1,3240.0,2340.0,ExpressLogistics,1,On-Time,0,0
ORD-11206,2024-02-16,CUST-1417,Consumer,East,PRD-044,Electronics,UltraVision 4K Monitor,3,400.0,0.1,1080.0,750.0,ExpressLogistics,1,On-Time,0,0
ORD-11207,2024-02-16,CUST-1497,Consumer,East,PRD-025,Electronics,SmartSync Fitness Tracker,3,90.0,0.05,256.5,151.5,SwiftFreight,1,On-Time,0,0
ORD-11208,2024-02-16,CUST-1175,Small Business,West,PRD-904,Furniture,Nordic Solid Oak Bookshelf,1,310.0,0.05,294.5,209.5,StandardMail,1,On-Time,0,0
ORD-11209,2024-02-16,CUST-1003,Small Business,West,PRD-925,Office Supplies,Premium Recycled Paper (Box),2,45.0,0.0,90.0,62.0,ExpressLogistics,0,On-Time,0,0
ORD-11210,2024-02-16,CUST-1457,Corporate,West,PRD-910,Furniture,LumbarComfort Mesh Chair,1,220.0,0.15,187.0,122.0,ExpressLogistics,0,On-Time,0,0
ORD-11211,2024-02-16,CUST-1023,Corporate,West,PRD-367,Office Supplies,HeavyDuty Metal Stapler,2,25.0,0.1,45.0,25.0,,1,On-Time,0,0
ORD-11212,2024-02-16,CUST-1478,Consumer,West,PRD-044,Electronics,UltraVision 4K Monitor,1,400.0,0.1,360.0,250.0,StandardMail,2,On-Time,0,0
ORD-11213,2024-02-17,CUST-1140,Small Business,North,PRD-506,Electronics,SoundPulse Wireless Headphone,3,150.0,0.0,450.0,300.0,ExpressLogistics,0,On-Time,0,0
ORD-11214,2024-02-17,CUST-1257,Small Business,North,PRD-080,Office Supplies,Gel Ink Pen Multi-Pack,1,18.0,0.0,18.0,12.0,StandardMail,1,On-Time,0,0
ORD-11215,2024-02-17,CUST-1347,Small Business,North,PRD-080,Office Supplies,Gel Ink Pen Multi-Pack,3,18.0,0.1,48.6,30.6,StandardMail,1,On-Time,0,0
ORD-11216,2024-02-17,CUST-1443,Small Business,North,PRD-910,Furniture,LumbarComfort Mesh Chair,2,220.0,0.1,396.0,266.0,SwiftFreight,2,On-Time,0,0
ORD-11217,2024-02-17,CUST-1102,Small Business,North,PRD-925,Office Supplies,Premium Recycled Paper (Box),3,45.0,0.15,114.75,72.75,StandardMail,2,On-Time,0,0
ORD-11218,2024-02-17,CUST-1373,Consumer,North,PRD-367,Office Supplies,HeavyDuty Metal Stapler,1,25.0,0.1,22.5,12.5,SwiftFreight,3,Normal,1,0
ORD-11219,2024-02-17,CUST-1010,Consumer,South,PRD-156,Electronics,Apex Gaming Laptop,2,1200.0,0.15,2040.0,1440.0,ExpressLogistics,1,On-Time,0,0
ORD-11220,2024-02-17,CUST-1199,Small Business,South,PRD-025,Electronics,SmartSync Fitness Tracker,3,90.0,0.15,229.5,124.5,ExpressLogistics,2,On-Time,0,0
ORD-11221,2024-02-17,CUST-1065,Corporate,South,PRD-904,Furniture,Nordic Solid Oak Bookshelf,2,310.0,0.05,589.0,419.0,ExpressLogistics,1,On-Time,0,0
ORD-11222,2024-02-17,CUST-1408,Small Business,South,PRD-044,Electronics,UltraVision 4K Monitor,3,400.0,0.1,1080.0,750.0,ExpressLogistics,0,On-Time,0,0
ORD-11223,2024-02-17,CUST-1325,Corporate,South,PRD-904,Furniture,Nordic Solid Oak Bookshelf,1,310.0,0.1,279.0,194.0,ExpressLogistics,2,On-Time,0,0
ORD-11224,2024-02-17,CUST-1339,Consumer,South,PRD-925,Office Supplies,Premium Recycled Paper (Box),1,45.0,0.1,40.5,26.5,StandardMail,0,On-Time,0,0
ORD-11225,2024-02-17,CUST-1164,Small Business,East,PRD-080,Office Supplies,Gel Ink Pen Multi-Pack,1,18.0,0.0,18.0,12.0,SwiftFreight,1,On-Time,0,0
ORD-11226,2024-02-17,CUST-1165,Consumer,East,PRD-910,Furniture,LumbarComfort Mesh Chair,2,220.0,0.15,374.0,244.0,StandardMail,2,On-Time,0,0
ORD-11227,2024-02-17,CUST-1478,Consumer,East,PRD-367,Office Supplies,HeavyDuty Metal Stapler,2,25.0,0.15,42.5,22.5,SwiftFreight,1,On-Time,0,0
ORD-11228,2024-02-17,CUST-1015,Small Business,East,PRD-904,Furniture,Nordic Solid Oak Bookshelf,2,310.0,0.1,558.0,388.0,StandardMail,0,On-Time,0,0
ORD-11229,2024-02-17,CUST-1001,Corporate,East,PRD-367,Office Supplies,HeavyDuty Metal Stapler,2,25.0,0.1,45.0,25.0,ApexGlobal,0,On-Time,0,0
ORD-11230,2024-02-17,CUST-1230,Small Business,East,PRD-367,Office Supplies,HeavyDuty Metal Stapler,1,25.0,0.05,23.75,13.75,ApexGlobal,2,On-Time,0,0
ORD-11231,2024-02-17,CUST-1349,Corporate,East,PRD-506,Electronics,SoundPulse Wireless Headphone,2,150.0,0.1,270.0,170.0,ExpressLogistics,0,On-Time,0,0
ORD-11232,2024-02-17,CUST-1186,Corporate,East,PRD-904,Furniture,Nordic Solid Oak Bookshelf,2,310.0,0.05,589.0,419.0,StandardMail,1,On-Time,0,0
ORD-11233,2024-02-17,CUST-1398,Consumer,West,PRD-367,Office Supplies,HeavyDuty Metal Stapler,2,25.0,0.1,45.0,25.0,ApexGlobal,3,Normal,0,0
ORD-11234,2024-02-17,CUST-1178,Small Business,West,PRD-044,Electronics,UltraVision 4K Monitor,3,400.0,0.15,1020.0,690.0,ExpressLogistics,1,On-Time,0,0
ORD-11235,2024-02-17,CUST-1063,Corporate,West,PRD-044,Electronics,UltraVision 4K Monitor,1,400.0,0.15,340.0,230.0,ApexGlobal,2,On-Time,0,0
ORD-11236,2024-02-17,CUST-1045,Consumer,West,PRD-925,Office Supplies,Premium Recycled Paper (Box),2,45.0,0.05,85.5,57.5,ExpressLogistics,2,On-Time,0,0
ORD-11237,2024-02-17,CUST-1337,Corporate,West,PRD-506,Electronics,SoundPulse Wireless Headphone,3,150.0,0.0,450.0,300.0,StandardMail,0,On-Time,0,0
ORD-11238,2024-02-18,CUST-1042,Small Business,North,PRD-025,Electronics,SmartSync Fitness Tracker,2,90.0,0.05,171.0,101.0,SwiftFreight,1,On-Time,0,0
ORD-11239,2024-02-18,CUST-1385,Corporate,North,PRD-904,Furniture,Nordic Solid Oak Bookshelf,2,310.0,0.1,558.0,388.0,ApexGlobal,1,On-Time,0,0
ORD-11240,2024-02-18,CUST-1417,Consumer,North,PRD-506,Electronics,SoundPulse Wireless Headphone,2,150.0,0.05,285.0,185.0,ExpressLogistics,1,On-Time,0,0
ORD-11241,2024-02-18,CUST-1075,Corporate,North,PRD-904,Furniture,Nordic Solid Oak Bookshelf,2,310.0,0.0,620.0,450.0,ExpressLogistics,1,On-Time,0,0
ORD-11242,2024-02-18,CUST-1388,Corporate,North,PRD-156,Electronics,Apex Gaming Laptop,2,1200.0,0.1,2160.0,1560.0,StandardMail,1,On-Time,0,0
ORD-11243,2024-02-18,CUST-1229,Consumer,South,PRD-044,Electronics,UltraVision 4K Monitor,3,400.0,0.0,1200.0,870.0,ApexGlobal,0,On-Time,0,0
ORD-11244,2024-02-18,CUST-1256,Small Business,South,PRD-044,Electronics,UltraVision 4K Monitor,1,400.0,0.05,380.0,270.0,SwiftFreight,0,On-Time,0,0
ORD-11245,2024-02-18,CUST-1012,Corporate,South,PRD-904,Furniture,Nordic Solid Oak Bookshelf,3,310.0,0.1,837.0,582.0,StandardMail,2,On-Time,0,0
ORD-11246,2024-02-18,CUST-1317,Small Business,South,PRD-044,Electronics,UltraVision 4K Monitor,3,400.0,0.05,1140.0,810.0,SwiftFreight,1,On-Time,0,0
ORD-11247,2024-02-18,CUST-1455,Corporate,South,PRD-156,Electronics,Apex Gaming Laptop,1,1200.0,0.0,1200.0,900.0,SwiftFreight,0,On-Time,0,0
ORD-11248,2024-02-18,CUST-1446,Small Business,South,PRD-904,Furniture,Nordic Solid Oak Bookshelf,1,310.0,0.1,279.0,194.0,ApexGlobal,1,On-Time,0,0
ORD-11249,2024-02-18,CUST-1301,Consumer,East,PRD-925,Office Supplies,Premium Recycled Paper (Box),3,45.0,0.05,128.25,86.25,SwiftFreight,1,On-Time,0,0
ORD-11250,2024-02-18,CUST-1393,Consumer,East,PRD-904,Furniture,Nordic Solid Oak Bookshelf,1,310.0,0.1,279.0,194.0,StandardMail,3,Normal,0,0
ORD-11251,2024-02-18,CUST-1364,Consumer,East,PRD-156,Electronics,Apex Gaming Laptop,2,1200.0,0.15,2040.0,1440.0,ExpressLogistics,1,On-Time,0,0
ORD-11252,2024-02-18,CUST-1101,Consumer,East,PRD-787,Furniture,ErgoPro Executive Desk,2,450.0,0.0,900.0,660.0,StandardMail,1,On-Time,0,0
ORD-11253,2024-02-18,CUST-1072,Corporate,East,PRD-025,Electronics,SmartSync Fitness Tracker,1,90.0,0.1,81.0,46.0,ApexGlobal,0,On-Time,1,0
ORD-11254,2024-02-18,CUST-1426,Corporate,East,PRD-156,Electronics,Apex Gaming Laptop,3,1200.0,0.15,3060.0,2160.0,SwiftFreight,1,On-Time,0,0
ORD-11255,2024-02-18,CUST-1163,Consumer,West,PRD-925,Office Supplies,Premium Recycled Paper (Box),1,45.0,0.0,45.0,31.0,StandardMail,2,On-Time,0,0
ORD-11256,2024-02-18,CUST-1435,Corporate,West,PRD-080,Office Supplies,Gel Ink Pen Multi-Pack,1,18.0,0.15,15.3,9.3,StandardMail,1,On-Time,0,0
ORD-11257,2024-02-18,CUST-1124,Consumer,West,PRD-506,Electronics,SoundPulse Wireless Headphone,2,150.0,0.1,270.0,170.0,ApexGlobal,2,On-Time,0,0
ORD-11258,2024-02-18,CUST-1203,Corporate,West,PRD-044,Electronics,UltraVision 4K Monitor,2,400.0,0.1,720.0,500.0,StandardMail,1,On-Time,0,0
ORD-11259,2024-02-18,CUST-1367,Corporate,West,PRD-156,Electronics,Apex Gaming Laptop,1,1200.0,0.15,1020.0,720.0,ExpressLogistics,1,On-Time,0,0
ORD-11260,2024-02-18,CUST-1104,Corporate,West,PRD-910,Furniture,LumbarComfort Mesh Chair,3,220.0,0.05,627.0,432.0,ApexGlobal,1,On-Time,0,0
ORD-11261,2024-02-19,CUST-1469,Corporate,North,PRD-080,Office Supplies,Gel Ink Pen Multi-Pack,1,18.0,0.05,17.1,11.1,ExpressLogistics,1,On-Time,0,0
ORD-11262,2024-02-19,CUST-1015,Corporate,North,PRD-367,Office Supplies,HeavyDuty Metal Stapler,3,25.0,0.1,67.5,37.5,ExpressLogistics,1,On-Time,0,0
ORD-11263,2024-02-19,CUST-1399,Corporate,North,PRD-925,Office Supplies,Premium Recycled Paper (Box),3,45.0,0.15,114.75,72.75,StandardMail,2,On-Time,0,0
ORD-11264,2024-02-19,CUST-1298,Consumer,North,PRD-367,Office Supplies,HeavyDuty Metal Stapler,1,25.0,0.05,23.75,13.75,StandardMail,2,On-Time,0,0
ORD-11265,2024-02-19,CUST-1465,Corporate,North,PRD-044,Electronics,UltraVision 4K Monitor,2,400.0,0.05,760.0,540.0,StandardMail,0,On-Time,0,0
ORD-11266,2024-02-19,CUST-1258,Corporate,North,PRD-925,Office Supplies,Premium Recycled Paper (Box),3,45.0,0.05,128.25,86.25,SwiftFreight,0,On-Time,0,0
ORD-11267,2024-02-19,CUST-1175,Small Business,North,PRD-367,Office Supplies,HeavyDuty Metal Stapler,3,25.0,0.15,63.75,33.75,ExpressLogistics,1,On-Time,0,0
ORD-11268,2024-02-19,CUST-1116,Small Business,North,PRD-925,Office Supplies,Premium Recycled Paper (Box),1,45.0,0.1,40.5,26.5,ExpressLogistics,0,On-Time,0,0
ORD-11269,2024-02-19,CUST-1285,Corporate,South,PRD-044,Electronics,UltraVision 4K Monitor,2,400.0,0.15,680.0,460.0,ExpressLogistics,2,On-Time,0,0
ORD-11270,2024-02-19,CUST-1324,Small Business,South,PRD-025,Electronics,SmartSync Fitness Tracker,3,90.0,0.1,243.0,138.0,StandardMail,0,On-Time,0,0
ORD-11271,2024-02-19,CUST-1371,Small Business,South,PRD-367,Office Supplies,HeavyDuty Metal Stapler,1,25.0,0.0,25.0,15.0,SwiftFreight,2,On-Time,0,0
ORD-11272,2024-02-19,CUST-1383,Consumer,South,PRD-080,Office Supplies,Gel Ink Pen Multi-Pack,3,18.0,0.0,54.0,36.0,SwiftFreight,0,On-Time,1,0
ORD-11273,2024-02-19,CUST-1089,Small Business,South,PRD-025,Electronics,SmartSync Fitness Tracker,1,90.0,0.1,81.0,46.0,StandardMail,1,On-Time,0,0
ORD-11274,2024-02-19,CUST-1048,Small Business,South,PRD-925,Office Supplies,Premium Recycled Paper (Box),1,45.0,0.05,0.0,-2.8,SwiftFreight,0,Cancelled,0,1
ORD-11275,2024-02-19,CUST-1397,Small Business,South,PRD-910,Furniture,LumbarComfort Mesh Chair,3,220.0,0.1,594.0,399.0,StandardMail,0,On-Time,0,0
ORD-11276,2024-02-19,CUST-1001,Small Business,South,PRD-787,Furniture,ErgoPro Executive Desk,3,450.0,0.0,1350.0,990.0,StandardMail,2,On-Time,0,0
ORD-11277,2024-02-19,CUST-1143,Consumer,East,PRD-787,Furniture,ErgoPro Executive Desk,1,450.0,0.1,405.0,285.0,ExpressLogistics,0,On-Time,0,0
ORD-11278,2024-02-19,CUST-1105,Consumer,East,PRD-080,Office Supplies,Gel Ink Pen Multi-Pack,2,18.0,0.1,32.4,20.4,ExpressLogistics,0,On-Time,0,0
ORD-11279,2024-02-19,CUST-1361,Corporate,East,PRD-506,Electronics,SoundPulse Wireless Headphone,1,150.0,0.15,127.5,77.5,StandardMail,1,On-Time,0,0
ORD-11280,2024-02-19,CUST-1028,Small Business,East,PRD-904,Furniture,Nordic Solid Oak Bookshelf,1,310.0,0.15,263.5,178.5,StandardMail,3,Normal,0,0
ORD-11281,2024-02-19,CUST-1389,Corporate,East,PRD-904,Furniture,Nordic Solid Oak Bookshelf,2,310.0,0.05,589.0,419.0,SwiftFreight,1,On-Time,0,0
ORD-11282,2024-02-19,CUST-1171,Corporate,East,PRD-506,Electronics,SoundPulse Wireless Headphone,3,150.0,0.15,382.5,232.5,ApexGlobal,1,On-Time,0,0
ORD-11283,2024-02-19,CUST-1113,Corporate,West,PRD-044,Electronics,UltraVision 4K Monitor,2,400.0,0.05,0.0,-44.0,SwiftFreight,2,Cancelled,0,1
ORD-11284,2024-02-19,CUST-1312,Consumer,West,PRD-156,Electronics,Apex Gaming Laptop,2,1200.0,0.05,2280.0,1680.0,StandardMail,1,On-Time,0,0
ORD-11285,2024-02-19,CUST-1352,Small Business,West,PRD-787,Furniture,ErgoPro Executive Desk,1,450.0,0.0,450.0,330.0,SwiftFreight,1,On-Time,0,0
ORD-11286,2024-02-19,CUST-1044,Small Business,West,PRD-910,Furniture,LumbarComfort Mesh Chair,1,220.0,0.15,187.0,122.0,SwiftFreight,1,On-Time,0,0
ORD-11287,2024-02-19,CUST-1066,Corporate,West,PRD-925,Office Supplies,Premium Recycled Paper (Box),2,45.0,0.15,76.5,48.5,StandardMail,1,On-Time,0,0
ORD-11288,2024-02-19,CUST-1392,Corporate,West,PRD-506,Electronics,SoundPulse Wireless Headphone,2,150.0,0.15,255.0,155.0,ExpressLogistics,1,On-Time,0,0
ORD-11289,2024-02-19,CUST-1067,Small Business,West,PRD-904,Furniture,Nordic Solid Oak Bookshelf,1,310.0,0.05,294.5,209.5,ApexGlobal,1,On-Time,0,0
ORD-11290,2024-02-20,CUST-1444,Corporate,North,PRD-080,Office Supplies,Gel Ink Pen Multi-Pack,2,18.0,0.1,32.4,20.4,ExpressLogistics,1,On-Time,0,0
ORD-11291,2024-02-20,CUST-1491,Consumer,North,PRD-925,Office Supplies,Premium Recycled Paper (Box),3,45.0,0.1,121.5,79.5,ExpressLogistics,1,On-Time,0,0
ORD-11292,2024-02-20,CUST-1299,Small Business,North,PRD-904,Furniture,Nordic Solid Oak Bookshelf,2,310.0,0.0,620.0,450.0,SwiftFreight,2,On-Time,0,0
ORD-11293,2024-02-20,CUST-1472,Small Business,North,PRD-080,Office Supplies,Gel Ink Pen Multi-Pack,2,18.0,0.1,32.4,20.4,StandardMail,1,On-Time,0,0
ORD-11294,2024-02-20,CUST-1396,Small Business,North,PRD-156,Electronics,Apex Gaming Laptop,3,1200.0,0.05,3420.0,2520.0,StandardMail,1,On-Time,0,0
ORD-11295,2024-02-20,CUST-1052,Small Business,North,PRD-080,Office Supplies,Gel Ink Pen Multi-Pack,2,18.0,0.0,36.0,24.0,ApexGlobal,1,On-Time,0,0
ORD-11296,2024-02-20,CUST-1010,Small Business,South,PRD-044,Electronics,UltraVision 4K Monitor,3,400.0,0.0,1200.0,870.0,StandardMail,2,On-Time,0,0
ORD-11297,2024-02-20,CUST-1099,Corporate,South,PRD-925,Office Supplies,Premium Recycled Paper (Box),2,45.0,0.1,81.0,53.0,StandardMail,0,On-Time,0,0
ORD-11298,2024-02-20,CUST-1380,Corporate,South,PRD-910,Furniture,LumbarComfort Mesh Chair,2,220.0,0.05,418.0,288.0,ExpressLogistics,2,On-Time,0,0
ORD-11299,2024-02-20,CUST-1328,Small Business,South,PRD-080,Office Supplies,Gel Ink Pen Multi-Pack,3,18.0,0.1,0.0,-3.6,ApexGlobal,2,Cancelled,0,1
ORD-11300,2024-02-20,CUST-1039,Consumer,South,PRD-925,Office Supplies,Premium Recycled Paper (Box),2,45.0,0.05,85.5,57.5,ExpressLogistics,1,On-Time,0,0
ORD-11301,2024-02-20,CUST-1433,Small Business,South,PRD-904,Furniture,Nordic Solid Oak Bookshelf,2,310.0,0.0,620.0,450.0,ApexGlobal,2,On-Time,0,0
ORD-11302,2024-02-20,CUST-1366,Corporate,East,PRD-506,Electronics,SoundPulse Wireless Headphone,3,150.0,0.0,450.0,300.0,ApexGlobal,2,On-Time,0,0
ORD-11303,2024-02-20,CUST-1071,Corporate,East,PRD-044,Electronics,UltraVision 4K Monitor,1,400.0,0.1,360.0,250.0,ApexGlobal,0,On-Time,0,0
ORD-11304,2024-02-20,CUST-1462,Consumer,East,PRD-367,Office Supplies,HeavyDuty Metal Stapler,1,25.0,0.05,23.75,13.75,SwiftFreight,1,On-Time,1,0
ORD-11305,2024-02-20,CUST-1352,Small Business,East,PRD-910,Furniture,LumbarComfort Mesh Chair,3,220.0,0.05,627.0,432.0,ApexGlobal,1,On-Time,0,0
ORD-11306,2024-02-20,CUST-1416,Small Business,East,PRD-025,Electronics,SmartSync Fitness Tracker,2,90.0,0.05,171.0,101.0,ExpressLogistics,1,On-Time,0,0
ORD-11307,2024-02-20,CUST-1368,Corporate,West,PRD-506,Electronics,SoundPulse Wireless Headphone,2,150.0,0.05,285.0,185.0,,1,On-Time,0,0
ORD-11308,2024-02-20,CUST-1071,Corporate,West,PRD-787,Furniture,ErgoPro Executive Desk,2,450.0,0.15,765.0,525.0,SwiftFreight,2,On-Time,0,0
ORD-11309,2024-02-20,CUST-1185,Consumer,West,PRD-080,Office Supplies,Gel Ink Pen Multi-Pack,2,18.0,0.1,32.4,20.4,ExpressLogistics,1,On-Time,0,0
ORD-11310,2024-02-20,CUST-1397,Small Business,West,PRD-787,Furniture,ErgoPro Executive Desk,2,450.0,0.0,900.0,660.0,SwiftFreight,2,On-Time,0,0
ORD-11311,2024-02-20,CUST-1103,Corporate,West,PRD-910,Furniture,LumbarComfort Mesh Chair,2,220.0,0.1,396.0,266.0,StandardMail,1,On-Time,0,0
ORD-11312,2024-02-20,CUST-1008,Small Business,West,PRD-367,Office Supplies,HeavyDuty Metal Stapler,3,25.0,0.15,63.75,33.75,StandardMail,2,On-Time,0,0
ORD-11313,2024-02-21,CUST-1050,Corporate,North,PRD-787,Furniture,ErgoPro Executive Desk,2,450.0,0.15,765.0,525.0,ExpressLogistics,1,On-Time,0,0
ORD-11314,2024-02-21,CUST-1325,Corporate,North,PRD-910,Furniture,LumbarComfort Mesh Chair,3,220.0,0.1,594.0,399.0,ExpressLogistics,0,On-Time,0,0
ORD-11315,2024-02-21,CUST-1322,Consumer,North,PRD-080,Office Supplies,Gel Ink Pen Multi-Pack,2,18.0,0.1,32.4,20.4,StandardMail,0,On-Time,0,0
ORD-11316,2024-02-21,CUST-1090,Small Business,North,PRD-925,Office Supplies,Premium Recycled Paper (Box),3,45.0,0.1,121.5,79.5,ApexGlobal,2,On-Time,0,0
ORD-11317,2024-02-21,CUST-1296,Corporate,North,PRD-044,Electronics,UltraVision 4K Monitor,2,400.0,0.15,680.0,460.0,StandardMail,1,On-Time,0,0
ORD-11318,2024-02-21,CUST-1138,Small Business,North,PRD-367,Office Supplies,HeavyDuty Metal Stapler,3,25.0,0.05,71.25,41.25,ApexGlobal,1,On-Time,0,0
ORD-11319,2024-02-21,CUST-1142,Small Business,South,PRD-367,Office Supplies,HeavyDuty Metal Stapler,3,25.0,0.1,67.5,37.5,ExpressLogistics,0,On-Time,1,0
ORD-11320,2024-02-21,CUST-1370,Small Business,South,PRD-156,Electronics,Apex Gaming Laptop,2,1200.0,0.0,2400.0,1800.0,StandardMail,0,On-Time,0,0
ORD-11321,2024-02-21,CUST-1255,Consumer,South,PRD-367,Office Supplies,HeavyDuty Metal Stapler,1,25.0,0.15,21.25,11.25,ApexGlobal,2,On-Time,0,0
ORD-11322,2024-02-21,CUST-1320,Consumer,South,PRD-925,Office Supplies,Premium Recycled Paper (Box),1,45.0,0.1,40.5,26.5,SwiftFreight,1,On-Time,0,0
ORD-11323,2024-02-21,CUST-1043,Consumer,South,PRD-156,Electronics,Apex Gaming Laptop,1,1200.0,0.0,1200.0,900.0,SwiftFreight,2,On-Time,0,0
ORD-11324,2024-02-21,CUST-1230,Small Business,South,PRD-367,Office Supplies,HeavyDuty Metal Stapler,2,25.0,0.0,50.0,30.0,ExpressLogistics,2,On-Time,0,0
ORD-11325,2024-02-21,CUST-1157,Small Business,South,PRD-025,Electronics,SmartSync Fitness Tracker,1,90.0,0.05,85.5,50.5,ExpressLogistics,1,On-Time,0,0
ORD-11326,2024-02-21,CUST-1215,Small Business,South,PRD-044,Electronics,UltraVision 4K Monitor,3,400.0,0.1,1080.0,750.0,StandardMail,1,On-Time,0,0
ORD-11327,2024-02-21,CUST-1114,Small Business,East,PRD-025,Electronics,SmartSync Fitness Tracker,3,90.0,0.1,0.0,-21.0,StandardMail,0,Cancelled,0,1
ORD-11328,2024-02-21,CUST-1001,Small Business,East,PRD-925,Office Supplies,Premium Recycled Paper (Box),3,45.0,0.1,121.5,79.5,SwiftFreight,1,On-Time,0,0
ORD-11329,2024-02-21,CUST-1179,Consumer,East,PRD-787,Furniture,ErgoPro Executive Desk,1,450.0,0.15,382.5,262.5,StandardMail,1,On-Time,0,0
ORD-11330,2024-02-21,CUST-1024,Corporate,East,PRD-044,Electronics,UltraVision 4K Monitor,2,400.0,0.1,720.0,500.0,SwiftFreight,1,On-Time,0,0
ORD-11331,2024-02-21,CUST-1168,Corporate,East,PRD-025,Electronics,SmartSync Fitness Tracker,1,90.0,0.05,85.5,50.5,StandardMail,1,On-Time,0,0
ORD-11332,2024-02-21,CUST-1408,Consumer,West,PRD-925,Office Supplies,Premium Recycled Paper (Box),1,45.0,0.0,45.0,31.0,SwiftFreight,2,On-Time,0,0
ORD-11333,2024-02-21,CUST-1260,Small Business,West,PRD-787,Furniture,ErgoPro Executive Desk,2,450.0,0.0,900.0,660.0,StandardMail,0,On-Time,0,0
ORD-11334,2024-02-21,CUST-1308,Small Business,West,PRD-787,Furniture,ErgoPro Executive Desk,3,450.0,0.0,1350.0,990.0,ExpressLogistics,1,On-Time,0,0
ORD-11335,2024-02-21,CUST-1160,Consumer,West,PRD-080,Office Supplies,Gel Ink Pen Multi-Pack,2,18.0,0.1,32.4,20.4,StandardMail,2,On-Time,0,0
ORD-11336,2024-02-21,CUST-1489,Consumer,West,PRD-787,Furniture,ErgoPro Executive Desk,3,450.0,0.0,1350.0,990.0,ExpressLogistics,1,On-Time,0,0
ORD-11337,2024-02-21,CUST-1253,Small Business,West,PRD-910,Furniture,LumbarComfort Mesh Chair,3,220.0,0.05,627.0,432.0,ApexGlobal,0,On-Time,1,0
ORD-11338,2024-02-21,CUST-1187,Corporate,West,PRD-367,Office Supplies,HeavyDuty Metal Stapler,3,25.0,0.15,63.75,33.75,StandardMail,1,On-Time,0,0
ORD-11339,2024-02-21,CUST-1496,Corporate,West,PRD-904,Furniture,Nordic Solid Oak Bookshelf,3,310.0,0.0,930.0,675.0,SwiftFreight,0,On-Time,0,0
ORD-11340,2024-02-22,CUST-1262,Consumer,North,PRD-904,Furniture,Nordic Solid Oak Bookshelf,2,310.0,0.15,527.0,357.0,ExpressLogistics,0,On-Time,0,0
ORD-11341,2024-02-22,CUST-1226,Small Business,North,PRD-925,Office Supplies,Premium Recycled Paper (Box),2,45.0,0.1,81.0,53.0,ApexGlobal,2,On-Time,0,0
ORD-11342,2024-02-22,CUST-1152,Corporate,North,PRD-156,Electronics,Apex Gaming Laptop,1,1200.0,0.1,1080.0,780.0,ApexGlobal,2,On-Time,0,0
ORD-11343,2024-02-22,CUST-1464,Consumer,North,PRD-910,Furniture,LumbarComfort Mesh Chair,2,220.0,0.05,418.0,288.0,SwiftFreight,0,On-Time,0,0
ORD-11344,2024-02-22,CUST-1076,Small Business,North,PRD-025,Electronics,SmartSync Fitness Tracker,2,90.0,0.05,171.0,101.0,ApexGlobal,2,On-Time,0,0
ORD-11345,2024-02-22,CUST-1230,Small Business,North,PRD-787,Furniture,ErgoPro Executive Desk,2,450.0,0.1,810.0,570.0,StandardMail,1,On-Time,0,0
ORD-11346,2024-02-22,CUST-1482,Consumer,South,PRD-925,Office Supplies,Premium Recycled Paper (Box),1,45.0,0.05,42.75,28.75,SwiftFreight,1,On-Time,0,0
ORD-11347,2024-02-22,CUST-1329,Consumer,South,PRD-156,Electronics,Apex Gaming Laptop,2,1200.0,0.05,2280.0,1680.0,StandardMail,1,On-Time,0,0
ORD-11348,2024-02-22,CUST-1221,Corporate,South,PRD-044,Electronics,UltraVision 4K Monitor,3,400.0,0.15,1020.0,690.0,StandardMail,1,On-Time,0,0
ORD-11349,2024-02-22,CUST-1226,Consumer,South,PRD-044,Electronics,UltraVision 4K Monitor,2,400.0,0.0,800.0,580.0,ApexGlobal,1,On-Time,0,0
ORD-11350,2024-02-22,CUST-1426,Small Business,South,PRD-025,Electronics,SmartSync Fitness Tracker,1,90.0,0.0,90.0,55.0,SwiftFreight,1,On-Time,0,0
ORD-11351,2024-02-22,CUST-1282,Small Business,South,PRD-080,Office Supplies,Gel Ink Pen Multi-Pack,1,18.0,0.15,15.3,9.3,SwiftFreight,1,On-Time,1,0
ORD-11352,2024-02-22,CUST-1102,Small Business,East,PRD-367,Office Supplies,HeavyDuty Metal Stapler,1,25.0,0.0,25.0,15.0,ExpressLogistics,0,On-Time,0,0
ORD-11353,2024-02-22,CUST-1300,Small Business,East,PRD-025,Electronics,SmartSync Fitness Tracker,2,90.0,0.0,180.0,110.0,StandardMail,0,On-Time,0,0
ORD-11354,2024-02-22,CUST-1198,Small Business,East,PRD-506,Electronics,SoundPulse Wireless Headphone,2,150.0,0.05,285.0,185.0,ExpressLogistics,3,Normal,0,0
ORD-11355,2024-02-22,CUST-1314,Consumer,East,PRD-367,Office Supplies,HeavyDuty Metal Stapler,3,25.0,0.1,67.5,37.5,ExpressLogistics,0,On-Time,0,0
ORD-11356,2024-02-22,CUST-1441,Corporate,East,PRD-367,Office Supplies,HeavyDuty Metal Stapler,1,25.0,0.0,25.0,15.0,ExpressLogistics,0,On-Time,0,0
ORD-11357,2024-02-22,CUST-1186,Consumer,East,PRD-904,Furniture,Nordic Solid Oak Bookshelf,2,310.0,0.05,589.0,419.0,ExpressLogistics,0,On-Time,0,0
ORD-11358,2024-02-22,CUST-1466,Consumer,West,PRD-910,Furniture,LumbarComfort Mesh Chair,2,220.0,0.15,0.0,-26.0,ApexGlobal,1,Cancelled,0,1
ORD-11359,2024-02-22,CUST-1446,Consumer,West,PRD-080,Office Supplies,Gel Ink Pen Multi-Pack,3,18.0,0.05,51.3,33.3,ApexGlobal,1,On-Time,0,0
ORD-11360,2024-02-22,CUST-1395,Consumer,West,PRD-506,Electronics,SoundPulse Wireless Headphone,3,150.0,0.1,405.0,255.0,ExpressLogistics,1,On-Time,0,0
ORD-11361,2024-02-22,CUST-1462,Consumer,West,PRD-787,Furniture,ErgoPro Executive Desk,1,450.0,0.15,382.5,262.5,SwiftFreight,0,On-Time,1,0
ORD-11362,2024-02-22,CUST-1387,Small Business,West,PRD-904,Furniture,Nordic Solid Oak Bookshelf,2,310.0,0.05,589.0,419.0,StandardMail,1,On-Time,0,0
ORD-11363,2024-02-22,CUST-1089,Consumer,West,PRD-367,Office Supplies,HeavyDuty Metal Stapler,3,25.0,0.05,71.25,41.25,,0,On-Time,0,0
ORD-11364,2024-02-23,CUST-1273,Small Business,North,PRD-925,Office Supplies,Premium Recycled Paper (Box),3,45.0,0.05,128.25,86.25,ExpressLogistics,1,On-Time,0,0
ORD-11365,2024-02-23,CUST-1201,Corporate,North,PRD-156,Electronics,Apex Gaming Laptop,3,1200.0,0.0,3600.0,2700.0,SwiftFreight,0,On-Time,0,0
ORD-11366,2024-02-23,CUST-1074,Consumer,North,PRD-080,Office Supplies,Gel Ink Pen Multi-Pack,3,18.0,0.1,48.6,30.6,StandardMail,1,On-Time,0,0
ORD-11367,2024-02-23,CUST-1014,Small Business,North,PRD-904,Furniture,Nordic Solid Oak Bookshelf,3,310.0,0.05,0.0,-51.0,SwiftFreight,1,Cancelled,0,1
ORD-11368,2024-02-23,CUST-1150,Consumer,North,PRD-925,Office Supplies,Premium Recycled Paper (Box),1,45.0,0.15,38.25,24.25,StandardMail,2,On-Time,0,0
ORD-11369,2024-02-23,CUST-1008,Consumer,South,PRD-156,Electronics,Apex Gaming Laptop,1,1200.0,0.05,1140.0,840.0,StandardMail,1,On-Time,0,0
ORD-11370,2024-02-23,CUST-1213,Small Business,South,PRD-044,Electronics,UltraVision 4K Monitor,2,400.0,0.1,720.0,500.0,StandardMail,1,On-Time,0,0
ORD-11371,2024-02-23,CUST-1236,Consumer,South,PRD-367,Office Supplies,HeavyDuty Metal Stapler,2,25.0,0.05,47.5,27.5,ExpressLogistics,2,On-Time,0,0
ORD-11372,2024-02-23,CUST-1155,Small Business,South,PRD-044,Electronics,UltraVision 4K Monitor,2,400.0,0.05,760.0,540.0,StandardMail,0,On-Time,1,0
ORD-11373,2024-02-23,CUST-1493,Small Business,South,PRD-367,Office Supplies,HeavyDuty Metal Stapler,2,25.0,0.1,45.0,25.0,ExpressLogistics,0,On-Time,0,0
ORD-11374,2024-02-23,CUST-1279,Consumer,South,PRD-506,Electronics,SoundPulse Wireless Headphone,2,150.0,0.15,255.0,155.0,StandardMail,1,On-Time,0,0
ORD-11375,2024-02-23,CUST-1202,Consumer,South,PRD-156,Electronics,Apex Gaming Laptop,2,1200.0,0.0,2400.0,1800.0,ApexGlobal,1,On-Time,0,0
ORD-11376,2024-02-23,CUST-1155,Corporate,South,PRD-025,Electronics,SmartSync Fitness Tracker,3,90.0,0.1,243.0,138.0,ApexGlobal,1,On-Time,0,0
ORD-11377,2024-02-23,CUST-1233,Small Business,East,PRD-787,Furniture,ErgoPro Executive Desk,3,450.0,0.0,1350.0,990.0,ExpressLogistics,0,On-Time,0,0
ORD-11378,2024-02-23,CUST-1117,Small Business,East,PRD-506,Electronics,SoundPulse Wireless Headphone,1,150.0,0.0,150.0,100.0,StandardMail,1,On-Time,0,0
ORD-11379,2024-02-23,CUST-1099,Small Business,East,PRD-156,Electronics,Apex Gaming Laptop,1,1200.0,0.05,1140.0,840.0,StandardMail,1,On-Time,0,0
ORD-11380,2024-02-23,CUST-1281,Small Business,East,PRD-925,Office Supplies,Premium Recycled Paper (Box),1,45.0,0.15,38.25,24.25,SwiftFreight,1,On-Time,0,0
ORD-11381,2024-02-23,CUST-1423,Small Business,East,PRD-925,Office Supplies,Premium Recycled Paper (Box),3,45.0,0.05,128.25,86.25,ExpressLogistics,0,On-Time,0,0
ORD-11382,2024-02-23,CUST-1131,Corporate,East,PRD-156,Electronics,Apex Gaming Laptop,2,1200.0,0.05,2280.0,1680.0,StandardMail,1,On-Time,0,0
ORD-11383,2024-02-23,CUST-1229,Consumer,West,PRD-787,Furniture,ErgoPro Executive Desk,1,450.0,0.0,450.0,330.0,,0,On-Time,0,0
ORD-11384,2024-02-23,CUST-1239,Small Business,West,PRD-787,Furniture,ErgoPro Executive Desk,3,450.0,0.15,1147.5,787.5,SwiftFreight,1,On-Time,0,0
ORD-11385,2024-02-23,CUST-1406,Consumer,West,PRD-925,Office Supplies,Premium Recycled Paper (Box),1,45.0,0.05,42.75,28.75,StandardMail,1,On-Time,0,0
ORD-11386,2024-02-23,CUST-1114,Corporate,West,PRD-025,Electronics,SmartSync Fitness Tracker,2,90.0,0.05,171.0,101.0,ApexGlobal,1,On-Time,0,0
ORD-11387,2024-02-23,CUST-1280,Corporate,West,PRD-044,Electronics,UltraVision 4K Monitor,2,400.0,0.05,760.0,540.0,ExpressLogistics,1,On-Time,0,0
ORD-11388,2024-02-23,CUST-1103,Small Business,West,PRD-367,Office Supplies,HeavyDuty Metal Stapler,2,25.0,0.1,45.0,25.0,SwiftFreight,0,On-Time,0,0
ORD-11389,2024-02-23,CUST-1254,Consumer,West,PRD-910,Furniture,LumbarComfort Mesh Chair,1,220.0,0.15,187.0,122.0,SwiftFreight,1,On-Time,0,0
ORD-11390,2024-02-24,CUST-1458,Corporate,North,PRD-044,Electronics,UltraVision 4K Monitor,2,400.0,0.05,760.0,540.0,SwiftFreight,2,On-Time,0,0
ORD-11391,2024-02-24,CUST-1250,Small Business,North,PRD-367,Office Supplies,HeavyDuty Metal Stapler,1,25.0,0.0,25.0,15.0,StandardMail,1,On-Time,0,0
ORD-11392,2024-02-24,CUST-1201,Small Business,North,PRD-787,Furniture,ErgoPro Executive Desk,2,450.0,0.15,765.0,525.0,StandardMail,1,On-Time,0,0
ORD-11393,2024-02-24,CUST-1245,Corporate,North,PRD-025,Electronics,SmartSync Fitness Tracker,1,90.0,0.05,85.5,50.5,SwiftFreight,1,On-Time,0,0
ORD-11394,2024-02-24,CUST-1154,Corporate,North,PRD-904,Furniture,Nordic Solid Oak Bookshelf,1,310.0,0.05,294.5,209.5,SwiftFreight,1,On-Time,0,0
ORD-11395,2024-02-24,CUST-1039,Small Business,North,PRD-025,Electronics,SmartSync Fitness Tracker,1,90.0,0.0,90.0,55.0,ExpressLogistics,1,On-Time,0,0
ORD-11396,2024-02-24,CUST-1418,,South,PRD-080,Office Supplies,Gel Ink Pen Multi-Pack,2,18.0,0.0,36.0,24.0,StandardMail,0,On-Time,0,0
ORD-11397,2024-02-24,CUST-1083,Small Business,South,PRD-910,Furniture,LumbarComfort Mesh Chair,2,220.0,0.0,440.0,310.0,StandardMail,1,On-Time,0,0
ORD-11398,2024-02-24,CUST-1301,Corporate,South,PRD-156,Electronics,Apex Gaming Laptop,2,1200.0,0.0,2400.0,1800.0,StandardMail,2,On-Time,0,0
ORD-11399,2024-02-24,CUST-1234,Consumer,South,PRD-044,Electronics,UltraVision 4K Monitor,3,400.0,0.1,1080.0,750.0,SwiftFreight,1,On-Time,0,0
ORD-11400,2024-02-24,CUST-1295,Small Business,South,PRD-156,Electronics,Apex Gaming Laptop,2,1200.0,0.15,2040.0,1440.0,ApexGlobal,2,On-Time,0,0
ORD-11401,2024-02-24,CUST-1272,Consumer,South,PRD-925,Office Supplies,Premium Recycled Paper (Box),1,45.0,0.0,45.0,31.0,StandardMail,2,On-Time,0,0
ORD-11402,2024-02-24,CUST-1443,Corporate,South,PRD-025,Electronics,SmartSync Fitness Tracker,1,90.0,0.05,85.5,50.5,ApexGlobal,1,On-Time,0,0
ORD-11403,2024-02-24,CUST-1196,Small Business,East,PRD-904,Furniture,Nordic Solid Oak Bookshelf,2,310.0,0.0,620.0,450.0,ExpressLogistics,2,On-Time,0,0
ORD-11404,2024-02-24,CUST-1238,Corporate,East,PRD-925,Office Supplies,Premium Recycled Paper (Box),2,45.0,0.0,90.0,62.0,ApexGlobal,2,On-Time,0,0
ORD-11405,2024-02-24,CUST-1232,Corporate,East,PRD-904,Furniture,Nordic Solid Oak Bookshelf,3,310.0,0.05,883.5,628.5,ExpressLogistics,2,On-Time,0,0
ORD-11406,2024-02-24,CUST-1445,Small Business,East,PRD-904,Furniture,Nordic Solid Oak Bookshelf,2,310.0,0.0,620.0,450.0,ApexGlobal,1,On-Time,0,0
ORD-11407,2024-02-24,CUST-1205,Consumer,East,PRD-025,Electronics,SmartSync Fitness Tracker,3,90.0,0.1,243.0,138.0,StandardMail,1,On-Time,0,0
ORD-11408,2024-02-24,CUST-1290,Small Business,West,PRD-044,Electronics,UltraVision 4K Monitor,1,400.0,0.1,360.0,250.0,SwiftFreight,0,On-Time,0,0
ORD-11409,2024-02-24,CUST-1342,Small Business,West,PRD-080,Office Supplies,Gel Ink Pen Multi-Pack,3,18.0,0.0,54.0,36.0,SwiftFreight,2,On-Time,1,0
ORD-11410,2024-02-24,CUST-1127,Consumer,West,PRD-787,Furniture,ErgoPro Executive Desk,3,450.0,0.0,1350.0,990.0,StandardMail,2,On-Time,0,0
ORD-11411,2024-02-24,CUST-1239,Small Business,West,PRD-080,Office Supplies,Gel Ink Pen Multi-Pack,2,18.0,0.05,34.2,22.2,SwiftFreight,0,On-Time,0,0
ORD-11412,2024-02-24,CUST-1291,Corporate,West,PRD-910,Furniture,LumbarComfort Mesh Chair,1,220.0,0.15,187.0,122.0,ApexGlobal,2,On-Time,0,0
ORD-11413,2024-02-24,CUST-1140,Consumer,West,PRD-044,Electronics,UltraVision 4K Monitor,3,400.0,0.1,1080.0,750.0,StandardMail,3,Normal,0,0
ORD-11414,2024-02-24,CUST-1462,Corporate,West,PRD-080,Office Supplies,Gel Ink Pen Multi-Pack,1,18.0,0.0,18.0,12.0,StandardMail,0,On-Time,0,0
ORD-11415,2024-02-24,CUST-1200,Small Business,West,PRD-080,Office Supplies,Gel Ink Pen Multi-Pack,3,18.0,0.1,48.6,30.6,StandardMail,2,On-Time,0,0
ORD-11416,2024-02-25,CUST-1140,Small Business,North,PRD-904,Furniture,Nordic Solid Oak Bookshelf,3,310.0,0.0,930.0,675.0,SwiftFreight,1,On-Time,1,0
ORD-11417,2024-02-25,CUST-1486,Corporate,North,PRD-156,Electronics,Apex Gaming Laptop,3,1200.0,0.15,3060.0,2160.0,SwiftFreight,2,On-Time,0,0
ORD-11418,2024-02-25,CUST-1497,Corporate,North,PRD-156,Electronics,Apex Gaming Laptop,2,1200.0,0.05,2280.0,1680.0,ApexGlobal,2,On-Time,0,0
ORD-11419,2024-02-25,CUST-1090,Consumer,North,PRD-367,Office Supplies,HeavyDuty Metal Stapler,1,25.0,0.15,21.25,11.25,SwiftFreight,1,On-Time,0,0
ORD-11420,2024-02-25,CUST-1361,Consumer,North,PRD-080,Office Supplies,Gel Ink Pen Multi-Pack,1,18.0,0.0,18.0,12.0,ApexGlobal,0,On-Time,0,0
ORD-11421,2024-02-25,CUST-1113,Corporate,South,PRD-080,Office Supplies,Gel Ink Pen Multi-Pack,1,18.0,0.05,17.1,11.1,StandardMail,1,On-Time,1,0
ORD-11422,2024-02-25,CUST-1348,Corporate,South,PRD-910,Furniture,LumbarComfort Mesh Chair,1,220.0,0.0,220.0,155.0,ApexGlobal,2,On-Time,0,0
ORD-11423,2024-02-25,CUST-1443,Consumer,South,PRD-156,Electronics,Apex Gaming Laptop,3,1200.0,0.05,3420.0,2520.0,ApexGlobal,0,On-Time,0,0
ORD-11424,2024-02-25,CUST-1344,Corporate,South,PRD-925,Office Supplies,Premium Recycled Paper (Box),3,45.0,0.1,121.5,79.5,StandardMail,1,On-Time,0,0
ORD-11425,2024-02-25,CUST-1121,Small Business,South,PRD-080,Office Supplies,Gel Ink Pen Multi-Pack,3,18.0,0.15,45.9,27.9,StandardMail,1,On-Time,0,0
ORD-11426,2024-02-25,CUST-1209,Corporate,East,PRD-367,Office Supplies,HeavyDuty Metal Stapler,1,25.0,0.1,22.5,12.5,SwiftFreight,0,On-Time,0,0
ORD-11427,2024-02-25,CUST-1085,Corporate,East,PRD-025,Electronics,SmartSync Fitness Tracker,3,90.0,0.1,243.0,138.0,ApexGlobal,2,On-Time,0,0
ORD-11428,2024-02-25,CUST-1136,Consumer,East,PRD-044,Electronics,UltraVision 4K Monitor,2,400.0,0.1,720.0,500.0,StandardMail,1,On-Time,0,0
ORD-11429,2024-02-25,CUST-1045,Consumer,East,PRD-367,Office Supplies,HeavyDuty Metal Stapler,2,25.0,0.1,45.0,25.0,SwiftFreight,1,On-Time,0,0
ORD-11430,2024-02-25,CUST-1103,Consumer,East,PRD-080,Office Supplies,Gel Ink Pen Multi-Pack,1,18.0,0.05,17.1,11.1,SwiftFreight,1,On-Time,0,0
ORD-11431,2024-02-25,CUST-1241,Consumer,West,PRD-156,Electronics,Apex Gaming Laptop,3,1200.0,0.1,3240.0,2340.0,SwiftFreight,3,Normal,0,0
ORD-11432,2024-02-25,CUST-1421,Corporate,West,PRD-910,Furniture,LumbarComfort Mesh Chair,2,220.0,0.05,418.0,288.0,SwiftFreight,1,On-Time,0,0
ORD-11433,2024-02-25,CUST-1157,Small Business,West,PRD-367,Office Supplies,HeavyDuty Metal Stapler,1,25.0,0.1,22.5,12.5,ApexGlobal,1,On-Time,0,0
ORD-11434,2024-02-25,CUST-1218,Consumer,West,PRD-910,Furniture,LumbarComfort Mesh Chair,3,220.0,0.05,627.0,432.0,ApexGlobal,1,On-Time,0,0
ORD-11435,2024-02-25,CUST-1190,Consumer,West,PRD-025,Electronics,SmartSync Fitness Tracker,3,90.0,0.15,229.5,124.5,SwiftFreight,1,On-Time,0,0
ORD-11436,2024-02-25,CUST-1174,Corporate,West,PRD-787,Furniture,ErgoPro Executive Desk,2,450.0,0.0,900.0,660.0,ApexGlobal,0,On-Time,0,0
ORD-11437,2024-02-26,CUST-1437,Small Business,North,PRD-925,Office Supplies,Premium Recycled Paper (Box),1,45.0,0.15,38.25,24.25,ApexGlobal,2,On-Time,0,0
ORD-11438,2024-02-26,CUST-1302,Small Business,North,PRD-367,Office Supplies,HeavyDuty Metal Stapler,2,25.0,0.15,42.5,22.5,ApexGlobal,2,On-Time,0,0
ORD-11439,2024-02-26,CUST-1179,Small Business,North,PRD-025,Electronics,SmartSync Fitness Tracker,3,90.0,0.0,270.0,165.0,SwiftFreight,2,On-Time,0,0
ORD-11440,2024-02-26,CUST-1365,Small Business,North,PRD-367,Office Supplies,HeavyDuty Metal Stapler,3,25.0,0.1,67.5,37.5,ExpressLogistics,1,On-Time,0,0
ORD-11441,2024-02-26,CUST-1292,Corporate,North,PRD-367,Office Supplies,HeavyDuty Metal Stapler,3,25.0,0.15,63.75,33.75,ApexGlobal,1,On-Time,0,0
ORD-11442,2024-02-26,CUST-1010,Consumer,North,PRD-787,Furniture,ErgoPro Executive Desk,1,450.0,0.05,427.5,307.5,SwiftFreight,1,On-Time,0,0
ORD-11443,2024-02-26,CUST-1227,Corporate,North,PRD-156,Electronics,Apex Gaming Laptop,1,1200.0,0.0,1200.0,900.0,StandardMail,0,On-Time,0,0
ORD-11444,2024-02-26,CUST-1352,Small Business,North,PRD-367,Office Supplies,HeavyDuty Metal Stapler,2,25.0,0.15,42.5,22.5,SwiftFreight,0,On-Time,0,0
ORD-11445,2024-02-26,CUST-1189,Corporate,South,PRD-904,Furniture,Nordic Solid Oak Bookshelf,1,310.0,0.0,310.0,225.0,ApexGlobal,0,On-Time,0,0
ORD-11446,2024-02-26,CUST-1195,Corporate,South,PRD-025,Electronics,SmartSync Fitness Tracker,3,90.0,0.1,243.0,138.0,StandardMail,1,On-Time,0,0
ORD-11447,2024-02-26,CUST-1422,Corporate,South,PRD-044,Electronics,UltraVision 4K Monitor,1,400.0,0.1,360.0,250.0,ApexGlobal,1,On-Time,0,0
ORD-11448,2024-02-26,CUST-1391,Corporate,South,PRD-904,Furniture,Nordic Solid Oak Bookshelf,1,310.0,0.0,310.0,225.0,SwiftFreight,1,On-Time,0,0
ORD-11449,2024-02-26,CUST-1202,Small Business,South,PRD-904,Furniture,Nordic Solid Oak Bookshelf,2,310.0,0.15,527.0,357.0,StandardMail,2,On-Time,0,0
ORD-11450,2024-02-26,CUST-1274,Corporate,South,PRD-025,Electronics,SmartSync Fitness Tracker,2,90.0,0.15,153.0,83.0,SwiftFreight,0,On-Time,0,0
ORD-11451,2024-02-26,CUST-1060,Small Business,South,PRD-367,Office Supplies,HeavyDuty Metal Stapler,2,25.0,0.05,47.5,27.5,SwiftFreight,0,On-Time,0,0
ORD-11452,2024-02-26,CUST-1017,Corporate,South,PRD-904,Furniture,Nordic Solid Oak Bookshelf,2,310.0,0.1,558.0,388.0,ExpressLogistics,1,On-Time,0,0
ORD-11453,2024-02-26,CUST-1356,Small Business,East,PRD-787,Furniture,ErgoPro Executive Desk,1,450.0,0.0,450.0,330.0,StandardMail,0,On-Time,0,0
ORD-11454,2024-02-26,CUST-1484,Small Business,East,PRD-910,Furniture,LumbarComfort Mesh Chair,2,220.0,0.05,418.0,288.0,StandardMail,2,On-Time,0,0
ORD-11455,2024-02-26,CUST-1152,Small Business,East,PRD-367,Office Supplies,HeavyDuty Metal Stapler,2,25.0,0.05,47.5,27.5,SwiftFreight,0,On-Time,0,0
ORD-11456,2024-02-26,CUST-1204,Corporate,East,PRD-904,Furniture,Nordic Solid Oak Bookshelf,2,310.0,0.15,527.0,357.0,ExpressLogistics,1,On-Time,0,0
ORD-11457,2024-02-26,CUST-1438,Corporate,East,PRD-925,Office Supplies,Premium Recycled Paper (Box),3,45.0,0.15,114.75,72.75,StandardMail,1,On-Time,0,0
ORD-11458,2024-02-26,CUST-1386,Consumer,West,PRD-156,Electronics,Apex Gaming Laptop,1,1200.0,0.05,1140.0,840.0,ApexGlobal,1,On-Time,0,0
ORD-11459,2024-02-26,CUST-1085,Corporate,West,PRD-080,Office Supplies,Gel Ink Pen Multi-Pack,2,18.0,0.15,30.6,18.6,ExpressLogistics,0,On-Time,0,0
ORD-11460,2024-02-26,CUST-1217,Small Business,West,PRD-925,Office Supplies,Premium Recycled Paper (Box),1,45.0,0.15,38.25,24.25,SwiftFreight,2,On-Time,0,0
ORD-11461,2024-02-26,CUST-1151,Corporate,West,PRD-080,Office Supplies,Gel Ink Pen Multi-Pack,3,18.0,0.05,51.3,33.3,ExpressLogistics,2,On-Time,0,0
ORD-11462,2024-02-26,CUST-1461,Consumer,West,PRD-910,Furniture,LumbarComfort Mesh Chair,1,220.0,0.0,220.0,155.0,ApexGlobal,1,On-Time,0,0
ORD-11463,2024-02-26,CUST-1340,Small Business,West,PRD-904,Furniture,Nordic Solid Oak Bookshelf,1,310.0,0.15,263.5,178.5,ApexGlobal,0,On-Time,0,0
ORD-11464,2024-02-26,CUST-1355,Small Business,West,PRD-925,Office Supplies,Premium Recycled Paper (Box),3,45.0,0.0,135.0,93.0,ApexGlobal,2,On-Time,0,0
ORD-11465,2024-02-26,CUST-1248,Small Business,West,PRD-080,Office Supplies,Gel Ink Pen Multi-Pack,1,18.0,0.0,18.0,12.0,ApexGlobal,1,On-Time,0,0
ORD-11466,2024-02-27,CUST-1124,,North,PRD-367,Office Supplies,HeavyDuty Metal Stapler,3,25.0,0.05,71.25,41.25,ApexGlobal,1,On-Time,0,0
ORD-11467,2024-02-27,CUST-1175,Corporate,North,PRD-367,Office Supplies,HeavyDuty Metal Stapler,2,25.0,0.1,45.0,25.0,SwiftFreight,1,On-Time,0,0
ORD-11468,2024-02-27,CUST-1035,Consumer,North,PRD-910,Furniture,LumbarComfort Mesh Chair,2,220.0,0.15,374.0,244.0,ApexGlobal,0,On-Time,0,0
ORD-11469,2024-02-27,CUST-1169,Consumer,North,PRD-910,Furniture,LumbarComfort Mesh Chair,2,220.0,0.0,440.0,310.0,SwiftFreight,0,On-Time,0,0
ORD-11470,2024-02-27,CUST-1145,Small Business,North,PRD-156,Electronics,Apex Gaming Laptop,1,1200.0,0.05,1140.0,840.0,ApexGlobal,2,On-Time,0,0
ORD-11471,2024-02-27,CUST-1286,Corporate,South,PRD-925,Office Supplies,Premium Recycled Paper (Box),3,45.0,0.1,121.5,79.5,ApexGlobal,1,On-Time,0,0
ORD-11472,2024-02-27,CUST-1298,Consumer,South,PRD-080,Office Supplies,Gel Ink Pen Multi-Pack,3,18.0,0.1,48.6,30.6,SwiftFreight,0,On-Time,0,0
ORD-11473,2024-02-27,CUST-1202,Consumer,South,PRD-044,Electronics,UltraVision 4K Monitor,3,400.0,0.1,1080.0,750.0,StandardMail,2,On-Time,0,0
ORD-11474,2024-02-27,CUST-1497,Corporate,South,PRD-787,Furniture,ErgoPro Executive Desk,3,450.0,0.0,1350.0,990.0,SwiftFreight,0,On-Time,0,0
ORD-11475,2024-02-27,CUST-1104,Consumer,South,PRD-367,Office Supplies,HeavyDuty Metal Stapler,2,25.0,0.05,47.5,27.5,ExpressLogistics,1,On-Time,0,0
ORD-11476,2024-02-27,CUST-1297,Corporate,South,PRD-787,Furniture,ErgoPro Executive Desk,1,450.0,0.0,450.0,330.0,SwiftFreight,0,On-Time,0,0
ORD-11477,2024-02-27,CUST-1256,Consumer,South,PRD-910,Furniture,LumbarComfort Mesh Chair,3,220.0,0.1,594.0,399.0,ApexGlobal,2,On-Time,0,0
ORD-11478,2024-02-27,CUST-1382,,South,PRD-904,Furniture,Nordic Solid Oak Bookshelf,2,310.0,0.1,558.0,388.0,SwiftFreight,0,On-Time,0,0
ORD-11479,2024-02-27,CUST-1352,Small Business,East,PRD-787,Furniture,ErgoPro Executive Desk,2,450.0,0.0,900.0,660.0,SwiftFreight,1,On-Time,0,0
ORD-11480,2024-02-27,CUST-1437,Consumer,East,PRD-367,Office Supplies,HeavyDuty Metal Stapler,2,25.0,0.05,47.5,27.5,ApexGlobal,2,On-Time,0,0
ORD-11481,2024-02-27,CUST-1320,Consumer,East,PRD-506,Electronics,SoundPulse Wireless Headphone,1,150.0,0.0,150.0,100.0,StandardMail,3,Normal,0,0
ORD-11482,2024-02-27,CUST-1284,Small Business,East,PRD-156,Electronics,Apex Gaming Laptop,3,1200.0,0.0,3600.0,2700.0,StandardMail,2,On-Time,0,0
ORD-11483,2024-02-27,CUST-1489,Corporate,East,PRD-506,Electronics,SoundPulse Wireless Headphone,2,150.0,0.0,300.0,200.0,ExpressLogistics,0,On-Time,0,0
ORD-11484,2024-02-27,CUST-1025,Small Business,East,PRD-080,Office Supplies,Gel Ink Pen Multi-Pack,3,18.0,0.0,54.0,36.0,StandardMail,1,On-Time,0,0
ORD-11485,2024-02-27,CUST-1129,Consumer,West,PRD-787,Furniture,ErgoPro Executive Desk,1,450.0,0.0,450.0,330.0,ApexGlobal,2,On-Time,0,0
ORD-11486,2024-02-27,CUST-1289,Small Business,West,PRD-156,Electronics,Apex Gaming Laptop,2,1200.0,0.0,2400.0,1800.0,SwiftFreight,1,On-Time,0,0
ORD-11487,2024-02-27,CUST-1052,Small Business,West,PRD-506,Electronics,SoundPulse Wireless Headphone,3,150.0,0.1,405.0,255.0,ExpressLogistics,1,On-Time,0,0
ORD-11488,2024-02-27,CUST-1149,Consumer,West,PRD-044,Electronics,UltraVision 4K Monitor,2,400.0,0.1,720.0,500.0,ApexGlobal,1,On-Time,0,0
ORD-11489,2024-02-27,CUST-1200,Consumer,West,PRD-080,Office Supplies,Gel Ink Pen Multi-Pack,2,18.0,0.05,34.2,22.2,ExpressLogistics,1,On-Time,0,0
ORD-11490,2024-02-27,CUST-1384,Consumer,West,PRD-367,Office Supplies,HeavyDuty Metal Stapler,3,25.0,0.05,71.25,41.25,SwiftFreight,0,On-Time,0,0
ORD-11491,2024-02-28,CUST-1124,Corporate,North,PRD-156,Electronics,Apex Gaming Laptop,1,1200.0,0.0,1200.0,900.0,SwiftFreight,2,On-Time,1,0
ORD-11492,2024-02-28,CUST-1065,Small Business,North,PRD-925,Office Supplies,Premium Recycled Paper (Box),2,45.0,0.1,0.0,-5.6,SwiftFreight,1,Cancelled,0,1
ORD-11493,2024-02-28,CUST-1362,Corporate,North,PRD-367,Office Supplies,HeavyDuty Metal Stapler,1,25.0,0.05,23.75,13.75,ApexGlobal,0,On-Time,0,0
ORD-11494,2024-02-28,CUST-1460,Corporate,North,PRD-787,Furniture,ErgoPro Executive Desk,2,450.0,0.05,855.0,615.0,StandardMail,1,On-Time,0,0
ORD-11495,2024-02-28,CUST-1175,Consumer,North,PRD-787,Furniture,ErgoPro Executive Desk,1,450.0,0.15,382.5,262.5,ExpressLogistics,2,On-Time,0,0
ORD-11496,2024-02-28,CUST-1320,Small Business,South,PRD-025,Electronics,SmartSync Fitness Tracker,2,90.0,0.1,162.0,92.0,ApexGlobal,1,On-Time,0,0
ORD-11497,2024-02-28,CUST-1270,Small Business,South,PRD-367,Office Supplies,HeavyDuty Metal Stapler,3,25.0,0.0,75.0,45.0,ApexGlobal,0,On-Time,0,0
ORD-11498,2024-02-28,CUST-1070,Corporate,South,PRD-025,Electronics,SmartSync Fitness Tracker,3,90.0,0.1,243.0,138.0,StandardMail,1,On-Time,0,0
ORD-11499,2024-02-28,CUST-1389,Small Business,South,PRD-925,Office Supplies,Premium Recycled Paper (Box),3,45.0,0.15,114.75,72.75,SwiftFreight,1,On-Time,0,0
ORD-11500,2024-02-28,CUST-1187,Small Business,South,PRD-910,Furniture,LumbarComfort Mesh Chair,2,220.0,0.15,374.0,244.0,SwiftFreight,2,On-Time,0,0
ORD-11501,2024-02-28,CUST-1061,Consumer,South,PRD-904,Furniture,Nordic Solid Oak Bookshelf,1,310.0,0.1,279.0,194.0,SwiftFreight,2,On-Time,0,0
ORD-11502,2024-02-28,CUST-1047,Consumer,East,PRD-925,Office Supplies,Premium Recycled Paper (Box),1,45.0,0.0,45.0,31.0,StandardMail,3,Normal,0,0
ORD-11503,2024-02-28,CUST-1469,Corporate,East,PRD-080,Office Supplies,Gel Ink Pen Multi-Pack,3,18.0,0.0,54.0,36.0,ExpressLogistics,2,On-Time,0,0
ORD-11504,2024-02-28,CUST-1105,Consumer,East,PRD-910,Furniture,LumbarComfort Mesh Chair,3,220.0,0.0,660.0,465.0,SwiftFreight,0,On-Time,0,0
ORD-11505,2024-02-28,CUST-1064,Consumer,East,PRD-787,Furniture,ErgoPro Executive Desk,3,450.0,0.1,1215.0,855.0,,2,On-Time,0,0
ORD-11506,2024-02-28,CUST-1379,Small Business,East,PRD-787,Furniture,ErgoPro Executive Desk,2,450.0,0.05,855.0,615.0,StandardMail,0,On-Time,0,0
ORD-11507,2024-02-28,CUST-1316,Small Business,East,PRD-910,Furniture,LumbarComfort Mesh Chair,2,220.0,0.1,396.0,266.0,StandardMail,0,On-Time,0,0
ORD-11508,2024-02-28,CUST-1240,Corporate,East,PRD-904,Furniture,Nordic Solid Oak Bookshelf,3,310.0,0.15,790.5,535.5,StandardMail,0,On-Time,0,0
ORD-11509,2024-02-28,CUST-1144,Small Business,East,PRD-787,Furniture,ErgoPro Executive Desk,1,450.0,0.15,382.5,262.5,ExpressLogistics,1,On-Time,0,0
ORD-11510,2024-02-28,CUST-1122,Consumer,West,PRD-910,Furniture,LumbarComfort Mesh Chair,3,220.0,0.15,561.0,366.0,SwiftFreight,0,On-Time,0,0
ORD-11511,2024-02-28,CUST-1007,Small Business,West,PRD-156,Electronics,Apex Gaming Laptop,1,1200.0,0.0,1200.0,900.0,ExpressLogistics,0,On-Time,0,0
ORD-11512,2024-02-28,CUST-1458,Consumer,West,PRD-904,Furniture,Nordic Solid Oak Bookshelf,1,310.0,0.0,310.0,225.0,SwiftFreight,1,On-Time,0,0
ORD-11513,2024-02-28,CUST-1355,Corporate,West,PRD-080,Office Supplies,Gel Ink Pen Multi-Pack,2,18.0,0.1,32.4,20.4,SwiftFreight,1,On-Time,0,0
ORD-11514,2024-02-28,CUST-1289,Corporate,West,PRD-080,Office Supplies,Gel Ink Pen Multi-Pack,3,18.0,0.0,54.0,36.0,ExpressLogistics,1,On-Time,0,0
ORD-11515,2024-02-29,CUST-1129,Small Business,North,PRD-925,Office Supplies,Premium Recycled Paper (Box),2,45.0,0.15,76.5,48.5,SwiftFreight,1,On-Time,0,0
ORD-11516,2024-02-29,CUST-1431,Corporate,North,PRD-925,Office Supplies,Premium Recycled Paper (Box),2,45.0,0.15,76.5,48.5,ApexGlobal,1,On-Time,0,0
ORD-11517,2024-02-29,CUST-1007,Small Business,North,PRD-904,Furniture,Nordic Solid Oak Bookshelf,2,310.0,0.0,620.0,450.0,ExpressLogistics,2,On-Time,0,0
ORD-11518,2024-02-29,CUST-1276,Corporate,North,PRD-025,Electronics,SmartSync Fitness Tracker,2,90.0,0.15,153.0,83.0,ApexGlobal,0,On-Time,0,0
ORD-11519,2024-02-29,CUST-1153,Corporate,North,PRD-910,Furniture,LumbarComfort Mesh Chair,2,220.0,0.0,440.0,310.0,ExpressLogistics,0,On-Time,0,0
ORD-11520,2024-02-29,CUST-1089,Consumer,North,PRD-080,Office Supplies,Gel Ink Pen Multi-Pack,3,18.0,0.1,48.6,30.6,SwiftFreight,0,On-Time,0,0
ORD-11521,2024-02-29,CUST-1178,Corporate,South,PRD-787,Furniture,ErgoPro Executive Desk,1,450.0,0.1,405.0,285.0,StandardMail,1,On-Time,0,0
ORD-11522,2024-02-29,CUST-1074,Corporate,South,PRD-025,Electronics,SmartSync Fitness Tracker,3,90.0,0.15,229.5,124.5,StandardMail,0,On-Time,0,0
ORD-11523,2024-02-29,CUST-1018,Small Business,South,PRD-156,Electronics,Apex Gaming Laptop,3,1200.0,0.15,3060.0,2160.0,ApexGlobal,1,On-Time,0,0
ORD-11524,2024-02-29,CUST-1321,Corporate,South,PRD-925,Office Supplies,Premium Recycled Paper (Box),2,45.0,0.1,81.0,53.0,ApexGlobal,0,On-Time,0,0
ORD-11525,2024-02-29,CUST-1418,Corporate,South,PRD-156,Electronics,Apex Gaming Laptop,1,1200.0,0.0,1200.0,900.0,SwiftFreight,1,On-Time,0,0
ORD-11526,2024-02-29,CUST-1111,Corporate,East,PRD-904,Furniture,Nordic Solid Oak Bookshelf,2,310.0,0.0,620.0,450.0,ApexGlobal,0,On-Time,0,0
ORD-11527,2024-02-29,CUST-1377,Corporate,East,PRD-025,Electronics,SmartSync Fitness Tracker,1,90.0,0.1,81.0,46.0,,1,On-Time,0,0
ORD-11528,2024-02-29,CUST-1137,Corporate,East,PRD-787,Furniture,ErgoPro Executive Desk,3,450.0,0.05,1282.5,922.5,SwiftFreight,1,On-Time,0,0
ORD-11529,2024-02-29,CUST-1044,Consumer,East,PRD-925,Office Supplies,Premium Recycled Paper (Box),1,45.0,0.0,45.0,31.0,ExpressLogistics,1,On-Time,0,0
ORD-11530,2024-02-29,CUST-1273,Corporate,East,PRD-044,Electronics,UltraVision 4K Monitor,3,400.0,0.05,1140.0,810.0,ExpressLogistics,0,On-Time,0,0
ORD-11531,2024-02-29,CUST-1313,Small Business,West,PRD-787,Furniture,ErgoPro Executive Desk,2,450.0,0.15,765.0,525.0,StandardMail,1,On-Time,0,0
ORD-11532,2024-02-29,CUST-1199,Small Business,West,PRD-925,Office Supplies,Premium Recycled Paper (Box),3,45.0,0.1,121.5,79.5,ExpressLogistics,2,On-Time,0,0
ORD-11533,2024-02-29,CUST-1341,Small Business,West,PRD-904,Furniture,Nordic Solid Oak Bookshelf,1,310.0,0.0,310.0,225.0,ApexGlobal,2,On-Time,0,0
ORD-11534,2024-02-29,CUST-1459,Corporate,West,PRD-925,Office Supplies,Premium Recycled Paper (Box),1,45.0,0.1,40.5,26.5,ExpressLogistics,1,On-Time,0,0
ORD-11535,2024-02-29,CUST-1052,Corporate,West,PRD-506,Electronics,SoundPulse Wireless Headphone,3,150.0,0.1,405.0,255.0,StandardMail,2,On-Time,0,0
ORD-11536,2024-02-29,CUST-1357,Small Business,West,PRD-925,Office Supplies,Premium Recycled Paper (Box),3,45.0,0.05,128.25,86.25,ApexGlobal,1,On-Time,0,0
ORD-11537,2024-02-29,CUST-1346,Corporate,West,PRD-787,Furniture,ErgoPro Executive Desk,1,450.0,0.15,382.5,262.5,ExpressLogistics,2,On-Time,0,0
ORD-11538,2024-03-01,CUST-1255,Small Business,North,PRD-044,Electronics,UltraVision 4K Monitor,2,400.0,0.1,720.0,500.0,ExpressLogistics,1,On-Time,0,0
ORD-11539,2024-03-01,CUST-1475,Corporate,North,PRD-925,Office Supplies,Premium Recycled Paper (Box),2,45.0,0.05,85.5,57.5,ExpressLogistics,0,On-Time,0,0
ORD-11540,2024-03-01,CUST-1469,Small Business,North,PRD-367,Office Supplies,HeavyDuty Metal Stapler,1,25.0,0.1,22.5,12.5,ApexGlobal,1,On-Time,0,0
ORD-11541,2024-03-01,CUST-1380,Consumer,North,PRD-080,Office Supplies,Gel Ink Pen Multi-Pack,3,18.0,0.15,45.9,27.9,StandardMail,2,On-Time,0,0
ORD-11542,2024-03-01,CUST-1250,Consumer,North,PRD-787,Furniture,ErgoPro Executive Desk,3,450.0,0.1,1215.0,855.0,ApexGlobal,1,On-Time,1,0
ORD-11543,2024-03-01,CUST-1223,Corporate,North,PRD-080,Office Supplies,Gel Ink Pen Multi-Pack,3,18.0,0.1,48.6,30.6,SwiftFreight,1,On-Time,0,0
ORD-11544,2024-03-01,CUST-1463,Corporate,North,PRD-910,Furniture,LumbarComfort Mesh Chair,3,220.0,0.15,561.0,366.0,SwiftFreight,1,On-Time,0,0
ORD-11545,2024-03-01,CUST-1490,Consumer,North,PRD-080,Office Supplies,Gel Ink Pen Multi-Pack,1,18.0,0.05,17.1,11.1,StandardMail,0,On-Time,0,0
ORD-11546,2024-03-01,CUST-1091,Consumer,South,PRD-080,Office Supplies,Gel Ink Pen Multi-Pack,2,18.0,0.15,30.6,18.6,ApexGlobal,2,On-Time,0,0
ORD-11547,2024-03-01,CUST-1300,Small Business,South,PRD-080,Office Supplies,Gel Ink Pen Multi-Pack,2,18.0,0.15,30.6,18.6,ExpressLogistics,0,On-Time,0,0
ORD-11548,2024-03-01,CUST-1429,Small Business,South,PRD-044,Electronics,UltraVision 4K Monitor,1,400.0,0.15,340.0,230.0,SwiftFreight,1,On-Time,0,0
ORD-11549,2024-03-01,CUST-1222,Consumer,South,PRD-044,Electronics,UltraVision 4K Monitor,2,400.0,0.15,680.0,460.0,StandardMail,1,On-Time,0,0
ORD-11550,2024-03-01,CUST-1019,Corporate,South,PRD-506,Electronics,SoundPulse Wireless Headphone,1,150.0,0.15,127.5,77.5,ApexGlobal,1,On-Time,0,0
ORD-11551,2024-03-01,CUST-1353,Corporate,South,PRD-367,Office Supplies,HeavyDuty Metal Stapler,1,25.0,0.1,22.5,12.5,SwiftFreight,1,On-Time,0,0
ORD-11552,2024-03-01,CUST-1175,Corporate,South,PRD-156,Electronics,Apex Gaming Laptop,1,1200.0,0.05,1140.0,840.0,SwiftFreight,0,On-Time,0,0
ORD-11553,2024-03-01,CUST-1130,Consumer,East,PRD-044,Electronics,UltraVision 4K Monitor,2,400.0,0.15,680.0,460.0,StandardMail,0,On-Time,0,0
ORD-11554,2024-03-01,CUST-1320,Small Business,East,PRD-910,Furniture,LumbarComfort Mesh Chair,3,220.0,0.0,660.0,465.0,SwiftFreight,0,On-Time,0,0
ORD-11555,2024-03-01,CUST-1132,Consumer,East,PRD-787,Furniture,ErgoPro Executive Desk,3,450.0,0.0,1350.0,990.0,,0,On-Time,0,0
ORD-11556,2024-03-01,CUST-1374,Corporate,East,PRD-080,Office Supplies,Gel Ink Pen Multi-Pack,2,18.0,0.05,34.2,22.2,ExpressLogistics,2,On-Time,0,0
ORD-11557,2024-03-01,CUST-1121,Small Business,East,PRD-787,Furniture,ErgoPro Executive Desk,1,450.0,0.0,450.0,330.0,ExpressLogistics,0,On-Time,0,0
ORD-11558,2024-03-01,CUST-1008,Corporate,East,PRD-925,Office Supplies,Premium Recycled Paper (Box),1,45.0,0.0,45.0,31.0,StandardMail,1,On-Time,0,0
ORD-11559,2024-03-01,CUST-1208,Corporate,West,PRD-080,Office Supplies,Gel Ink Pen Multi-Pack,2,18.0,0.0,36.0,24.0,StandardMail,0,On-Time,0,0
ORD-11560,2024-03-01,CUST-1310,,West,PRD-506,Electronics,SoundPulse Wireless Headphone,1,150.0,0.0,150.0,100.0,ExpressLogistics,2,On-Time,0,0
ORD-11561,2024-03-01,CUST-1195,Small Business,West,PRD-080,Office Supplies,Gel Ink Pen Multi-Pack,1,18.0,0.1,16.2,10.2,StandardMail,1,On-Time,0,0
ORD-11562,2024-03-01,CUST-1458,Consumer,West,PRD-156,Electronics,Apex Gaming Laptop,2,1200.0,0.1,2160.0,1560.0,ApexGlobal,2,On-Time,0,0
ORD-11563,2024-03-01,CUST-1228,Small Business,West,PRD-925,Office Supplies,Premium Recycled Paper (Box),3,45.0,0.05,128.25,86.25,StandardMail,2,On-Time,0,0
ORD-11564,2024-03-01,CUST-1125,Consumer,West,PRD-156,Electronics,Apex Gaming Laptop,2,1200.0,0.05,2280.0,1680.0,SwiftFreight,1,On-Time,0,0
ORD-11565,2024-03-01,CUST-1115,Corporate,West,PRD-910,Furniture,LumbarComfort Mesh Chair,1,220.0,0.1,198.0,133.0,,1,On-Time,0,0
ORD-11566,2024-03-01,CUST-1104,Corporate,West,PRD-925,Office Supplies,Premium Recycled Paper (Box),3,45.0,0.0,135.0,93.0,ApexGlobal,1,On-Time,0,0
ORD-11567,2024-03-02,CUST-1433,Small Business,North,PRD-910,Furniture,LumbarComfort Mesh Chair,1,220.0,0.05,209.0,144.0,ApexGlobal,3,Normal,0,0
ORD-11568,2024-03-02,CUST-1206,Consumer,North,PRD-910,Furniture,LumbarComfort Mesh Chair,2,220.0,0.1,396.0,266.0,ApexGlobal,0,On-Time,0,0
ORD-11569,2024-03-02,CUST-1220,Consumer,North,PRD-080,Office Supplies,Gel Ink Pen Multi-Pack,3,18.0,0.0,54.0,36.0,ExpressLogistics,1,On-Time,0,0
ORD-11570,2024-03-02,CUST-1354,Small Business,North,PRD-367,Office Supplies,HeavyDuty Metal Stapler,3,25.0,0.1,67.5,37.5,StandardMail,1,On-Time,0,0
ORD-11571,2024-03-02,CUST-1067,Corporate,North,PRD-080,Office Supplies,Gel Ink Pen Multi-Pack,2,18.0,0.1,32.4,20.4,ExpressLogistics,1,On-Time,0,0
ORD-11572,2024-03-02,CUST-1223,Small Business,North,PRD-025,Electronics,SmartSync Fitness Tracker,1,90.0,0.15,76.5,41.5,ExpressLogistics,0,On-Time,0,0
ORD-11573,2024-03-02,CUST-1191,Corporate,South,PRD-910,Furniture,LumbarComfort Mesh Chair,3,220.0,0.0,660.0,465.0,SwiftFreight,0,On-Time,0,0
ORD-11574,2024-03-02,CUST-1010,Corporate,South,PRD-506,Electronics,SoundPulse Wireless Headphone,3,150.0,0.15,382.5,232.5,ApexGlobal,1,On-Time,0,0
ORD-11575,2024-03-02,CUST-1410,Small Business,South,PRD-787,Furniture,ErgoPro Executive Desk,1,450.0,0.1,405.0,285.0,,1,On-Time,0,0
ORD-11576,2024-03-02,CUST-1318,Corporate,South,PRD-904,Furniture,Nordic Solid Oak Bookshelf,1,310.0,0.15,263.5,178.5,ApexGlobal,1,On-Time,0,0
ORD-11577,2024-03-02,CUST-1293,Small Business,South,PRD-787,Furniture,ErgoPro Executive Desk,3,450.0,0.05,1282.5,922.5,ApexGlobal,0,On-Time,0,0
ORD-11578,2024-03-02,CUST-1265,Small Business,South,PRD-044,Electronics,UltraVision 4K Monitor,2,400.0,0.15,680.0,460.0,ApexGlobal,1,On-Time,0,0
ORD-11579,2024-03-02,CUST-1157,Corporate,South,PRD-367,Office Supplies,HeavyDuty Metal Stapler,1,25.0,0.0,25.0,15.0,SwiftFreight,1,On-Time,0,0
ORD-11580,2024-03-02,CUST-1331,Small Business,East,PRD-904,Furniture,Nordic Solid Oak Bookshelf,3,310.0,0.05,883.5,628.5,ExpressLogistics,2,On-Time,0,0
ORD-11581,2024-03-02,CUST-1091,Corporate,East,PRD-044,Electronics,UltraVision 4K Monitor,3,400.0,0.1,1080.0,750.0,ExpressLogistics,2,On-Time,0,0
ORD-11582,2024-03-02,CUST-1015,Consumer,East,PRD-506,Electronics,SoundPulse Wireless Headphone,2,150.0,0.05,285.0,185.0,StandardMail,1,On-Time,0,0
ORD-11583,2024-03-02,CUST-1362,Corporate,East,PRD-910,Furniture,LumbarComfort Mesh Chair,2,220.0,0.05,418.0,288.0,ApexGlobal,1,On-Time,0,0
ORD-11584,2024-03-02,CUST-1287,Consumer,East,PRD-080,Office Supplies,Gel Ink Pen Multi-Pack,2,18.0,0.1,32.4,20.4,ApexGlobal,0,On-Time,0,0
ORD-11585,2024-03-02,CUST-1264,Consumer,East,PRD-025,Electronics,SmartSync Fitness Tracker,3,90.0,0.1,243.0,138.0,SwiftFreight,0,On-Time,0,0
ORD-11586,2024-03-02,CUST-1319,Corporate,East,PRD-904,Furniture,Nordic Solid Oak Bookshelf,3,310.0,0.05,883.5,628.5,ExpressLogistics,1,On-Time,0,0
ORD-11587,2024-03-02,CUST-1162,Consumer,East,PRD-080,Office Supplies,Gel Ink Pen Multi-Pack,3,18.0,0.05,51.3,33.3,ExpressLogistics,0,On-Time,0,0
ORD-11588,2024-03-02,CUST-1082,Corporate,West,PRD-044,Electronics,UltraVision 4K Monitor,1,400.0,0.05,380.0,270.0,ExpressLogistics,1,On-Time,0,0
ORD-11589,2024-03-02,CUST-1481,Corporate,West,PRD-925,Office Supplies,Premium Recycled Paper (Box),3,45.0,0.1,121.5,79.5,SwiftFreight,1,On-Time,0,0
ORD-11590,2024-03-02,CUST-1356,Consumer,West,PRD-787,Furniture,ErgoPro Executive Desk,2,450.0,0.0,900.0,660.0,ExpressLogistics,2,On-Time,0,0
ORD-11591,2024-03-02,CUST-1124,Small Business,West,PRD-925,Office Supplies,Premium Recycled Paper (Box),3,45.0,0.15,114.75,72.75,StandardMail,2,On-Time,0,0
ORD-11592,2024-03-02,CUST-1077,Consumer,West,PRD-506,Electronics,SoundPulse Wireless Headphone,2,150.0,0.05,285.0,185.0,ApexGlobal,0,On-Time,0,0
ORD-11593,2024-03-02,CUST-1075,Corporate,West,PRD-925,Office Supplies,Premium Recycled Paper (Box),3,45.0,0.15,114.75,72.75,SwiftFreight,2,On-Time,0,0
ORD-11594,2024-03-02,CUST-1155,Corporate,West,PRD-506,Electronics,SoundPulse Wireless Headphone,2,150.0,0.1,270.0,170.0,,1,On-Time,0,0
ORD-11595,2024-03-02,CUST-1489,Corporate,West,PRD-025,Electronics,SmartSync Fitness Tracker,1,90.0,0.05,85.5,50.5,ExpressLogistics,1,On-Time,0,0
ORD-11596,2024-03-03,CUST-1408,Corporate,North,PRD-787,Furniture,ErgoPro Executive Desk,3,450.0,0.15,1147.5,787.5,SwiftFreight,0,On-Time,0,0
ORD-11597,2024-03-03,CUST-1088,Corporate,North,PRD-080,Office Supplies,Gel Ink Pen Multi-Pack,1,18.0,0.15,15.3,9.3,ExpressLogistics,1,On-Time,0,0
ORD-11598,2024-03-03,CUST-1256,Consumer,North,PRD-787,Furniture,ErgoPro Executive Desk,1,450.0,0.1,405.0,285.0,StandardMail,1,On-Time,0,0
ORD-11599,2024-03-03,CUST-1195,Small Business,North,PRD-025,Electronics,SmartSync Fitness Tracker,1,90.0,0.15,76.5,41.5,ApexGlobal,1,On-Time,0,0
ORD-11600,2024-03-03,CUST-1430,Consumer,North,PRD-156,Electronics,Apex Gaming Laptop,2,1200.0,0.0,2400.0,1800.0,ApexGlobal,0,On-Time,0,0
ORD-11601,2024-03-03,CUST-1176,Consumer,North,PRD-910,Furniture,LumbarComfort Mesh Chair,1,220.0,0.0,220.0,155.0,ExpressLogistics,1,On-Time,0,0
ORD-11602,2024-03-03,CUST-1249,Corporate,South,PRD-080,Office Supplies,Gel Ink Pen Multi-Pack,3,18.0,0.15,45.9,27.9,ApexGlobal,0,On-Time,0,0
ORD-11603,2024-03-03,CUST-1047,Corporate,South,PRD-925,Office Supplies,Premium Recycled Paper (Box),1,45.0,0.05,42.75,28.75,ExpressLogistics,0,On-Time,0,0
ORD-11604,2024-03-03,CUST-1312,Small Business,South,PRD-044,Electronics,UltraVision 4K Monitor,1,400.0,0.05,380.0,270.0,StandardMail,1,On-Time,0,0
ORD-11605,2024-03-03,CUST-1248,Corporate,South,PRD-787,Furniture,ErgoPro Executive Desk,3,450.0,0.0,1350.0,990.0,ApexGlobal,1,On-Time,0,0
ORD-11606,2024-03-03,CUST-1279,Small Business,South,PRD-925,Office Supplies,Premium Recycled Paper (Box),1,45.0,0.05,42.75,28.75,ApexGlobal,1,On-Time,0,0
ORD-11607,2024-03-03,CUST-1045,Consumer,South,PRD-787,Furniture,ErgoPro Executive Desk,2,450.0,0.05,855.0,615.0,StandardMail,0,On-Time,0,0
ORD-11608,2024-03-03,CUST-1186,Corporate,South,PRD-925,Office Supplies,Premium Recycled Paper (Box),3,45.0,0.15,114.75,72.75,ApexGlobal,1,On-Time,0,0
ORD-11609,2024-03-03,CUST-1373,Corporate,South,PRD-925,Office Supplies,Premium Recycled Paper (Box),3,45.0,0.1,121.5,79.5,,1,On-Time,0,0
ORD-11610,2024-03-03,CUST-1198,Consumer,East,PRD-904,Furniture,Nordic Solid Oak Bookshelf,2,310.0,0.15,527.0,357.0,SwiftFreight,1,On-Time,0,0
ORD-11611,2024-03-03,CUST-1221,Small Business,East,PRD-080,Office Supplies,Gel Ink Pen Multi-Pack,3,18.0,0.15,45.9,27.9,ExpressLogistics,3,Normal,0,0
ORD-11612,2024-03-03,CUST-1248,Consumer,East,PRD-156,Electronics,Apex Gaming Laptop,1,1200.0,0.05,1140.0,840.0,SwiftFreight,0,On-Time,0,0
ORD-11613,2024-03-03,CUST-1394,Consumer,East,PRD-910,Furniture,LumbarComfort Mesh Chair,2,220.0,0.05,418.0,288.0,StandardMail,0,On-Time,0,0
ORD-11614,2024-03-03,CUST-1020,Corporate,East,PRD-025,Electronics,SmartSync Fitness Tracker,1,90.0,0.0,90.0,55.0,StandardMail,1,On-Time,0,0
ORD-11615,2024-03-03,CUST-1384,Corporate,East,PRD-080,Office Supplies,Gel Ink Pen Multi-Pack,2,18.0,0.15,30.6,18.6,StandardMail,0,On-Time,0,0
ORD-11616,2024-03-03,CUST-1346,Corporate,East,PRD-506,Electronics,SoundPulse Wireless Headphone,2,150.0,0.0,300.0,200.0,ApexGlobal,0,On-Time,0,0
ORD-11617,2024-03-03,CUST-1377,Consumer,East,PRD-044,Electronics,UltraVision 4K Monitor,1,400.0,0.05,380.0,270.0,SwiftFreight,1,On-Time,0,0
ORD-11618,2024-03-03,CUST-1238,Small Business,West,PRD-925,Office Supplies,Premium Recycled Paper (Box),1,45.0,0.05,42.75,28.75,ExpressLogistics,1,On-Time,0,0
ORD-11619,2024-03-03,CUST-1058,Small Business,West,PRD-367,Office Supplies,HeavyDuty Metal Stapler,1,25.0,0.15,21.25,11.25,ExpressLogistics,2,On-Time,0,0
ORD-11620,2024-03-03,CUST-1432,Consumer,West,PRD-904,Furniture,Nordic Solid Oak Bookshelf,3,310.0,0.0,930.0,675.0,ApexGlobal,1,On-Time,0,0
ORD-11621,2024-03-03,CUST-1215,Consumer,West,PRD-904,Furniture,Nordic Solid Oak Bookshelf,2,310.0,0.0,620.0,450.0,StandardMail,1,On-Time,0,0
ORD-11622,2024-03-03,CUST-1048,Corporate,West,PRD-367,Office Supplies,HeavyDuty Metal Stapler,3,25.0,0.1,67.5,37.5,SwiftFreight,0,On-Time,0,0
ORD-11623,2024-03-04,CUST-1328,Consumer,North,PRD-025,Electronics,SmartSync Fitness Tracker,1,90.0,0.15,76.5,41.5,StandardMail,0,On-Time,0,0
ORD-11624,2024-03-04,CUST-1403,Small Business,North,PRD-904,Furniture,Nordic Solid Oak Bookshelf,2,310.0,0.0,620.0,450.0,ApexGlobal,1,On-Time,0,0
ORD-11625,2024-03-04,CUST-1451,Consumer,North,PRD-080,Office Supplies,Gel Ink Pen Multi-Pack,1,18.0,0.15,15.3,9.3,ApexGlobal,0,On-Time,0,0
ORD-11626,2024-03-04,CUST-1124,Small Business,North,PRD-080,Office Supplies,Gel Ink Pen Multi-Pack,2,18.0,0.05,34.2,22.2,SwiftFreight,1,On-Time,0,0
ORD-11627,2024-03-04,CUST-1087,Consumer,North,PRD-925,Office Supplies,Premium Recycled Paper (Box),1,45.0,0.1,40.5,26.5,ExpressLogistics,1,On-Time,0,0
ORD-11628,2024-03-04,CUST-1093,Small Business,North,PRD-025,Electronics,SmartSync Fitness Tracker,3,90.0,0.0,270.0,165.0,StandardMail,0,On-Time,0,0
ORD-11629,2024-03-04,CUST-1030,Corporate,South,PRD-506,Electronics,SoundPulse Wireless Headphone,3,150.0,0.15,382.5,232.5,ExpressLogistics,1,On-Time,0,0
ORD-11630,2024-03-04,CUST-1226,Consumer,South,PRD-506,Electronics,SoundPulse Wireless Headphone,1,150.0,0.15,127.5,77.5,StandardMail,0,On-Time,0,0
ORD-11631,2024-03-04,CUST-1079,Corporate,South,PRD-080,Office Supplies,Gel Ink Pen Multi-Pack,3,18.0,0.05,51.3,33.3,ExpressLogistics,2,On-Time,0,0
ORD-11632,2024-03-04,CUST-1330,Corporate,South,PRD-910,Furniture,LumbarComfort Mesh Chair,2,220.0,0.1,396.0,266.0,SwiftFreight,1,On-Time,0,0
ORD-11633,2024-03-04,CUST-1116,Corporate,South,PRD-367,Office Supplies,HeavyDuty Metal Stapler,3,25.0,0.1,0.0,-6.0,SwiftFreight,1,Cancelled,0,1
ORD-11634,2024-03-04,CUST-1335,Corporate,South,PRD-910,Furniture,LumbarComfort Mesh Chair,1,220.0,0.15,187.0,122.0,ApexGlobal,2,On-Time,0,0
ORD-11635,2024-03-04,CUST-1080,Small Business,East,PRD-925,Office Supplies,Premium Recycled Paper (Box),1,45.0,0.0,45.0,31.0,StandardMail,2,On-Time,0,0
ORD-11636,2024-03-04,CUST-1427,Corporate,East,PRD-367,Office Supplies,HeavyDuty Metal Stapler,3,25.0,0.15,63.75,33.75,StandardMail,2,On-Time,0,0
ORD-11637,2024-03-04,CUST-1165,Consumer,East,PRD-044,Electronics,UltraVision 4K Monitor,1,400.0,0.15,340.0,230.0,SwiftFreight,3,Normal,0,0
ORD-11638,2024-03-04,CUST-1001,Small Business,East,PRD-080,Office Supplies,Gel Ink Pen Multi-Pack,2,18.0,0.05,34.2,22.2,StandardMail,1,On-Time,0,0
ORD-11639,2024-03-04,CUST-1169,Small Business,East,PRD-080,Office Supplies,Gel Ink Pen Multi-Pack,1,18.0,0.0,18.0,12.0,ApexGlobal,0,On-Time,0,0
ORD-11640,2024-03-04,CUST-1492,Corporate,East,PRD-787,Furniture,ErgoPro Executive Desk,2,450.0,0.15,765.0,525.0,ApexGlobal,1,On-Time,0,0
ORD-11641,2024-03-04,CUST-1257,Consumer,West,PRD-044,Electronics,UltraVision 4K Monitor,2,400.0,0.05,760.0,540.0,StandardMail,0,On-Time,0,0
ORD-11642,2024-03-04,CUST-1253,Corporate,West,PRD-367,Office Supplies,HeavyDuty Metal Stapler,3,25.0,0.0,75.0,45.0,ExpressLogistics,2,On-Time,0,0
ORD-11643,2024-03-04,CUST-1125,Small Business,West,PRD-025,Electronics,SmartSync Fitness Tracker,2,90.0,0.15,153.0,83.0,ExpressLogistics,0,On-Time,0,0
ORD-11644,2024-03-04,CUST-1122,Corporate,West,PRD-080,Office Supplies,Gel Ink Pen Multi-Pack,2,18.0,0.1,32.4,20.4,ApexGlobal,1,On-Time,0,0
ORD-11645,2024-03-04,CUST-1049,Corporate,West,PRD-367,Office Supplies,HeavyDuty Metal Stapler,1,25.0,0.0,25.0,15.0,ExpressLogistics,1,On-Time,0,0
ORD-11646,2024-03-04,CUST-1483,Small Business,West,PRD-925,Office Supplies,Premium Recycled Paper (Box),3,45.0,0.05,128.25,86.25,SwiftFreight,2,On-Time,0,0
ORD-11647,2024-03-04,CUST-1182,Corporate,West,PRD-156,Electronics,Apex Gaming Laptop,1,1200.0,0.15,1020.0,720.0,ApexGlobal,0,On-Time,0,0
ORD-11648,2024-03-05,CUST-1466,Corporate,North,PRD-080,Office Supplies,Gel Ink Pen Multi-Pack,1,18.0,0.15,15.3,9.3,StandardMail,2,On-Time,0,0
ORD-11649,2024-03-05,CUST-1066,Small Business,North,PRD-910,Furniture,LumbarComfort Mesh Chair,1,220.0,0.05,209.0,144.0,SwiftFreight,1,On-Time,0,0
ORD-11650,2024-03-05,CUST-1067,Consumer,North,PRD-044,Electronics,UltraVision 4K Monitor,2,400.0,0.0,800.0,580.0,StandardMail,1,On-Time,0,0
ORD-11651,2024-03-05,CUST-1180,Small Business,North,PRD-156,Electronics,Apex Gaming Laptop,3,1200.0,0.15,3060.0,2160.0,ExpressLogistics,1,On-Time,0,0
ORD-11652,2024-03-05,CUST-1273,Consumer,North,PRD-025,Electronics,SmartSync Fitness Tracker,1,90.0,0.15,76.5,41.5,StandardMail,1,On-Time,0,0
ORD-11653,2024-03-05,CUST-1058,Small Business,South,PRD-080,Office Supplies,Gel Ink Pen Multi-Pack,1,18.0,0.15,15.3,9.3,ApexGlobal,1,On-Time,0,0
ORD-11654,2024-03-05,CUST-1188,Small Business,South,PRD-925,Office Supplies,Premium Recycled Paper (Box),1,45.0,0.15,38.25,24.25,ApexGlobal,1,On-Time,0,0
ORD-11655,2024-03-05,CUST-1269,Consumer,South,PRD-506,Electronics,SoundPulse Wireless Headphone,2,150.0,0.0,300.0,200.0,SwiftFreight,0,On-Time,0,0
ORD-11656,2024-03-05,CUST-1150,Consumer,South,PRD-506,Electronics,SoundPulse Wireless Headphone,1,150.0,0.0,150.0,100.0,SwiftFreight,2,On-Time,0,0
ORD-11657,2024-03-05,CUST-1281,Corporate,South,PRD-367,Office Supplies,HeavyDuty Metal Stapler,1,25.0,0.05,23.75,13.75,StandardMail,2,On-Time,0,0
ORD-11658,2024-03-05,CUST-1246,Small Business,South,PRD-367,Office Supplies,HeavyDuty Metal Stapler,3,25.0,0.0,75.0,45.0,ApexGlobal,1,On-Time,0,0
ORD-11659,2024-03-05,CUST-1146,Corporate,South,PRD-025,Electronics,SmartSync Fitness Tracker,2,90.0,0.15,153.0,83.0,ExpressLogistics,0,On-Time,0,0
ORD-11660,2024-03-05,CUST-1352,Consumer,East,PRD-506,Electronics,SoundPulse Wireless Headphone,1,150.0,0.15,127.5,77.5,StandardMail,1,On-Time,0,0
ORD-11661,2024-03-05,CUST-1306,Corporate,East,PRD-025,Electronics,SmartSync Fitness Tracker,2,90.0,0.05,171.0,101.0,SwiftFreight,0,On-Time,0,0
ORD-11662,2024-03-05,CUST-1030,Corporate,East,PRD-925,Office Supplies,Premium Recycled Paper (Box),1,45.0,0.0,45.0,31.0,ApexGlobal,2,On-Time,0,0
ORD-11663,2024-03-05,CUST-1051,Consumer,East,PRD-025,Electronics,SmartSync Fitness Tracker,2,90.0,0.15,153.0,83.0,StandardMail,1,On-Time,1,0
ORD-11664,2024-03-05,CUST-1051,Small Business,East,PRD-080,Office Supplies,Gel Ink Pen Multi-Pack,2,18.0,0.1,32.4,20.4,ExpressLogistics,0,On-Time,0,0
ORD-11665,2024-03-05,CUST-1108,Corporate,East,PRD-910,Furniture,LumbarComfort Mesh Chair,1,220.0,0.15,187.0,122.0,SwiftFreight,0,On-Time,0,0
ORD-11666,2024-03-05,CUST-1443,Small Business,East,PRD-156,Electronics,Apex Gaming Laptop,3,1200.0,0.15,3060.0,2160.0,ApexGlobal,2,On-Time,0,0
ORD-11667,2024-03-05,CUST-1188,Small Business,East,PRD-044,Electronics,UltraVision 4K Monitor,3,400.0,0.15,1020.0,690.0,StandardMail,2,On-Time,0,0
ORD-11668,2024-03-05,CUST-1112,,West,PRD-904,Furniture,Nordic Solid Oak Bookshelf,1,310.0,0.1,279.0,194.0,StandardMail,1,On-Time,0,0
ORD-11669,2024-03-05,CUST-1417,Small Business,West,PRD-787,Furniture,ErgoPro Executive Desk,1,450.0,0.05,427.5,307.5,ApexGlobal,1,On-Time,0,0
ORD-11670,2024-03-05,CUST-1473,Small Business,West,PRD-025,Electronics,SmartSync Fitness Tracker,1,90.0,0.1,81.0,46.0,StandardMail,1,On-Time,0,0
ORD-11671,2024-03-05,CUST-1404,,West,PRD-367,Office Supplies,HeavyDuty Metal Stapler,1,25.0,0.1,22.5,12.5,StandardMail,2,On-Time,0,0
ORD-11672,2024-03-05,CUST-1233,Consumer,West,PRD-904,Furniture,Nordic Solid Oak Bookshelf,1,310.0,0.15,263.5,178.5,StandardMail,1,On-Time,0,0
ORD-11673,2024-03-06,CUST-1105,Small Business,North,PRD-080,Office Supplies,Gel Ink Pen Multi-Pack,3,18.0,0.1,48.6,30.6,StandardMail,1,On-Time,0,0
ORD-11674,2024-03-06,CUST-1385,Consumer,North,PRD-367,Office Supplies,HeavyDuty Metal Stapler,3,25.0,0.1,67.5,37.5,ExpressLogistics,2,On-Time,0,0
ORD-11675,2024-03-06,CUST-1088,Small Business,North,PRD-787,Furniture,ErgoPro Executive Desk,3,450.0,0.05,1282.5,922.5,SwiftFreight,1,On-Time,0,0
ORD-11676,2024-03-06,CUST-1383,Consumer,North,PRD-925,Office Supplies,Premium Recycled Paper (Box),2,45.0,0.0,90.0,62.0,StandardMail,0,On-Time,0,0
ORD-11677,2024-03-06,CUST-1480,Corporate,North,PRD-787,Furniture,ErgoPro Executive Desk,2,450.0,0.05,855.0,615.0,ExpressLogistics,1,On-Time,0,0
ORD-11678,2024-03-06,CUST-1379,Consumer,South,PRD-910,Furniture,LumbarComfort Mesh Chair,1,220.0,0.1,198.0,133.0,SwiftFreight,2,On-Time,0,0
ORD-11679,2024-03-06,CUST-1386,Consumer,South,PRD-367,Office Supplies,HeavyDuty Metal Stapler,3,25.0,0.0,75.0,45.0,ApexGlobal,1,On-Time,0,0
ORD-11680,2024-03-06,CUST-1222,Corporate,South,PRD-506,Electronics,SoundPulse Wireless Headphone,1,150.0,0.0,150.0,100.0,SwiftFreight,1,On-Time,0,0
ORD-11681,2024-03-06,CUST-1172,Corporate,South,PRD-910,Furniture,LumbarComfort Mesh Chair,2,220.0,0.1,396.0,266.0,ExpressLogistics,2,On-Time,1,0
ORD-11682,2024-03-06,CUST-1070,Small Business,South,PRD-787,Furniture,ErgoPro Executive Desk,1,450.0,0.0,450.0,330.0,ExpressLogistics,1,On-Time,0,0
ORD-11683,2024-03-06,CUST-1343,Corporate,East,PRD-787,Furniture,ErgoPro Executive Desk,1,450.0,0.0,450.0,330.0,ExpressLogistics,1,On-Time,0,0
ORD-11684,2024-03-06,CUST-1191,Small Business,East,PRD-156,Electronics,Apex Gaming Laptop,2,1200.0,0.05,2280.0,1680.0,ExpressLogistics,0,On-Time,0,0
ORD-11685,2024-03-06,CUST-1426,Consumer,East,PRD-787,Furniture,ErgoPro Executive Desk,3,450.0,0.1,0.0,-72.0,StandardMail,2,Cancelled,0,1
ORD-11686,2024-03-06,CUST-1456,Small Business,East,PRD-904,Furniture,Nordic Solid Oak Bookshelf,3,310.0,0.0,930.0,675.0,SwiftFreight,2,On-Time,0,0
ORD-11687,2024-03-06,CUST-1007,Small Business,East,PRD-910,Furniture,LumbarComfort Mesh Chair,2,220.0,0.05,418.0,288.0,ExpressLogistics,1,On-Time,0,0
ORD-11688,2024-03-06,CUST-1004,Consumer,East,PRD-910,Furniture,LumbarComfort Mesh Chair,3,220.0,0.0,660.0,465.0,SwiftFreight,2,On-Time,0,0
ORD-11689,2024-03-06,CUST-1320,Corporate,East,PRD-910,Furniture,LumbarComfort Mesh Chair,3,220.0,0.05,627.0,432.0,ExpressLogistics,1,On-Time,0,0
ORD-11690,2024-03-06,CUST-1167,Corporate,West,PRD-904,Furniture,Nordic Solid Oak Bookshelf,3,310.0,0.15,790.5,535.5,ApexGlobal,2,On-Time,0,0
ORD-11691,2024-03-06,CUST-1032,Small Business,West,PRD-367,Office Supplies,HeavyDuty Metal Stapler,3,25.0,0.05,71.25,41.25,,2,On-Time,0,0
ORD-11692,2024-03-06,CUST-1037,Consumer,West,PRD-025,Electronics,SmartSync Fitness Tracker,1,90.0,0.15,76.5,41.5,StandardMail,0,On-Time,0,0
ORD-11693,2024-03-06,CUST-1318,Corporate,West,PRD-080,Office Supplies,Gel Ink Pen Multi-Pack,1,18.0,0.1,16.2,10.2,ExpressLogistics,1,On-Time,0,0
ORD-11694,2024-03-06,CUST-1075,Corporate,West,PRD-156,Electronics,Apex Gaming Laptop,1,1200.0,0.0,1200.0,900.0,ExpressLogistics,2,On-Time,0,0
ORD-11695,2024-03-06,CUST-1268,Corporate,West,PRD-910,Furniture,LumbarComfort Mesh Chair,1,220.0,0.05,209.0,144.0,StandardMail,1,On-Time,0,0
ORD-11696,2024-03-06,CUST-1439,Consumer,West,PRD-787,Furniture,ErgoPro Executive Desk,1,450.0,0.05,427.5,307.5,ExpressLogistics,1,On-Time,0,0
ORD-11697,2024-03-07,CUST-1346,Small Business,North,PRD-080,Office Supplies,Gel Ink Pen Multi-Pack,1,18.0,0.1,16.2,10.2,StandardMail,0,On-Time,0,0
ORD-11698,2024-03-07,CUST-1022,Corporate,North,PRD-080,Office Supplies,Gel Ink Pen Multi-Pack,3,18.0,0.1,48.6,30.6,,2,On-Time,0,0
ORD-11699,2024-03-07,CUST-1406,Corporate,North,PRD-044,Electronics,UltraVision 4K Monitor,3,400.0,0.05,1140.0,810.0,StandardMail,1,On-Time,0,0
ORD-11700,2024-03-07,CUST-1127,Corporate,North,PRD-367,Office Supplies,HeavyDuty Metal Stapler,1,25.0,0.15,21.25,11.25,ApexGlobal,1,On-Time,0,0
ORD-11701,2024-03-07,CUST-1214,Small Business,North,PRD-787,Furniture,ErgoPro Executive Desk,2,450.0,0.1,810.0,570.0,ExpressLogistics,1,On-Time,0,0
ORD-11702,2024-03-07,CUST-1244,Consumer,North,PRD-925,Office Supplies,Premium Recycled Paper (Box),3,45.0,0.15,114.75,72.75,SwiftFreight,0,On-Time,0,0
ORD-11703,2024-03-07,CUST-1058,Small Business,North,PRD-925,Office Supplies,Premium Recycled Paper (Box),1,45.0,0.05,42.75,28.75,ExpressLogistics,2,On-Time,0,0
ORD-11704,2024-03-07,CUST-1253,Small Business,South,PRD-925,Office Supplies,Premium Recycled Paper (Box),3,45.0,0.1,121.5,79.5,SwiftFreight,2,On-Time,0,0
ORD-11705,2024-03-07,CUST-1068,Consumer,South,PRD-044,Electronics,UltraVision 4K Monitor,1,400.0,0.05,380.0,270.0,ApexGlobal,2,On-Time,0,0
ORD-11706,2024-03-07,CUST-1265,Small Business,South,PRD-904,Furniture,Nordic Solid Oak Bookshelf,1,310.0,0.0,310.0,225.0,ExpressLogistics,0,On-Time,0,0
ORD-11707,2024-03-07,CUST-1492,Corporate,South,PRD-904,Furniture,Nordic Solid Oak Bookshelf,3,310.0,0.1,837.0,582.0,ExpressLogistics,1,On-Time,0,0
ORD-11708,2024-03-07,CUST-1414,Consumer,South,PRD-367,Office Supplies,HeavyDuty Metal Stapler,1,25.0,0.15,21.25,11.25,ApexGlobal,2,On-Time,0,0
ORD-11709,2024-03-07,CUST-1470,Small Business,South,PRD-367,Office Supplies,HeavyDuty Metal Stapler,3,25.0,0.15,63.75,33.75,ApexGlobal,1,On-Time,0,0
ORD-11710,2024-03-07,CUST-1029,Consumer,South,PRD-080,Office Supplies,Gel Ink Pen Multi-Pack,3,18.0,0.05,51.3,33.3,ApexGlobal,0,On-Time,0,0
ORD-11711,2024-03-07,CUST-1485,Corporate,East,PRD-904,Furniture,Nordic Solid Oak Bookshelf,1,310.0,0.05,294.5,209.5,StandardMail,2,On-Time,0,0
ORD-11712,2024-03-07,CUST-1298,Small Business,East,PRD-367,Office Supplies,HeavyDuty Metal Stapler,3,25.0,0.0,75.0,45.0,ApexGlobal,1,On-Time,0,0
ORD-11713,2024-03-07,CUST-1364,Small Business,East,PRD-367,Office Supplies,HeavyDuty Metal Stapler,2,25.0,0.1,45.0,25.0,StandardMail,1,On-Time,0,0
ORD-11714,2024-03-07,CUST-1077,Consumer,East,PRD-025,Electronics,SmartSync Fitness Tracker,3,90.0,0.15,229.5,124.5,ExpressLogistics,1,On-Time,0,0
ORD-11715,2024-03-07,CUST-1486,Consumer,East,PRD-025,Electronics,SmartSync Fitness Tracker,3,90.0,0.05,256.5,151.5,StandardMail,2,On-Time,0,0
ORD-11716,2024-03-07,CUST-1052,Consumer,East,PRD-787,Furniture,ErgoPro Executive Desk,1,450.0,0.1,405.0,285.0,StandardMail,1,On-Time,0,0
ORD-11717,2024-03-07,CUST-1309,Small Business,East,PRD-080,Office Supplies,Gel Ink Pen Multi-Pack,2,18.0,0.15,30.6,18.6,ApexGlobal,1,On-Time,0,0
ORD-11718,2024-03-07,CUST-1295,Small Business,East,PRD-904,Furniture,Nordic Solid Oak Bookshelf,2,310.0,0.15,527.0,357.0,StandardMail,1,On-Time,0,0
ORD-11719,2024-03-07,CUST-1047,Small Business,West,PRD-904,Furniture,Nordic Solid Oak Bookshelf,3,310.0,0.15,790.5,535.5,SwiftFreight,1,On-Time,0,0
ORD-11720,2024-03-07,CUST-1323,Consumer,West,PRD-367,Office Supplies,HeavyDuty Metal Stapler,3,25.0,0.15,63.75,33.75,StandardMail,1,On-Time,1,0
ORD-11721,2024-03-07,CUST-1335,Consumer,West,PRD-080,Office Supplies,Gel Ink Pen Multi-Pack,3,18.0,0.0,54.0,36.0,SwiftFreight,1,On-Time,0,0
ORD-11722,2024-03-07,CUST-1269,Corporate,West,PRD-787,Furniture,ErgoPro Executive Desk,1,450.0,0.05,427.5,307.5,ApexGlobal,1,On-Time,0,0
ORD-11723,2024-03-07,CUST-1178,Consumer,West,PRD-925,Office Supplies,Premium Recycled Paper (Box),2,45.0,0.0,90.0,62.0,ExpressLogistics,0,On-Time,0,0
ORD-11724,2024-03-07,CUST-1448,Corporate,West,PRD-925,Office Supplies,Premium Recycled Paper (Box),1,45.0,0.0,45.0,31.0,SwiftFreight,1,On-Time,0,0
ORD-11725,2024-03-08,CUST-1475,Consumer,North,PRD-910,Furniture,LumbarComfort Mesh Chair,2,220.0,0.1,396.0,266.0,ApexGlobal,2,On-Time,0,0
ORD-11726,2024-03-08,CUST-1069,Corporate,North,PRD-787,Furniture,ErgoPro Executive Desk,2,450.0,0.05,855.0,615.0,SwiftFreight,0,On-Time,0,0
ORD-11727,2024-03-08,CUST-1455,Small Business,North,PRD-787,Furniture,ErgoPro Executive Desk,1,450.0,0.1,405.0,285.0,ApexGlobal,2,On-Time,0,0
ORD-11728,2024-03-08,CUST-1287,Consumer,North,PRD-025,Electronics,SmartSync Fitness Tracker,2,90.0,0.0,180.0,110.0,ExpressLogistics,0,On-Time,0,0
ORD-11729,2024-03-08,CUST-1302,Small Business,North,PRD-787,Furniture,ErgoPro Executive Desk,3,450.0,0.0,1350.0,990.0,,2,On-Time,0,0
ORD-11730,2024-03-08,CUST-1249,Corporate,North,PRD-925,Office Supplies,Premium Recycled Paper (Box),3,45.0,0.15,114.75,72.75,ApexGlobal,1,On-Time,1,0
ORD-11731,2024-03-08,CUST-1070,Corporate,North,PRD-904,Furniture,Nordic Solid Oak Bookshelf,2,310.0,0.05,589.0,419.0,SwiftFreight,1,On-Time,0,0
ORD-11732,2024-03-08,CUST-1171,Small Business,South,PRD-925,Office Supplies,Premium Recycled Paper (Box),3,45.0,0.15,114.75,72.75,StandardMail,2,On-Time,0,0
ORD-11733,2024-03-08,CUST-1210,Consumer,South,PRD-925,Office Supplies,Premium Recycled Paper (Box),2,45.0,0.0,90.0,62.0,StandardMail,2,On-Time,0,0
ORD-11734,2024-03-08,CUST-1002,Corporate,South,PRD-025,Electronics,SmartSync Fitness Tracker,3,90.0,0.1,0.0,-21.0,ExpressLogistics,3,Cancelled,0,1
ORD-11735,2024-03-08,CUST-1069,Small Business,South,PRD-904,Furniture,Nordic Solid Oak Bookshelf,2,310.0,0.1,558.0,388.0,ExpressLogistics,1,On-Time,0,0
ORD-11736,2024-03-08,CUST-1023,Consumer,South,PRD-367,Office Supplies,HeavyDuty Metal Stapler,1,25.0,0.1,22.5,12.5,ExpressLogistics,1,On-Time,0,0
ORD-11737,2024-03-08,CUST-1324,Small Business,East,PRD-367,Office Supplies,HeavyDuty Metal Stapler,1,25.0,0.05,23.75,13.75,ExpressLogistics,2,On-Time,0,0
ORD-11738,2024-03-08,CUST-1370,Small Business,East,PRD-367,Office Supplies,HeavyDuty Metal Stapler,2,25.0,0.15,42.5,22.5,ExpressLogistics,1,On-Time,0,0
ORD-11739,2024-03-08,CUST-1356,Consumer,East,PRD-080,Office Supplies,Gel Ink Pen Multi-Pack,3,18.0,0.05,51.3,33.3,ExpressLogistics,1,On-Time,0,0
ORD-11740,2024-03-08,CUST-1166,Corporate,East,PRD-506,Electronics,SoundPulse Wireless Headphone,3,150.0,0.15,382.5,232.5,ExpressLogistics,2,On-Time,0,0
ORD-11741,2024-03-08,CUST-1349,Small Business,East,PRD-925,Office Supplies,Premium Recycled Paper (Box),3,45.0,0.15,114.75,72.75,ExpressLogistics,1,On-Time,0,0
ORD-11742,2024-03-08,CUST-1083,Corporate,East,PRD-044,Electronics,UltraVision 4K Monitor,2,400.0,0.15,680.0,460.0,SwiftFreight,0,On-Time,0,0
ORD-11743,2024-03-08,CUST-1190,Corporate,East,PRD-044,Electronics,UltraVision 4K Monitor,3,400.0,0.15,1020.0,690.0,ApexGlobal,3,Normal,0,0
ORD-11744,2024-03-08,CUST-1205,Consumer,East,PRD-156,Electronics,Apex Gaming Laptop,1,1200.0,0.05,1140.0,840.0,ApexGlobal,0,On-Time,0,0
ORD-11745,2024-03-08,CUST-1042,Consumer,West,PRD-044,Electronics,UltraVision 4K Monitor,2,400.0,0.0,800.0,580.0,SwiftFreight,2,On-Time,0,0
ORD-11746,2024-03-08,CUST-1145,Corporate,West,PRD-904,Furniture,Nordic Solid Oak Bookshelf,3,310.0,0.05,883.5,628.5,ExpressLogistics,1,On-Time,0,0
ORD-11747,2024-03-08,CUST-1297,Small Business,West,PRD-787,Furniture,ErgoPro Executive Desk,1,450.0,0.0,450.0,330.0,ExpressLogistics,1,On-Time,0,0
ORD-11748,2024-03-08,CUST-1233,Corporate,West,PRD-787,Furniture,ErgoPro Executive Desk,3,450.0,0.1,1215.0,855.0,SwiftFreight,1,On-Time,0,0
ORD-11749,2024-03-08,CUST-1106,Corporate,West,PRD-910,Furniture,LumbarComfort Mesh Chair,3,220.0,0.15,0.0,-39.0,ExpressLogistics,1,Cancelled,0,1
ORD-11750,2024-03-08,CUST-1263,Consumer,West,PRD-506,Electronics,SoundPulse Wireless Headphone,3,150.0,0.05,427.5,277.5,StandardMail,0,On-Time,0,0
ORD-11751,2024-03-08,CUST-1400,Small Business,West,PRD-925,Office Supplies,Premium Recycled Paper (Box),2,45.0,0.0,90.0,62.0,ApexGlobal,0,On-Time,0,0
ORD-11752,2024-03-09,CUST-1394,Consumer,North,PRD-910,Furniture,LumbarComfort Mesh Chair,2,220.0,0.15,374.0,244.0,ExpressLogistics,1,On-Time,0,0
ORD-11753,2024-03-09,CUST-1030,Corporate,North,PRD-025,Electronics,SmartSync Fitness Tracker,1,90.0,0.05,85.5,50.5,ExpressLogistics,1,On-Time,0,0
ORD-11754,2024-03-09,CUST-1367,Corporate,North,PRD-080,Office Supplies,Gel Ink Pen Multi-Pack,2,18.0,0.0,36.0,24.0,SwiftFreight,1,On-Time,0,0
ORD-11755,2024-03-09,CUST-1246,Small Business,North,PRD-367,Office Supplies,HeavyDuty Metal Stapler,3,25.0,0.1,67.5,37.5,StandardMail,1,On-Time,0,0
ORD-11756,2024-03-09,CUST-1392,Corporate,North,PRD-506,Electronics,SoundPulse Wireless Headphone,3,150.0,0.05,427.5,277.5,ApexGlobal,0,On-Time,0,0
ORD-11757,2024-03-09,CUST-1096,Small Business,North,PRD-506,Electronics,SoundPulse Wireless Headphone,3,150.0,0.15,382.5,232.5,StandardMail,1,On-Time,0,0
ORD-11758,2024-03-09,CUST-1087,Consumer,South,PRD-025,Electronics,SmartSync Fitness Tracker,1,90.0,0.1,81.0,46.0,SwiftFreight,2,On-Time,0,0
ORD-11759,2024-03-09,CUST-1463,Consumer,South,PRD-025,Electronics,SmartSync Fitness Tracker,3,90.0,0.1,243.0,138.0,ApexGlobal,2,On-Time,0,0
ORD-11760,2024-03-09,CUST-1048,Small Business,South,PRD-910,Furniture,LumbarComfort Mesh Chair,1,220.0,0.05,209.0,144.0,ApexGlobal,2,On-Time,0,0
ORD-11761,2024-03-09,CUST-1234,Consumer,South,PRD-156,Electronics,Apex Gaming Laptop,1,1200.0,0.1,1080.0,780.0,ExpressLogistics,2,On-Time,0,0
ORD-11762,2024-03-09,CUST-1403,Corporate,South,PRD-367,Office Supplies,HeavyDuty Metal Stapler,3,25.0,0.05,71.25,41.25,ApexGlobal,0,On-Time,0,0
ORD-11763,2024-03-09,CUST-1369,Corporate,East,PRD-044,Electronics,UltraVision 4K Monitor,3,400.0,0.1,1080.0,750.0,ApexGlobal,0,On-Time,0,0
ORD-11764,2024-03-09,CUST-1470,Small Business,East,PRD-910,Furniture,LumbarComfort Mesh Chair,1,220.0,0.05,209.0,144.0,ApexGlobal,1,On-Time,0,0
ORD-11765,2024-03-09,CUST-1160,Corporate,East,PRD-025,Electronics,SmartSync Fitness Tracker,3,90.0,0.1,243.0,138.0,ExpressLogistics,1,On-Time,0,0
ORD-11766,2024-03-09,CUST-1279,Small Business,East,PRD-156,Electronics,Apex Gaming Laptop,3,1200.0,0.15,3060.0,2160.0,ExpressLogistics,0,On-Time,0,0
ORD-11767,2024-03-09,CUST-1424,Consumer,East,PRD-367,Office Supplies,HeavyDuty Metal Stapler,1,25.0,0.15,21.25,11.25,StandardMail,1,On-Time,0,0
ORD-11768,2024-03-09,CUST-1462,Corporate,West,PRD-367,Office Supplies,HeavyDuty Metal Stapler,3,25.0,0.0,75.0,45.0,ExpressLogistics,2,On-Time,0,0
ORD-11769,2024-03-09,CUST-1254,Small Business,West,PRD-904,Furniture,Nordic Solid Oak Bookshelf,2,310.0,0.0,620.0,450.0,ApexGlobal,2,On-Time,0,0
ORD-11770,2024-03-09,CUST-1422,Corporate,West,PRD-925,Office Supplies,Premium Recycled Paper (Box),1,45.0,0.15,38.25,24.25,SwiftFreight,0,On-Time,0,0
ORD-11771,2024-03-09,CUST-1157,Small Business,West,PRD-156,Electronics,Apex Gaming Laptop,1,1200.0,0.15,1020.0,720.0,ApexGlobal,2,On-Time,0,0
ORD-11772,2024-03-09,CUST-1157,Consumer,West,PRD-787,Furniture,ErgoPro Executive Desk,3,450.0,0.05,1282.5,922.5,ExpressLogistics,1,On-Time,0,0
ORD-11773,2024-03-09,CUST-1380,Corporate,West,PRD-080,Office Supplies,Gel Ink Pen Multi-Pack,1,18.0,0.1,16.2,10.2,SwiftFreight,1,On-Time,0,0
ORD-11774,2024-03-10,CUST-1196,Consumer,North,PRD-080,Office Supplies,Gel Ink Pen Multi-Pack,1,18.0,0.1,16.2,10.2,SwiftFreight,1,On-Time,0,0
ORD-11775,2024-03-10,CUST-1031,Consumer,North,PRD-910,Furniture,LumbarComfort Mesh Chair,2,220.0,0.0,440.0,310.0,ApexGlobal,2,On-Time,0,0
ORD-11776,2024-03-10,CUST-1094,Corporate,North,PRD-080,Office Supplies,Gel Ink Pen Multi-Pack,1,18.0,0.05,17.1,11.1,ExpressLogistics,1,On-Time,0,0
ORD-11777,2024-03-10,CUST-1266,Consumer,North,PRD-925,Office Supplies,Premium Recycled Paper (Box),2,45.0,0.0,90.0,62.0,ApexGlobal,1,On-Time,0,0
ORD-11778,2024-03-10,CUST-1342,Small Business,North,PRD-925,Office Supplies,Premium Recycled Paper (Box),1,45.0,0.05,42.75,28.75,SwiftFreight,1,On-Time,0,0
ORD-11779,2024-03-10,CUST-1465,Small Business,North,PRD-080,Office Supplies,Gel Ink Pen Multi-Pack,2,18.0,0.05,34.2,22.2,ExpressLogistics,1,On-Time,0,0
ORD-11780,2024-03-10,CUST-1001,Small Business,North,PRD-156,Electronics,Apex Gaming Laptop,3,1200.0,0.05,3420.0,2520.0,,0,On-Time,0,0
ORD-11781,2024-03-10,CUST-1240,Small Business,South,PRD-044,Electronics,UltraVision 4K Monitor,1,400.0,0.05,380.0,270.0,ExpressLogistics,1,On-Time,0,0
ORD-11782,2024-03-10,CUST-1389,Small Business,South,PRD-080,Office Supplies,Gel Ink Pen Multi-Pack,3,18.0,0.1,48.6,30.6,StandardMail,0,On-Time,0,0
ORD-11783,2024-03-10,CUST-1233,Consumer,South,PRD-904,Furniture,Nordic Solid Oak Bookshelf,2,310.0,0.0,620.0,450.0,ApexGlobal,0,On-Time,0,0
ORD-11784,2024-03-10,CUST-1370,Corporate,South,PRD-910,Furniture,LumbarComfort Mesh Chair,2,220.0,0.0,0.0,-26.0,StandardMail,0,Cancelled,0,1
ORD-11785,2024-03-10,CUST-1124,Corporate,South,PRD-904,Furniture,Nordic Solid Oak Bookshelf,3,310.0,0.0,930.0,675.0,,1,On-Time,0,0
ORD-11786,2024-03-10,CUST-1220,Consumer,South,PRD-910,Furniture,LumbarComfort Mesh Chair,1,220.0,0.15,187.0,122.0,ApexGlobal,2,On-Time,0,0
ORD-11787,2024-03-10,CUST-1081,Consumer,South,PRD-787,Furniture,ErgoPro Executive Desk,3,450.0,0.1,1215.0,855.0,ExpressLogistics,1,On-Time,0,0
ORD-11788,2024-03-10,CUST-1249,Small Business,South,PRD-506,Electronics,SoundPulse Wireless Headphone,2,150.0,0.15,255.0,155.0,ExpressLogistics,2,On-Time,0,0
ORD-11789,2024-03-10,CUST-1061,Consumer,East,PRD-506,Electronics,SoundPulse Wireless Headphone,1,150.0,0.1,135.0,85.0,ApexGlobal,1,On-Time,0,0
ORD-11790,2024-03-10,CUST-1332,Consumer,East,PRD-080,Office Supplies,Gel Ink Pen Multi-Pack,1,18.0,0.0,18.0,12.0,ExpressLogistics,1,On-Time,0,0
ORD-11791,2024-03-10,CUST-1132,Corporate,East,PRD-787,Furniture,ErgoPro Executive Desk,1,450.0,0.1,405.0,285.0,ApexGlobal,2,On-Time,0,0
ORD-11792,2024-03-10,CUST-1174,Consumer,East,PRD-025,Electronics,SmartSync Fitness Tracker,3,90.0,0.05,256.5,151.5,ApexGlobal,1,On-Time,0,0
ORD-11793,2024-03-10,CUST-1065,Consumer,East,PRD-904,Furniture,Nordic Solid Oak Bookshelf,3,310.0,0.05,883.5,628.5,ExpressLogistics,1,On-Time,0,0
ORD-11794,2024-03-10,CUST-1289,Small Business,West,PRD-925,Office Supplies,Premium Recycled Paper (Box),1,45.0,0.0,45.0,31.0,StandardMail,1,On-Time,0,0
ORD-11795,2024-03-10,CUST-1086,Small Business,West,PRD-156,Electronics,Apex Gaming Laptop,1,1200.0,0.0,1200.0,900.0,ExpressLogistics,1,On-Time,0,0
ORD-11796,2024-03-10,CUST-1092,Corporate,West,PRD-904,Furniture,Nordic Solid Oak Bookshelf,1,310.0,0.0,310.0,225.0,SwiftFreight,0,On-Time,0,0
ORD-11797,2024-03-10,CUST-1264,Consumer,West,PRD-787,Furniture,ErgoPro Executive Desk,2,450.0,0.1,810.0,570.0,StandardMail,1,On-Time,0,0
ORD-11798,2024-03-10,CUST-1094,Consumer,West,PRD-156,Electronics,Apex Gaming Laptop,2,1200.0,0.0,2400.0,1800.0,ApexGlobal,1,On-Time,0,0
ORD-11799,2024-03-10,CUST-1405,Corporate,West,PRD-787,Furniture,ErgoPro Executive Desk,1,450.0,0.15,382.5,262.5,SwiftFreight,2,On-Time,0,0
ORD-11800,2024-03-10,CUST-1476,Small Business,West,PRD-080,Office Supplies,Gel Ink Pen Multi-Pack,3,18.0,0.0,54.0,36.0,StandardMail,0,On-Time,0,0
ORD-11801,2024-03-11,CUST-1446,Corporate,North,PRD-910,Furniture,LumbarComfort Mesh Chair,1,220.0,0.0,220.0,155.0,ApexGlobal,2,On-Time,0,0
ORD-11802,2024-03-11,CUST-1234,Small Business,North,PRD-367,Office Supplies,HeavyDuty Metal Stapler,3,25.0,0.15,63.75,33.75,ApexGlobal,1,On-Time,0,0
ORD-11803,2024-03-11,CUST-1227,Small Business,North,PRD-156,Electronics,Apex Gaming Laptop,2,1200.0,0.0,2400.0,1800.0,ExpressLogistics,2,On-Time,0,0
ORD-11804,2024-03-11,CUST-1041,Small Business,North,PRD-367,Office Supplies,HeavyDuty Metal Stapler,1,25.0,0.05,23.75,13.75,SwiftFreight,2,On-Time,0,0
ORD-11805,2024-03-11,CUST-1065,Small Business,North,PRD-925,Office Supplies,Premium Recycled Paper (Box),3,45.0,0.1,121.5,79.5,,2,On-Time,0,0
ORD-11806,2024-03-11,CUST-1406,Corporate,North,PRD-080,Office Supplies,Gel Ink Pen Multi-Pack,1,18.0,0.15,15.3,9.3,SwiftFreight,1,On-Time,0,0
ORD-11807,2024-03-11,CUST-1280,Consumer,South,PRD-156,Electronics,Apex Gaming Laptop,3,1200.0,0.0,3600.0,2700.0,SwiftFreight,2,On-Time,0,0
ORD-11808,2024-03-11,CUST-1196,Corporate,South,PRD-925,Office Supplies,Premium Recycled Paper (Box),2,45.0,0.1,81.0,53.0,ApexGlobal,1,On-Time,0,0
ORD-11809,2024-03-11,CUST-1264,Small Business,South,PRD-367,Office Supplies,HeavyDuty Metal Stapler,1,25.0,0.05,23.75,13.75,StandardMail,0,On-Time,0,0
ORD-11810,2024-03-11,CUST-1306,Corporate,South,PRD-925,Office Supplies,Premium Recycled Paper (Box),2,45.0,0.1,81.0,53.0,ApexGlobal,1,On-Time,0,0
ORD-11811,2024-03-11,CUST-1377,Consumer,South,PRD-080,Office Supplies,Gel Ink Pen Multi-Pack,2,18.0,0.05,34.2,22.2,ExpressLogistics,1,On-Time,0,0
ORD-11812,2024-03-11,CUST-1306,Consumer,South,PRD-080,Office Supplies,Gel Ink Pen Multi-Pack,2,18.0,0.0,36.0,24.0,StandardMail,1,On-Time,0,0
ORD-11813,2024-03-11,CUST-1047,Corporate,South,PRD-506,Electronics,SoundPulse Wireless Headphone,3,150.0,0.05,427.5,277.5,ExpressLogistics,1,On-Time,0,0
ORD-11814,2024-03-11,CUST-1271,Corporate,South,PRD-025,Electronics,SmartSync Fitness Tracker,3,90.0,0.15,229.5,124.5,ApexGlobal,0,On-Time,0,0
ORD-11815,2024-03-11,CUST-1368,Small Business,East,PRD-925,Office Supplies,Premium Recycled Paper (Box),1,45.0,0.1,40.5,26.5,StandardMail,2,On-Time,0,0
ORD-11816,2024-03-11,CUST-1118,Corporate,East,PRD-156,Electronics,Apex Gaming Laptop,1,1200.0,0.15,1020.0,720.0,ExpressLogistics,2,On-Time,0,0
ORD-11817,2024-03-11,CUST-1050,Corporate,East,PRD-156,Electronics,Apex Gaming Laptop,3,1200.0,0.05,3420.0,2520.0,SwiftFreight,0,On-Time,0,0
ORD-11818,2024-03-11,CUST-1121,Corporate,East,PRD-367,Office Supplies,HeavyDuty Metal Stapler,2,25.0,0.05,47.5,27.5,StandardMail,1,On-Time,1,0
ORD-11819,2024-03-11,CUST-1305,Small Business,East,PRD-904,Furniture,Nordic Solid Oak Bookshelf,1,310.0,0.15,263.5,178.5,SwiftFreight,1,On-Time,0,0
ORD-11820,2024-03-11,CUST-1204,,East,PRD-156,Electronics,Apex Gaming Laptop,1,1200.0,0.1,1080.0,780.0,ExpressLogistics,1,On-Time,0,0
ORD-11821,2024-03-11,CUST-1479,Consumer,East,PRD-787,Furniture,ErgoPro Executive Desk,2,450.0,0.0,900.0,660.0,SwiftFreight,1,On-Time,0,0
ORD-11822,2024-03-11,CUST-1318,Corporate,West,PRD-787,Furniture,ErgoPro Executive Desk,1,450.0,0.1,405.0,285.0,ExpressLogistics,0,On-Time,0,0
ORD-11823,2024-03-11,CUST-1211,Consumer,West,PRD-506,Electronics,SoundPulse Wireless Headphone,3,150.0,0.1,405.0,255.0,SwiftFreight,0,On-Time,0,0
ORD-11824,2024-03-11,CUST-1377,Consumer,West,PRD-904,Furniture,Nordic Solid Oak Bookshelf,3,310.0,0.05,883.5,628.5,ApexGlobal,2,On-Time,0,0
ORD-11825,2024-03-11,CUST-1057,Small Business,West,PRD-506,Electronics,SoundPulse Wireless Headphone,1,150.0,0.05,142.5,92.5,ExpressLogistics,1,On-Time,0,0
ORD-11826,2024-03-11,CUST-1250,Consumer,West,PRD-787,Furniture,ErgoPro Executive Desk,3,450.0,0.0,1350.0,990.0,SwiftFreight,2,On-Time,0,0
ORD-11827,2024-03-12,CUST-1343,Corporate,North,PRD-367,Office Supplies,HeavyDuty Metal Stapler,1,25.0,0.1,22.5,12.5,SwiftFreight,0,On-Time,0,0
ORD-11828,2024-03-12,CUST-1308,Corporate,North,PRD-787,Furniture,ErgoPro Executive Desk,3,450.0,0.1,1215.0,855.0,ApexGlobal,1,On-Time,0,0
ORD-11829,2024-03-12,CUST-1085,Small Business,North,PRD-025,Electronics,SmartSync Fitness Tracker,2,90.0,0.0,180.0,110.0,ExpressLogistics,2,On-Time,0,0
ORD-11830,2024-03-12,CUST-1386,Consumer,North,PRD-506,Electronics,SoundPulse Wireless Headphone,1,150.0,0.05,142.5,92.5,StandardMail,2,On-Time,0,0
ORD-11831,2024-03-12,CUST-1290,Small Business,North,PRD-910,Furniture,LumbarComfort Mesh Chair,3,220.0,0.15,561.0,366.0,SwiftFreight,2,On-Time,0,0
ORD-11832,2024-03-12,CUST-1312,Consumer,North,PRD-080,Office Supplies,Gel Ink Pen Multi-Pack,1,18.0,0.05,17.1,11.1,ApexGlobal,1,On-Time,0,0
ORD-11833,2024-03-12,CUST-1057,Consumer,North,PRD-787,Furniture,ErgoPro Executive Desk,3,450.0,0.0,1350.0,990.0,ApexGlobal,0,On-Time,0,0
ORD-11834,2024-03-12,CUST-1121,Consumer,South,PRD-080,Office Supplies,Gel Ink Pen Multi-Pack,2,18.0,0.15,30.6,18.6,SwiftFreight,2,On-Time,0,0
ORD-11835,2024-03-12,CUST-1092,Small Business,South,PRD-025,Electronics,SmartSync Fitness Tracker,1,90.0,0.0,90.0,55.0,SwiftFreight,0,On-Time,0,0
ORD-11836,2024-03-12,CUST-1236,Small Business,South,PRD-904,Furniture,Nordic Solid Oak Bookshelf,1,310.0,0.1,279.0,194.0,StandardMail,1,On-Time,0,0
ORD-11837,2024-03-12,CUST-1134,Small Business,South,PRD-787,Furniture,ErgoPro Executive Desk,3,450.0,0.1,1215.0,855.0,ApexGlobal,2,On-Time,0,0
ORD-11838,2024-03-12,CUST-1249,Small Business,South,PRD-925,Office Supplies,Premium Recycled Paper (Box),2,45.0,0.15,76.5,48.5,StandardMail,0,On-Time,0,0
ORD-11839,2024-03-12,CUST-1457,Corporate,South,PRD-925,Office Supplies,Premium Recycled Paper (Box),2,45.0,0.0,90.0,62.0,SwiftFreight,1,On-Time,0,0
ORD-11840,2024-03-12,CUST-1354,Consumer,East,PRD-025,Electronics,SmartSync Fitness Tracker,1,90.0,0.05,85.5,50.5,StandardMail,1,On-Time,0,0
ORD-11841,2024-03-12,CUST-1296,Consumer,East,PRD-910,Furniture,LumbarComfort Mesh Chair,1,220.0,0.15,187.0,122.0,SwiftFreight,1,On-Time,0,0
ORD-11842,2024-03-12,CUST-1459,Corporate,East,PRD-904,Furniture,Nordic Solid Oak Bookshelf,1,310.0,0.0,310.0,225.0,SwiftFreight,2,On-Time,0,0
ORD-11843,2024-03-12,CUST-1274,Consumer,East,PRD-910,Furniture,LumbarComfort Mesh Chair,3,220.0,0.1,594.0,399.0,SwiftFreight,1,On-Time,0,0
ORD-11844,2024-03-12,CUST-1313,Small Business,East,PRD-025,Electronics,SmartSync Fitness Tracker,2,90.0,0.1,162.0,92.0,StandardMail,2,On-Time,0,0
ORD-11845,2024-03-12,CUST-1386,Corporate,East,PRD-910,Furniture,LumbarComfort Mesh Chair,3,220.0,0.15,561.0,366.0,ApexGlobal,1,On-Time,0,0
ORD-11846,2024-03-12,CUST-1338,Corporate,West,PRD-910,Furniture,LumbarComfort Mesh Chair,1,220.0,0.15,187.0,122.0,ExpressLogistics,0,On-Time,0,0
ORD-11847,2024-03-12,CUST-1355,Consumer,West,PRD-787,Furniture,ErgoPro Executive Desk,3,450.0,0.1,1215.0,855.0,ExpressLogistics,0,On-Time,0,0
ORD-11848,2024-03-12,CUST-1259,Corporate,West,PRD-044,Electronics,UltraVision 4K Monitor,3,400.0,0.0,1200.0,870.0,ApexGlobal,1,On-Time,0,0
ORD-11849,2024-03-12,CUST-1217,Consumer,West,PRD-156,Electronics,Apex Gaming Laptop,3,1200.0,0.0,3600.0,2700.0,ApexGlobal,1,On-Time,0,0
ORD-11850,2024-03-12,CUST-1271,Consumer,West,PRD-367,Office Supplies,HeavyDuty Metal Stapler,3,25.0,0.1,67.5,37.5,SwiftFreight,1,On-Time,0,0
ORD-11851,2024-03-13,CUST-1267,Small Business,North,PRD-910,Furniture,LumbarComfort Mesh Chair,2,220.0,0.1,396.0,266.0,ApexGlobal,2,On-Time,0,0
ORD-11852,2024-03-13,CUST-1248,Consumer,North,PRD-080,Office Supplies,Gel Ink Pen Multi-Pack,1,18.0,0.05,0.0,-1.2,ApexGlobal,1,Cancelled,0,1
ORD-11853,2024-03-13,CUST-1420,Consumer,North,PRD-910,Furniture,LumbarComfort Mesh Chair,1,220.0,0.1,198.0,133.0,StandardMail,2,On-Time,0,0
ORD-11854,2024-03-13,CUST-1070,Corporate,North,PRD-080,Office Supplies,Gel Ink Pen Multi-Pack,2,18.0,0.0,36.0,24.0,StandardMail,2,On-Time,0,0
ORD-11855,2024-03-13,CUST-1478,Small Business,North,PRD-367,Office Supplies,HeavyDuty Metal Stapler,2,25.0,0.15,42.5,22.5,SwiftFreight,2,On-Time,0,0
ORD-11856,2024-03-13,CUST-1282,Consumer,South,PRD-080,Office Supplies,Gel Ink Pen Multi-Pack,3,18.0,0.05,51.3,33.3,StandardMail,3,Normal,0,0
ORD-11857,2024-03-13,CUST-1076,Consumer,South,PRD-080,Office Supplies,Gel Ink Pen Multi-Pack,1,18.0,0.15,15.3,9.3,StandardMail,1,On-Time,0,0
ORD-11858,2024-03-13,CUST-1021,Corporate,South,PRD-044,Electronics,UltraVision 4K Monitor,1,400.0,0.05,380.0,270.0,StandardMail,1,On-Time,0,0
ORD-11859,2024-03-13,CUST-1134,Small Business,South,PRD-787,Furniture,ErgoPro Executive Desk,1,450.0,0.15,382.5,262.5,StandardMail,2,On-Time,0,0
ORD-11860,2024-03-13,CUST-1220,Small Business,South,PRD-044,Electronics,UltraVision 4K Monitor,3,400.0,0.05,1140.0,810.0,SwiftFreight,1,On-Time,0,0
ORD-11861,2024-03-13,CUST-1374,Corporate,South,PRD-367,Office Supplies,HeavyDuty Metal Stapler,1,25.0,0.15,21.25,11.25,ApexGlobal,1,On-Time,0,0
ORD-11862,2024-03-13,CUST-1036,Corporate,South,PRD-025,Electronics,SmartSync Fitness Tracker,1,90.0,0.15,0.0,-7.0,StandardMail,2,Cancelled,0,1
ORD-11863,2024-03-13,CUST-1384,Small Business,East,PRD-925,Office Supplies,Premium Recycled Paper (Box),3,45.0,0.1,121.5,79.5,ExpressLogistics,1,On-Time,0,0
ORD-11864,2024-03-13,CUST-1223,Small Business,East,PRD-506,Electronics,SoundPulse Wireless Headphone,1,150.0,0.05,142.5,92.5,ApexGlobal,1,On-Time,0,0
ORD-11865,2024-03-13,CUST-1025,Small Business,East,PRD-080,Office Supplies,Gel Ink Pen Multi-Pack,3,18.0,0.15,45.9,27.9,StandardMail,2,On-Time,0,0
ORD-11866,2024-03-13,CUST-1076,Consumer,East,PRD-787,Furniture,ErgoPro Executive Desk,1,450.0,0.15,382.5,262.5,SwiftFreight,1,On-Time,0,0
ORD-11867,2024-03-13,CUST-1436,Corporate,East,PRD-044,Electronics,UltraVision 4K Monitor,1,400.0,0.15,340.0,230.0,ApexGlobal,1,On-Time,1,0
ORD-11868,2024-03-13,CUST-1238,Consumer,East,PRD-156,Electronics,Apex Gaming Laptop,3,1200.0,0.05,3420.0,2520.0,ExpressLogistics,0,On-Time,0,0
ORD-11869,2024-03-13,CUST-1104,Small Business,East,PRD-925,Office Supplies,Premium Recycled Paper (Box),1,45.0,0.0,45.0,31.0,SwiftFreight,1,On-Time,0,0
ORD-11870,2024-03-13,CUST-1141,Consumer,West,PRD-025,Electronics,SmartSync Fitness Tracker,1,90.0,0.1,81.0,46.0,SwiftFreight,0,On-Time,0,0
ORD-11871,2024-03-13,CUST-1343,Consumer,West,PRD-904,Furniture,Nordic Solid Oak Bookshelf,1,310.0,0.0,310.0,225.0,StandardMail,1,On-Time,0,0
ORD-11872,2024-03-13,CUST-1184,Consumer,West,PRD-904,Furniture,Nordic Solid Oak Bookshelf,2,310.0,0.0,620.0,450.0,SwiftFreight,2,On-Time,0,0
ORD-11873,2024-03-13,CUST-1007,Corporate,West,PRD-910,Furniture,LumbarComfort Mesh Chair,1,220.0,0.05,209.0,144.0,ExpressLogistics,2,On-Time,0,0
ORD-11874,2024-03-13,CUST-1230,Consumer,West,PRD-925,Office Supplies,Premium Recycled Paper (Box),3,45.0,0.15,114.75,72.75,ExpressLogistics,1,On-Time,0,0
ORD-11875,2024-03-13,CUST-1389,Corporate,West,PRD-506,Electronics,SoundPulse Wireless Headphone,3,150.0,0.05,427.5,277.5,ApexGlobal,0,On-Time,0,0
ORD-11876,2024-03-13,CUST-1231,Corporate,West,PRD-080,Office Supplies,Gel Ink Pen Multi-Pack,3,18.0,0.15,45.9,27.9,SwiftFreight,0,On-Time,0,0
ORD-11877,2024-03-13,CUST-1352,Small Business,West,PRD-925,Office Supplies,Premium Recycled Paper (Box),2,45.0,0.05,85.5,57.5,StandardMail,1,On-Time,1,0
ORD-11878,2024-03-14,CUST-1023,Corporate,North,PRD-156,Electronics,Apex Gaming Laptop,3,1200.0,0.05,3420.0,2520.0,StandardMail,1,On-Time,0,0
ORD-11879,2024-03-14,CUST-1356,Consumer,North,PRD-904,Furniture,Nordic Solid Oak Bookshelf,3,310.0,0.05,883.5,628.5,ApexGlobal,1,On-Time,0,0
ORD-11880,2024-03-14,CUST-1256,Small Business,North,PRD-910,Furniture,LumbarComfort Mesh Chair,2,220.0,0.15,374.0,244.0,ExpressLogistics,1,On-Time,0,0
ORD-11881,2024-03-14,CUST-1390,Small Business,North,PRD-044,Electronics,UltraVision 4K Monitor,1,400.0,0.15,340.0,230.0,ApexGlobal,0,On-Time,0,0
ORD-11882,2024-03-14,CUST-1457,Small Business,North,PRD-925,Office Supplies,Premium Recycled Paper (Box),2,45.0,0.15,76.5,48.5,SwiftFreight,0,On-Time,0,0
ORD-11883,2024-03-14,CUST-1272,Corporate,South,PRD-506,Electronics,SoundPulse Wireless Headphone,1,150.0,0.15,127.5,77.5,StandardMail,1,On-Time,0,0
ORD-11884,2024-03-14,CUST-1138,Corporate,South,PRD-367,Office Supplies,HeavyDuty Metal Stapler,3,25.0,0.0,75.0,45.0,StandardMail,1,On-Time,0,0
ORD-11885,2024-03-14,CUST-1047,Small Business,South,PRD-506,Electronics,SoundPulse Wireless Headphone,1,150.0,0.05,142.5,92.5,ApexGlobal,2,On-Time,0,0
ORD-11886,2024-03-14,CUST-1468,Small Business,South,PRD-925,Office Supplies,Premium Recycled Paper (Box),1,45.0,0.0,45.0,31.0,SwiftFreight,1,On-Time,0,0
ORD-11887,2024-03-14,CUST-1495,Corporate,South,PRD-904,Furniture,Nordic Solid Oak Bookshelf,1,310.0,0.0,310.0,225.0,ApexGlobal,0,On-Time,0,0
ORD-11888,2024-03-14,CUST-1244,Consumer,East,PRD-044,Electronics,UltraVision 4K Monitor,3,400.0,0.15,1020.0,690.0,StandardMail,1,On-Time,0,0
ORD-11889,2024-03-14,CUST-1184,Consumer,East,PRD-787,Furniture,ErgoPro Executive Desk,2,450.0,0.0,900.0,660.0,StandardMail,0,On-Time,0,0
ORD-11890,2024-03-14,CUST-1075,Consumer,East,PRD-025,Electronics,SmartSync Fitness Tracker,1,90.0,0.15,76.5,41.5,ApexGlobal,1,On-Time,0,0
ORD-11891,2024-03-14,CUST-1285,Small Business,East,PRD-787,Furniture,ErgoPro Executive Desk,3,450.0,0.15,1147.5,787.5,,0,On-Time,0,0
ORD-11892,2024-03-14,CUST-1406,Consumer,East,PRD-787,Furniture,ErgoPro Executive Desk,1,450.0,0.05,427.5,307.5,ApexGlobal,2,On-Time,0,0
ORD-11893,2024-03-14,CUST-1492,Small Business,East,PRD-925,Office Supplies,Premium Recycled Paper (Box),3,45.0,0.15,114.75,72.75,StandardMail,0,On-Time,0,0
ORD-11894,2024-03-14,CUST-1014,Consumer,East,PRD-506,Electronics,SoundPulse Wireless Headphone,2,150.0,0.15,255.0,155.0,SwiftFreight,2,On-Time,0,0
ORD-11895,2024-03-14,CUST-1104,Corporate,West,PRD-787,Furniture,ErgoPro Executive Desk,1,450.0,0.05,427.5,307.5,ExpressLogistics,1,On-Time,0,0
ORD-11896,2024-03-14,CUST-1042,Small Business,West,PRD-506,Electronics,SoundPulse Wireless Headphone,3,150.0,0.1,405.0,255.0,ExpressLogistics,1,On-Time,0,0
ORD-11897,2024-03-14,CUST-1132,Small Business,West,PRD-925,Office Supplies,Premium Recycled Paper (Box),3,45.0,0.05,128.25,86.25,ExpressLogistics,0,On-Time,0,0
ORD-11898,2024-03-14,CUST-1241,Small Business,West,PRD-044,Electronics,UltraVision 4K Monitor,1,400.0,0.05,380.0,270.0,StandardMail,1,On-Time,0,0
ORD-11899,2024-03-14,CUST-1107,Corporate,West,PRD-506,Electronics,SoundPulse Wireless Headphone,1,150.0,0.0,150.0,100.0,SwiftFreight,0,On-Time,0,0
ORD-11900,2024-03-15,CUST-1255,Corporate,North,PRD-367,Office Supplies,HeavyDuty Metal Stapler,3,25.0,0.0,75.0,45.0,StandardMail,1,On-Time,0,0
ORD-11901,2024-03-15,CUST-1406,Small Business,North,PRD-910,Furniture,LumbarComfort Mesh Chair,2,220.0,0.0,440.0,310.0,ExpressLogistics,1,On-Time,0,0
ORD-11902,2024-03-15,CUST-1258,Consumer,North,PRD-787,Furniture,ErgoPro Executive Desk,2,450.0,0.05,855.0,615.0,ApexGlobal,2,On-Time,0,0
ORD-11903,2024-03-15,CUST-1442,Consumer,North,PRD-156,Electronics,Apex Gaming Laptop,1,1200.0,0.0,1200.0,900.0,StandardMail,2,On-Time,0,0
ORD-11904,2024-03-15,CUST-1386,Consumer,North,PRD-044,Electronics,UltraVision 4K Monitor,3,400.0,0.05,1140.0,810.0,ExpressLogistics,3,Normal,0,0
ORD-11905,2024-03-15,CUST-1278,Consumer,North,PRD-506,Electronics,SoundPulse Wireless Headphone,2,150.0,0.05,285.0,185.0,ExpressLogistics,1,On-Time,0,0
ORD-11906,2024-03-15,CUST-1104,Corporate,North,PRD-367,Office Supplies,HeavyDuty Metal Stapler,1,25.0,0.1,22.5,12.5,ApexGlobal,0,On-Time,0,0
ORD-11907,2024-03-15,CUST-1086,Small Business,North,PRD-367,Office Supplies,HeavyDuty Metal Stapler,1,25.0,0.05,23.75,13.75,StandardMail,2,On-Time,0,0
ORD-11908,2024-03-15,CUST-1139,Corporate,South,PRD-506,Electronics,SoundPulse Wireless Headphone,2,150.0,0.05,0.0,-20.0,ExpressLogistics,0,Cancelled,0,1
ORD-11909,2024-03-15,CUST-1252,Corporate,South,PRD-787,Furniture,ErgoPro Executive Desk,1,450.0,0.0,450.0,330.0,StandardMail,1,On-Time,0,0
ORD-11910,2024-03-15,CUST-1059,Small Business,South,PRD-787,Furniture,ErgoPro Executive Desk,2,450.0,0.15,765.0,525.0,SwiftFreight,2,On-Time,0,0
ORD-11911,2024-03-15,CUST-1409,Corporate,South,PRD-156,Electronics,Apex Gaming Laptop,3,1200.0,0.1,3240.0,2340.0,ApexGlobal,0,On-Time,0,0
ORD-11912,2024-03-15,CUST-1165,Consumer,South,PRD-506,Electronics,SoundPulse Wireless Headphone,1,150.0,0.15,127.5,77.5,ApexGlobal,0,On-Time,0,0
ORD-11913,2024-03-15,CUST-1194,Small Business,South,PRD-787,Furniture,ErgoPro Executive Desk,3,450.0,0.05,1282.5,922.5,ApexGlobal,3,Normal,0,0
ORD-11914,2024-03-15,CUST-1223,Consumer,East,PRD-925,Office Supplies,Premium Recycled Paper (Box),1,45.0,0.15,38.25,24.25,SwiftFreight,0,On-Time,0,0
ORD-11915,2024-03-15,CUST-1496,Corporate,East,PRD-044,Electronics,UltraVision 4K Monitor,2,400.0,0.15,680.0,460.0,ExpressLogistics,1,On-Time,0,0
ORD-11916,2024-03-15,CUST-1148,Corporate,East,PRD-025,Electronics,SmartSync Fitness Tracker,3,90.0,0.15,229.5,124.5,SwiftFreight,1,On-Time,0,0
ORD-11917,2024-03-15,CUST-1043,Small Business,East,PRD-080,Office Supplies,Gel Ink Pen Multi-Pack,2,18.0,0.0,36.0,24.0,SwiftFreight,1,On-Time,0,0
ORD-11918,2024-03-15,CUST-1473,Consumer,East,PRD-367,Office Supplies,HeavyDuty Metal Stapler,2,25.0,0.1,45.0,25.0,SwiftFreight,0,On-Time,0,0
ORD-11919,2024-03-15,CUST-1274,Small Business,West,PRD-787,Furniture,ErgoPro Executive Desk,3,450.0,0.0,1350.0,990.0,ExpressLogistics,1,On-Time,1,0
ORD-11920,2024-03-15,CUST-1025,Consumer,West,PRD-910,Furniture,LumbarComfort Mesh Chair,2,220.0,0.1,396.0,266.0,SwiftFreight,0,On-Time,0,0
ORD-11921,2024-03-15,CUST-1066,Consumer,West,PRD-787,Furniture,ErgoPro Executive Desk,3,450.0,0.0,1350.0,990.0,SwiftFreight,1,On-Time,0,0
ORD-11922,2024-03-15,CUST-1146,Small Business,West,PRD-925,Office Supplies,Premium Recycled Paper (Box),1,45.0,0.1,40.5,26.5,SwiftFreight,0,On-Time,0,0
ORD-11923,2024-03-15,CUST-1042,Corporate,West,PRD-904,Furniture,Nordic Solid Oak Bookshelf,3,310.0,0.0,930.0,675.0,StandardMail,1,On-Time,0,0
ORD-11924,2024-03-15,CUST-1021,Small Business,West,PRD-787,Furniture,ErgoPro Executive Desk,2,450.0,0.05,855.0,615.0,ApexGlobal,2,On-Time,0,0
ORD-11925,2024-03-16,CUST-1299,Corporate,North,PRD-506,Electronics,SoundPulse Wireless Headphone,2,150.0,0.0,300.0,200.0,SwiftFreight,0,On-Time,1,0
ORD-11926,2024-03-16,CUST-1464,Small Business,North,PRD-080,Office Supplies,Gel Ink Pen Multi-Pack,2,18.0,0.05,34.2,22.2,,2,On-Time,0,0
ORD-11927,2024-03-16,CUST-1467,Small Business,North,PRD-787,Furniture,ErgoPro Executive Desk,3,450.0,0.15,1147.5,787.5,ExpressLogistics,0,On-Time,0,0
ORD-11928,2024-03-16,CUST-1480,Consumer,North,PRD-787,Furniture,ErgoPro Executive Desk,2,450.0,0.05,855.0,615.0,ExpressLogistics,1,On-Time,0,0
ORD-11929,2024-03-16,CUST-1191,Small Business,North,PRD-506,Electronics,SoundPulse Wireless Headphone,3,150.0,0.05,427.5,277.5,ExpressLogistics,0,On-Time,0,0
ORD-11930,2024-03-16,CUST-1249,Consumer,South,PRD-080,Office Supplies,Gel Ink Pen Multi-Pack,1,18.0,0.05,17.1,11.1,SwiftFreight,1,On-Time,0,0
ORD-11931,2024-03-16,CUST-1486,Small Business,South,PRD-025,Electronics,SmartSync Fitness Tracker,1,90.0,0.15,76.5,41.5,ApexGlobal,2,On-Time,0,0
ORD-11932,2024-03-16,CUST-1171,Consumer,South,PRD-367,Office Supplies,HeavyDuty Metal Stapler,3,25.0,0.05,71.25,41.25,StandardMail,2,On-Time,0,0
ORD-11933,2024-03-16,CUST-1151,Consumer,South,PRD-367,Office Supplies,HeavyDuty Metal Stapler,2,25.0,0.1,45.0,25.0,ApexGlobal,0,On-Time,0,0
ORD-11934,2024-03-16,CUST-1447,Small Business,South,PRD-904,Furniture,Nordic Solid Oak Bookshelf,1,310.0,0.05,294.5,209.5,ApexGlobal,1,On-Time,0,0
ORD-11935,2024-03-16,CUST-1376,Corporate,South,PRD-044,Electronics,UltraVision 4K Monitor,3,400.0,0.15,1020.0,690.0,StandardMail,1,On-Time,0,0
ORD-11936,2024-03-16,CUST-1014,Consumer,East,PRD-910,Furniture,LumbarComfort Mesh Chair,2,220.0,0.15,374.0,244.0,StandardMail,0,On-Time,0,0
ORD-11937,2024-03-16,CUST-1307,Consumer,East,PRD-787,Furniture,ErgoPro Executive Desk,3,450.0,0.15,1147.5,787.5,StandardMail,2,On-Time,0,0
ORD-11938,2024-03-16,CUST-1447,Consumer,East,PRD-904,Furniture,Nordic Solid Oak Bookshelf,2,310.0,0.05,589.0,419.0,SwiftFreight,1,On-Time,0,0
ORD-11939,2024-03-16,CUST-1053,Corporate,East,PRD-910,Furniture,LumbarComfort Mesh Chair,2,220.0,0.1,396.0,266.0,StandardMail,1,On-Time,0,0
ORD-11940,2024-03-16,CUST-1422,Corporate,East,PRD-904,Furniture,Nordic Solid Oak Bookshelf,3,310.0,0.15,790.5,535.5,ExpressLogistics,0,On-Time,0,0
ORD-11941,2024-03-16,CUST-1158,Corporate,East,PRD-025,Electronics,SmartSync Fitness Tracker,1,90.0,0.05,85.5,50.5,SwiftFreight,1,On-Time,0,0
ORD-11942,2024-03-16,CUST-1045,Consumer,West,PRD-156,Electronics,Apex Gaming Laptop,1,1200.0,0.1,1080.0,780.0,StandardMail,0,On-Time,0,0
ORD-11943,2024-03-16,CUST-1486,Corporate,West,PRD-910,Furniture,LumbarComfort Mesh Chair,3,220.0,0.1,594.0,399.0,StandardMail,0,On-Time,0,0
ORD-11944,2024-03-16,CUST-1345,Corporate,West,PRD-904,Furniture,Nordic Solid Oak Bookshelf,1,310.0,0.0,310.0,225.0,StandardMail,2,On-Time,0,0
ORD-11945,2024-03-16,CUST-1427,Consumer,West,PRD-025,Electronics,SmartSync Fitness Tracker,3,90.0,0.05,256.5,151.5,SwiftFreight,2,On-Time,0,0
ORD-11946,2024-03-16,CUST-1116,Corporate,West,PRD-904,Furniture,Nordic Solid Oak Bookshelf,2,310.0,0.1,558.0,388.0,StandardMail,0,On-Time,0,0
ORD-11947,2024-03-17,CUST-1185,Small Business,North,PRD-925,Office Supplies,Premium Recycled Paper (Box),1,45.0,0.0,45.0,31.0,StandardMail,1,On-Time,0,0
ORD-11948,2024-03-17,CUST-1019,Corporate,North,PRD-367,Office Supplies,HeavyDuty Metal Stapler,2,25.0,0.05,47.5,27.5,StandardMail,1,On-Time,0,0
ORD-11949,2024-03-17,CUST-1057,Consumer,North,PRD-904,Furniture,Nordic Solid Oak Bookshelf,1,310.0,0.0,310.0,225.0,SwiftFreight,1,On-Time,0,0
ORD-11950,2024-03-17,CUST-1373,Corporate,North,PRD-925,Office Supplies,Premium Recycled Paper (Box),2,45.0,0.05,85.5,57.5,ApexGlobal,2,On-Time,0,0
ORD-11951,2024-03-17,CUST-1013,Consumer,North,PRD-080,Office Supplies,Gel Ink Pen Multi-Pack,1,18.0,0.05,17.1,11.1,ExpressLogistics,0,On-Time,0,0
ORD-11952,2024-03-17,CUST-1070,Consumer,North,PRD-025,Electronics,SmartSync Fitness Tracker,3,90.0,0.15,229.5,124.5,ExpressLogistics,1,On-Time,0,0
ORD-11953,2024-03-17,CUST-1032,Small Business,North,PRD-025,Electronics,SmartSync Fitness Tracker,1,90.0,0.05,85.5,50.5,StandardMail,0,On-Time,0,0
ORD-11954,2024-03-17,CUST-1023,Corporate,North,PRD-925,Office Supplies,Premium Recycled Paper (Box),2,45.0,0.15,76.5,48.5,ApexGlobal,2,On-Time,0,0
ORD-11955,2024-03-17,CUST-1053,Small Business,South,PRD-904,Furniture,Nordic Solid Oak Bookshelf,2,310.0,0.0,620.0,450.0,ExpressLogistics,2,On-Time,0,0
ORD-11956,2024-03-17,CUST-1480,Small Business,South,PRD-925,Office Supplies,Premium Recycled Paper (Box),1,45.0,0.05,42.75,28.75,ApexGlobal,0,On-Time,0,0
ORD-11957,2024-03-17,CUST-1026,Small Business,South,PRD-025,Electronics,SmartSync Fitness Tracker,2,90.0,0.1,162.0,92.0,ExpressLogistics,1,On-Time,0,0
ORD-11958,2024-03-17,CUST-1372,Consumer,South,PRD-787,Furniture,ErgoPro Executive Desk,2,450.0,0.0,900.0,660.0,ExpressLogistics,1,On-Time,0,0
ORD-11959,2024-03-17,CUST-1140,Small Business,South,PRD-904,Furniture,Nordic Solid Oak Bookshelf,2,310.0,0.15,527.0,357.0,ApexGlobal,1,On-Time,0,0
ORD-11960,2024-03-17,CUST-1004,Small Business,South,PRD-787,Furniture,ErgoPro Executive Desk,3,450.0,0.05,1282.5,922.5,ApexGlobal,1,On-Time,0,0
ORD-11961,2024-03-17,CUST-1031,Consumer,South,PRD-367,Office Supplies,HeavyDuty Metal Stapler,1,25.0,0.05,23.75,13.75,StandardMail,1,On-Time,0,0
ORD-11962,2024-03-17,CUST-1427,Consumer,East,PRD-367,Office Supplies,HeavyDuty Metal Stapler,2,25.0,0.15,42.5,22.5,SwiftFreight,0,On-Time,0,0
ORD-11963,2024-03-17,CUST-1018,Consumer,East,PRD-156,Electronics,Apex Gaming Laptop,3,1200.0,0.05,3420.0,2520.0,SwiftFreight,2,On-Time,0,0
ORD-11964,2024-03-17,CUST-1231,Corporate,East,PRD-910,Furniture,LumbarComfort Mesh Chair,2,220.0,0.0,0.0,-26.0,SwiftFreight,2,Cancelled,0,1
ORD-11965,2024-03-17,CUST-1013,Consumer,East,PRD-787,Furniture,ErgoPro Executive Desk,1,450.0,0.15,382.5,262.5,ExpressLogistics,2,On-Time,0,0
ORD-11966,2024-03-17,CUST-1418,Corporate,East,PRD-044,Electronics,UltraVision 4K Monitor,3,400.0,0.0,1200.0,870.0,SwiftFreight,0,On-Time,0,0
ORD-11967,2024-03-17,CUST-1388,Corporate,East,PRD-904,Furniture,Nordic Solid Oak Bookshelf,3,310.0,0.0,930.0,675.0,ExpressLogistics,1,On-Time,0,0
ORD-11968,2024-03-17,CUST-1112,Consumer,East,PRD-787,Furniture,ErgoPro Executive Desk,1,450.0,0.0,450.0,330.0,ExpressLogistics,1,On-Time,0,0
ORD-11969,2024-03-17,CUST-1445,,East,PRD-367,Office Supplies,HeavyDuty Metal Stapler,3,25.0,0.15,63.75,33.75,ApexGlobal,1,On-Time,0,0
ORD-11970,2024-03-17,CUST-1259,Corporate,West,PRD-910,Furniture,LumbarComfort Mesh Chair,2,220.0,0.15,374.0,244.0,ApexGlobal,2,On-Time,0,0
ORD-11971,2024-03-17,CUST-1031,Corporate,West,PRD-925,Office Supplies,Premium Recycled Paper (Box),3,45.0,0.1,121.5,79.5,SwiftFreight,1,On-Time,0,0
ORD-11972,2024-03-17,CUST-1020,Corporate,West,PRD-925,Office Supplies,Premium Recycled Paper (Box),3,45.0,0.15,114.75,72.75,ExpressLogistics,3,Normal,0,0
ORD-11973,2024-03-17,CUST-1125,Corporate,West,PRD-787,Furniture,ErgoPro Executive Desk,3,450.0,0.0,1350.0,990.0,StandardMail,1,On-Time,0,0
ORD-11974,2024-03-17,CUST-1284,Small Business,West,PRD-904,Furniture,Nordic Solid Oak Bookshelf,1,310.0,0.05,294.5,209.5,ExpressLogistics,1,On-Time,0,0
ORD-11975,2024-03-17,CUST-1310,Small Business,West,PRD-044,Electronics,UltraVision 4K Monitor,2,400.0,0.05,760.0,540.0,ApexGlobal,1,On-Time,0,0
ORD-11976,2024-03-17,CUST-1012,Corporate,West,PRD-080,Office Supplies,Gel Ink Pen Multi-Pack,3,18.0,0.15,45.9,27.9,StandardMail,1,On-Time,0,0
ORD-11977,2024-03-18,CUST-1292,Small Business,North,PRD-156,Electronics,Apex Gaming Laptop,1,1200.0,0.1,1080.0,780.0,ExpressLogistics,1,On-Time,0,0
ORD-11978,2024-03-18,CUST-1133,Small Business,North,PRD-787,Furniture,ErgoPro Executive Desk,1,450.0,0.1,405.0,285.0,StandardMail,1,On-Time,0,0
ORD-11979,2024-03-18,CUST-1395,Consumer,North,PRD-925,Office Supplies,Premium Recycled Paper (Box),1,45.0,0.15,38.25,24.25,ExpressLogistics,1,On-Time,0,0
ORD-11980,2024-03-18,CUST-1253,Corporate,North,PRD-910,Furniture,LumbarComfort Mesh Chair,1,220.0,0.0,220.0,155.0,StandardMail,1,On-Time,0,0
ORD-11981,2024-03-18,CUST-1235,Corporate,North,PRD-367,Office Supplies,HeavyDuty Metal Stapler,3,25.0,0.05,71.25,41.25,ExpressLogistics,2,On-Time,0,0
ORD-11982,2024-03-18,CUST-1132,Consumer,North,PRD-787,Furniture,ErgoPro Executive Desk,3,450.0,0.1,1215.0,855.0,StandardMail,1,On-Time,0,0
ORD-11983,2024-03-18,CUST-1480,Consumer,North,PRD-787,Furniture,ErgoPro Executive Desk,2,450.0,0.15,765.0,525.0,SwiftFreight,0,On-Time,0,0
ORD-11984,2024-03-18,CUST-1447,Consumer,South,PRD-506,Electronics,SoundPulse Wireless Headphone,2,150.0,0.0,300.0,200.0,ExpressLogistics,2,On-Time,0,0
ORD-11985,2024-03-18,CUST-1014,Corporate,South,PRD-367,Office Supplies,HeavyDuty Metal Stapler,3,25.0,0.05,71.25,41.25,ApexGlobal,2,On-Time,0,0
ORD-11986,2024-03-18,CUST-1112,Corporate,South,PRD-787,Furniture,ErgoPro Executive Desk,1,450.0,0.1,405.0,285.0,StandardMail,2,On-Time,0,0
ORD-11987,2024-03-18,CUST-1149,Small Business,South,PRD-506,Electronics,SoundPulse Wireless Headphone,3,150.0,0.15,382.5,232.5,ExpressLogistics,2,On-Time,0,0
ORD-11988,2024-03-18,CUST-1348,Small Business,South,PRD-787,Furniture,ErgoPro Executive Desk,1,450.0,0.0,450.0,330.0,ApexGlobal,1,On-Time,0,0
ORD-11989,2024-03-18,CUST-1076,Corporate,East,PRD-080,Office Supplies,Gel Ink Pen Multi-Pack,3,18.0,0.15,45.9,27.9,StandardMail,0,On-Time,0,0
ORD-11990,2024-03-18,CUST-1073,Consumer,East,PRD-044,Electronics,UltraVision 4K Monitor,3,400.0,0.0,1200.0,870.0,ApexGlobal,0,On-Time,0,0
ORD-11991,2024-03-18,CUST-1478,Consumer,East,PRD-156,Electronics,Apex Gaming Laptop,2,1200.0,0.1,2160.0,1560.0,SwiftFreight,1,On-Time,0,0
ORD-11992,2024-03-18,CUST-1412,Small Business,East,PRD-044,Electronics,UltraVision 4K Monitor,3,400.0,0.05,1140.0,810.0,ApexGlobal,2,On-Time,0,0
ORD-11993,2024-03-18,CUST-1411,Corporate,East,PRD-080,Office Supplies,Gel Ink Pen Multi-Pack,3,18.0,0.0,54.0,36.0,ApexGlobal,0,On-Time,0,0
ORD-11994,2024-03-18,CUST-1057,Consumer,East,PRD-080,Office Supplies,Gel Ink Pen Multi-Pack,1,18.0,0.05,17.1,11.1,StandardMail,1,On-Time,0,0
ORD-11995,2024-03-18,CUST-1120,Corporate,West,PRD-910,Furniture,LumbarComfort Mesh Chair,3,220.0,0.05,627.0,432.0,SwiftFreight,0,On-Time,0,0
ORD-11996,2024-03-18,CUST-1314,Consumer,West,PRD-787,Furniture,ErgoPro Executive Desk,1,450.0,0.15,382.5,262.5,ApexGlobal,2,On-Time,0,0
ORD-11997,2024-03-18,CUST-1205,Consumer,West,PRD-787,Furniture,ErgoPro Executive Desk,1,450.0,0.15,382.5,262.5,StandardMail,1,On-Time,0,0
ORD-11998,2024-03-18,CUST-1109,Consumer,West,PRD-925,Office Supplies,Premium Recycled Paper (Box),3,45.0,0.05,128.25,86.25,ExpressLogistics,1,On-Time,0,0
ORD-11999,2024-03-18,CUST-1050,Small Business,West,PRD-910,Furniture,LumbarComfort Mesh Chair,3,220.0,0.0,660.0,465.0,ApexGlobal,0,On-Time,0,0
ORD-12000,2024-03-19,CUST-1165,Small Business,North,PRD-925,Office Supplies,Premium Recycled Paper (Box),2,45.0,0.05,85.5,57.5,StandardMail,1,On-Time,0,0
ORD-12001,2024-03-19,CUST-1177,Corporate,North,PRD-925,Office Supplies,Premium Recycled Paper (Box),2,45.0,0.0,90.0,62.0,ApexGlobal,1,On-Time,1,0
ORD-12002,2024-03-19,CUST-1305,Consumer,North,PRD-367,Office Supplies,HeavyDuty Metal Stapler,2,25.0,0.05,47.5,27.5,ExpressLogistics,0,On-Time,0,0
ORD-12003,2024-03-19,CUST-1009,Consumer,North,PRD-904,Furniture,Nordic Solid Oak Bookshelf,1,310.0,0.15,263.5,178.5,ApexGlobal,1,On-Time,0,0
ORD-12004,2024-03-19,CUST-1171,Small Business,North,PRD-156,Electronics,Apex Gaming Laptop,1,1200.0,0.15,1020.0,720.0,ApexGlobal,0,On-Time,0,0
ORD-12005,2024-03-19,CUST-1349,Corporate,North,PRD-925,Office Supplies,Premium Recycled Paper (Box),2,45.0,0.1,81.0,53.0,StandardMail,2,On-Time,0,0
ORD-12006,2024-03-19,CUST-1461,Corporate,North,PRD-044,Electronics,UltraVision 4K Monitor,3,400.0,0.1,1080.0,750.0,SwiftFreight,1,On-Time,0,0
ORD-12007,2024-03-19,CUST-1351,Small Business,North,PRD-925,Office Supplies,Premium Recycled Paper (Box),2,45.0,0.0,90.0,62.0,SwiftFreight,0,On-Time,0,0
ORD-12008,2024-03-19,CUST-1191,Corporate,South,PRD-367,Office Supplies,HeavyDuty Metal Stapler,3,25.0,0.1,67.5,37.5,StandardMail,2,On-Time,0,0
ORD-12009,2024-03-19,CUST-1486,Small Business,South,PRD-506,Electronics,SoundPulse Wireless Headphone,2,150.0,0.15,255.0,155.0,StandardMail,1,On-Time,0,0
ORD-12010,2024-03-19,CUST-1289,Corporate,South,PRD-506,Electronics,SoundPulse Wireless Headphone,1,150.0,0.05,142.5,92.5,SwiftFreight,0,On-Time,0,0
ORD-12011,2024-03-19,CUST-1341,Small Business,South,PRD-367,Office Supplies,HeavyDuty Metal Stapler,3,25.0,0.1,67.5,37.5,ExpressLogistics,2,On-Time,0,0
ORD-12012,2024-03-19,CUST-1254,Small Business,South,PRD-025,Electronics,SmartSync Fitness Tracker,1,90.0,0.15,76.5,41.5,SwiftFreight,0,On-Time,0,0
ORD-12013,2024-03-19,CUST-1095,Consumer,South,PRD-044,Electronics,UltraVision 4K Monitor,1,400.0,0.15,340.0,230.0,SwiftFreight,2,On-Time,0,0
ORD-12014,2024-03-19,CUST-1460,Consumer,South,PRD-044,Electronics,UltraVision 4K Monitor,2,400.0,0.15,680.0,460.0,SwiftFreight,0,On-Time,0,0
ORD-12015,2024-03-19,CUST-1020,Small Business,South,PRD-925,Office Supplies,Premium Recycled Paper (Box),2,45.0,0.05,85.5,57.5,ExpressLogistics,1,On-Time,0,0
ORD-12016,2024-03-19,CUST-1187,Consumer,East,PRD-025,Electronics,SmartSync Fitness Tracker,1,90.0,0.15,76.5,41.5,ApexGlobal,0,On-Time,0,0
ORD-12017,2024-03-19,CUST-1451,Small Business,East,PRD-367,Office Supplies,HeavyDuty Metal Stapler,2,25.0,0.15,42.5,22.5,ExpressLogistics,2,On-Time,0,0
ORD-12018,2024-03-19,CUST-1325,Corporate,East,PRD-925,Office Supplies,Premium Recycled Paper (Box),2,45.0,0.1,81.0,53.0,StandardMail,1,On-Time,0,0
ORD-12019,2024-03-19,CUST-1325,,East,PRD-156,Electronics,Apex Gaming Laptop,1,1200.0,0.0,1200.0,900.0,ExpressLogistics,0,On-Time,0,0
ORD-12020,2024-03-19,CUST-1430,Consumer,East,PRD-904,Furniture,Nordic Solid Oak Bookshelf,3,310.0,0.05,883.5,628.5,ExpressLogistics,1,On-Time,0,0
ORD-12021,2024-03-19,CUST-1343,Small Business,East,PRD-080,Office Supplies,Gel Ink Pen Multi-Pack,2,18.0,0.15,30.6,18.6,ApexGlobal,2,On-Time,0,0
ORD-12022,2024-03-19,CUST-1252,Small Business,East,PRD-367,Office Supplies,HeavyDuty Metal Stapler,2,25.0,0.05,47.5,27.5,StandardMail,0,On-Time,0,0
ORD-12023,2024-03-19,CUST-1159,Corporate,East,PRD-080,Office Supplies,Gel Ink Pen Multi-Pack,1,18.0,0.15,15.3,9.3,ApexGlobal,1,On-Time,0,0
ORD-12024,2024-03-19,CUST-1403,Small Business,West,PRD-156,Electronics,Apex Gaming Laptop,1,1200.0,0.1,1080.0,780.0,ExpressLogistics,1,On-Time,0,0
ORD-12025,2024-03-19,CUST-1406,Small Business,West,PRD-367,Office Supplies,HeavyDuty Metal Stapler,2,25.0,0.15,42.5,22.5,ExpressLogistics,2,On-Time,0,0
ORD-12026,2024-03-19,CUST-1241,Corporate,West,PRD-080,Office Supplies,Gel Ink Pen Multi-Pack,1,18.0,0.15,15.3,9.3,ExpressLogistics,0,On-Time,0,0
ORD-12027,2024-03-19,CUST-1201,Small Business,West,PRD-080,Office Supplies,Gel Ink Pen Multi-Pack,2,18.0,0.0,36.0,24.0,SwiftFreight,1,On-Time,0,0
ORD-12028,2024-03-19,CUST-1487,Small Business,West,PRD-506,Electronics,SoundPulse Wireless Headphone,3,150.0,0.05,427.5,277.5,ExpressLogistics,1,On-Time,0,0
ORD-12029,2024-03-19,CUST-1257,Small Business,West,PRD-910,Furniture,LumbarComfort Mesh Chair,2,220.0,0.0,440.0,310.0,ExpressLogistics,1,On-Time,0,0
ORD-12030,2024-03-19,CUST-1067,Consumer,West,PRD-367,Office Supplies,HeavyDuty Metal Stapler,1,25.0,0.05,23.75,13.75,ExpressLogistics,1,On-Time,0,0
ORD-12031,2024-03-20,CUST-1260,Small Business,North,PRD-787,Furniture,ErgoPro Executive Desk,1,450.0,0.0,450.0,330.0,ExpressLogistics,0,On-Time,0,0
ORD-12032,2024-03-20,CUST-1274,Small Business,North,PRD-910,Furniture,LumbarComfort Mesh Chair,2,220.0,0.05,418.0,288.0,StandardMail,2,On-Time,0,0
ORD-12033,2024-03-20,CUST-1092,Small Business,North,PRD-506,Electronics,SoundPulse Wireless Headphone,2,150.0,0.1,270.0,170.0,ExpressLogistics,1,On-Time,0,0
ORD-12034,2024-03-20,CUST-1134,Small Business,North,PRD-904,Furniture,Nordic Solid Oak Bookshelf,2,310.0,0.15,527.0,357.0,SwiftFreight,1,On-Time,0,0
ORD-12035,2024-03-20,CUST-1490,Small Business,North,PRD-904,Furniture,Nordic Solid Oak Bookshelf,1,310.0,0.1,279.0,194.0,ApexGlobal,0,On-Time,0,0
ORD-12036,2024-03-20,CUST-1135,Small Business,North,PRD-080,Office Supplies,Gel Ink Pen Multi-Pack,1,18.0,0.05,17.1,11.1,ExpressLogistics,1,On-Time,1,0
ORD-12037,2024-03-20,CUST-1414,Small Business,North,PRD-506,Electronics,SoundPulse Wireless Headphone,1,150.0,0.0,150.0,100.0,SwiftFreight,1,On-Time,0,0
ORD-12038,2024-03-20,CUST-1012,Consumer,South,PRD-787,Furniture,ErgoPro Executive Desk,1,450.0,0.05,427.5,307.5,SwiftFreight,0,On-Time,0,0
ORD-12039,2024-03-20,CUST-1046,Small Business,South,PRD-910,Furniture,LumbarComfort Mesh Chair,3,220.0,0.05,627.0,432.0,StandardMail,2,On-Time,0,0
ORD-12040,2024-03-20,CUST-1397,Consumer,South,PRD-925,Office Supplies,Premium Recycled Paper (Box),2,45.0,0.1,81.0,53.0,StandardMail,2,On-Time,0,0
ORD-12041,2024-03-20,CUST-1369,Small Business,South,PRD-025,Electronics,SmartSync Fitness Tracker,3,90.0,0.15,229.5,124.5,ExpressLogistics,2,On-Time,0,0
ORD-12042,2024-03-20,CUST-1488,Corporate,South,PRD-925,Office Supplies,Premium Recycled Paper (Box),1,45.0,0.05,42.75,28.75,SwiftFreight,1,On-Time,0,0
ORD-12043,2024-03-20,CUST-1287,Consumer,South,PRD-080,Office Supplies,Gel Ink Pen Multi-Pack,3,18.0,0.1,48.6,30.6,SwiftFreight,1,On-Time,0,0
ORD-12044,2024-03-20,CUST-1108,Small Business,South,PRD-904,Furniture,Nordic Solid Oak Bookshelf,2,310.0,0.05,589.0,419.0,StandardMail,0,On-Time,0,0
ORD-12045,2024-03-20,CUST-1311,Consumer,East,PRD-910,Furniture,LumbarComfort Mesh Chair,2,220.0,0.15,374.0,244.0,ExpressLogistics,1,On-Time,0,0
ORD-12046,2024-03-20,CUST-1218,Small Business,East,PRD-156,Electronics,Apex Gaming Laptop,1,1200.0,0.1,1080.0,780.0,ExpressLogistics,0,On-Time,0,0
ORD-12047,2024-03-20,CUST-1083,Small Business,East,PRD-025,Electronics,SmartSync Fitness Tracker,3,90.0,0.0,0.0,-21.0,ApexGlobal,2,Cancelled,0,1
ORD-12048,2024-03-20,CUST-1394,Small Business,East,PRD-044,Electronics,UltraVision 4K Monitor,3,400.0,0.1,1080.0,750.0,ApexGlobal,1,On-Time,0,0
ORD-12049,2024-03-20,CUST-1012,Consumer,East,PRD-044,Electronics,UltraVision 4K Monitor,2,400.0,0.0,800.0,580.0,ExpressLogistics,2,On-Time,0,0
ORD-12050,2024-03-20,CUST-1124,Corporate,West,PRD-025,Electronics,SmartSync Fitness Tracker,2,90.0,0.0,180.0,110.0,ExpressLogistics,2,On-Time,0,0
ORD-12051,2024-03-20,CUST-1346,Consumer,West,PRD-080,Office Supplies,Gel Ink Pen Multi-Pack,3,18.0,0.1,48.6,30.6,StandardMail,0,On-Time,0,0
ORD-12052,2024-03-20,CUST-1211,Consumer,West,PRD-925,Office Supplies,Premium Recycled Paper (Box),2,45.0,0.1,81.0,53.0,ApexGlobal,0,On-Time,0,0
ORD-12053,2024-03-20,CUST-1485,Small Business,West,PRD-156,Electronics,Apex Gaming Laptop,3,1200.0,0.05,3420.0,2520.0,ApexGlobal,1,On-Time,0,0
ORD-12054,2024-03-20,CUST-1400,Corporate,West,PRD-044,Electronics,UltraVision 4K Monitor,3,400.0,0.15,1020.0,690.0,StandardMail,2,On-Time,0,0
ORD-12055,2024-03-20,CUST-1319,Small Business,West,PRD-044,Electronics,UltraVision 4K Monitor,2,400.0,0.0,800.0,580.0,SwiftFreight,0,On-Time,0,0
ORD-12056,2024-03-20,CUST-1438,Small Business,West,PRD-506,Electronics,SoundPulse Wireless Headphone,2,150.0,0.15,255.0,155.0,ApexGlobal,0,On-Time,0,0
ORD-12057,2024-03-20,CUST-1483,Consumer,West,PRD-080,Office Supplies,Gel Ink Pen Multi-Pack,1,18.0,0.1,16.2,10.2,SwiftFreight,1,On-Time,0,0
ORD-12058,2024-03-21,CUST-1232,Small Business,North,PRD-925,Office Supplies,Premium Recycled Paper (Box),1,45.0,0.15,38.25,24.25,SwiftFreight,1,On-Time,0,0
ORD-12059,2024-03-21,CUST-1041,Corporate,North,PRD-910,Furniture,LumbarComfort Mesh Chair,3,220.0,0.1,594.0,399.0,ApexGlobal,1,On-Time,0,0
ORD-12060,2024-03-21,CUST-1276,Corporate,North,PRD-080,Office Supplies,Gel Ink Pen Multi-Pack,3,18.0,0.05,51.3,33.3,ApexGlobal,0,On-Time,0,0
ORD-12061,2024-03-21,CUST-1325,Small Business,North,PRD-044,Electronics,UltraVision 4K Monitor,2,400.0,0.15,680.0,460.0,ApexGlobal,0,On-Time,1,0
ORD-12062,2024-03-21,CUST-1148,Consumer,North,PRD-367,Office Supplies,HeavyDuty Metal Stapler,3,25.0,0.0,75.0,45.0,SwiftFreight,1,On-Time,0,0
ORD-12063,2024-03-21,CUST-1189,Consumer,North,PRD-156,Electronics,Apex Gaming Laptop,2,1200.0,0.0,2400.0,1800.0,ApexGlobal,2,On-Time,0,0
ORD-12064,2024-03-21,CUST-1293,Small Business,South,PRD-787,Furniture,ErgoPro Executive Desk,3,450.0,0.15,1147.5,787.5,SwiftFreight,1,On-Time,0,0
ORD-12065,2024-03-21,CUST-1407,Corporate,South,PRD-904,Furniture,Nordic Solid Oak Bookshelf,1,310.0,0.0,310.0,225.0,StandardMail,2,On-Time,0,0
ORD-12066,2024-03-21,CUST-1307,Consumer,South,PRD-367,Office Supplies,HeavyDuty Metal Stapler,2,25.0,0.0,50.0,30.0,StandardMail,1,On-Time,0,0
ORD-12067,2024-03-21,CUST-1004,Small Business,South,PRD-080,Office Supplies,Gel Ink Pen Multi-Pack,2,18.0,0.1,32.4,20.4,SwiftFreight,0,On-Time,0,0
ORD-12068,2024-03-21,CUST-1305,Small Business,South,PRD-080,Office Supplies,Gel Ink Pen Multi-Pack,2,18.0,0.0,36.0,24.0,StandardMail,1,On-Time,0,0
ORD-12069,2024-03-21,CUST-1111,Consumer,East,PRD-080,Office Supplies,Gel Ink Pen Multi-Pack,1,18.0,0.05,17.1,11.1,,2,On-Time,0,0
ORD-12070,2024-03-21,CUST-1351,Consumer,East,PRD-787,Furniture,ErgoPro Executive Desk,1,450.0,0.1,405.0,285.0,ExpressLogistics,1,On-Time,0,0
ORD-12071,2024-03-21,CUST-1426,Corporate,East,PRD-910,Furniture,LumbarComfort Mesh Chair,1,220.0,0.05,209.0,144.0,ApexGlobal,1,On-Time,0,0
ORD-12072,2024-03-21,CUST-1474,Consumer,East,PRD-904,Furniture,Nordic Solid Oak Bookshelf,1,310.0,0.05,294.5,209.5,ExpressLogistics,2,On-Time,0,0
ORD-12073,2024-03-21,CUST-1050,Corporate,East,PRD-910,Furniture,LumbarComfort Mesh Chair,3,220.0,0.1,594.0,399.0,ApexGlobal,2,On-Time,0,0
ORD-12074,2024-03-21,CUST-1441,Consumer,East,PRD-025,Electronics,SmartSync Fitness Tracker,1,90.0,0.05,85.5,50.5,ApexGlobal,1,On-Time,0,0
ORD-12075,2024-03-21,CUST-1263,Small Business,East,PRD-367,Office Supplies,HeavyDuty Metal Stapler,2,25.0,0.15,42.5,22.5,StandardMail,1,On-Time,0,0
ORD-12076,2024-03-21,CUST-1023,,West,PRD-787,Furniture,ErgoPro Executive Desk,3,450.0,0.15,1147.5,787.5,ApexGlobal,2,On-Time,0,0
ORD-12077,2024-03-21,CUST-1052,Corporate,West,PRD-787,Furniture,ErgoPro Executive Desk,2,450.0,0.0,900.0,660.0,ApexGlobal,2,On-Time,0,0
ORD-12078,2024-03-21,CUST-1332,Small Business,West,PRD-025,Electronics,SmartSync Fitness Tracker,3,90.0,0.1,243.0,138.0,ExpressLogistics,1,On-Time,0,0
ORD-12079,2024-03-21,CUST-1109,Consumer,West,PRD-910,Furniture,LumbarComfort Mesh Chair,3,220.0,0.05,627.0,432.0,ExpressLogistics,1,On-Time,1,0
ORD-12080,2024-03-21,CUST-1166,Small Business,West,PRD-367,Office Supplies,HeavyDuty Metal Stapler,1,25.0,0.15,21.25,11.25,ExpressLogistics,1,On-Time,0,0
ORD-12081,2024-03-21,CUST-1006,Corporate,West,PRD-506,Electronics,SoundPulse Wireless Headphone,3,150.0,0.1,405.0,255.0,SwiftFreight,0,On-Time,0,0
ORD-12082,2024-03-21,CUST-1350,Corporate,West,PRD-910,Furniture,LumbarComfort Mesh Chair,3,220.0,0.1,594.0,399.0,ApexGlobal,2,On-Time,0,0
ORD-12083,2024-03-21,CUST-1358,Corporate,West,PRD-044,Electronics,UltraVision 4K Monitor,1,400.0,0.0,400.0,290.0,StandardMail,1,On-Time,0,0
ORD-12084,2024-03-22,CUST-1425,Small Business,North,PRD-787,Furniture,ErgoPro Executive Desk,3,450.0,0.05,1282.5,922.5,ApexGlobal,2,On-Time,0,0
ORD-12085,2024-03-22,CUST-1080,,North,PRD-787,Furniture,ErgoPro Executive Desk,3,450.0,0.1,1215.0,855.0,SwiftFreight,1,On-Time,0,0
ORD-12086,2024-03-22,CUST-1308,Consumer,North,PRD-044,Electronics,UltraVision 4K Monitor,3,400.0,0.0,1200.0,870.0,SwiftFreight,0,On-Time,0,0
ORD-12087,2024-03-22,CUST-1440,Corporate,North,PRD-904,Furniture,Nordic Solid Oak Bookshelf,1,310.0,0.1,279.0,194.0,ExpressLogistics,1,On-Time,0,0
ORD-12088,2024-03-22,CUST-1257,Consumer,North,PRD-367,Office Supplies,HeavyDuty Metal Stapler,2,25.0,0.15,42.5,22.5,ApexGlobal,1,On-Time,0,0
ORD-12089,2024-03-22,CUST-1132,Consumer,North,PRD-910,Furniture,LumbarComfort Mesh Chair,3,220.0,0.15,561.0,366.0,SwiftFreight,0,On-Time,0,0
ORD-12090,2024-03-22,CUST-1315,Corporate,North,PRD-904,Furniture,Nordic Solid Oak Bookshelf,3,310.0,0.15,790.5,535.5,SwiftFreight,2,On-Time,0,0
ORD-12091,2024-03-22,CUST-1417,Consumer,South,PRD-156,Electronics,Apex Gaming Laptop,1,1200.0,0.05,1140.0,840.0,SwiftFreight,1,On-Time,0,0
ORD-12092,2024-03-22,CUST-1208,Corporate,South,PRD-367,Office Supplies,HeavyDuty Metal Stapler,1,25.0,0.05,23.75,13.75,ExpressLogistics,1,On-Time,0,0
ORD-12093,2024-03-22,CUST-1251,Small Business,South,PRD-910,Furniture,LumbarComfort Mesh Chair,2,220.0,0.0,440.0,310.0,StandardMail,1,On-Time,0,0
ORD-12094,2024-03-22,CUST-1431,Corporate,South,PRD-910,Furniture,LumbarComfort Mesh Chair,3,220.0,0.15,0.0,-39.0,ExpressLogistics,0,Cancelled,0,1
ORD-12095,2024-03-22,CUST-1043,Corporate,South,PRD-506,Electronics,SoundPulse Wireless Headphone,1,150.0,0.05,142.5,92.5,SwiftFreight,0,On-Time,0,0
ORD-12096,2024-03-22,CUST-1263,Corporate,South,PRD-044,Electronics,UltraVision 4K Monitor,2,400.0,0.05,760.0,540.0,StandardMail,1,On-Time,0,0
ORD-12097,2024-03-22,CUST-1443,Consumer,South,PRD-904,Furniture,Nordic Solid Oak Bookshelf,1,310.0,0.0,310.0,225.0,SwiftFreight,1,On-Time,0,0
ORD-12098,2024-03-22,CUST-1030,Consumer,South,PRD-080,Office Supplies,Gel Ink Pen Multi-Pack,2,18.0,0.05,0.0,-2.4,SwiftFreight,0,Cancelled,0,1
ORD-12099,2024-03-22,CUST-1131,Consumer,East,PRD-025,Electronics,SmartSync Fitness Tracker,2,90.0,0.0,180.0,110.0,ApexGlobal,0,On-Time,0,0
ORD-12100,2024-03-22,CUST-1445,Consumer,East,PRD-025,Electronics,SmartSync Fitness Tracker,1,90.0,0.0,90.0,55.0,SwiftFreight,1,On-Time,0,0
ORD-12101,2024-03-22,CUST-1207,Consumer,East,PRD-025,Electronics,SmartSync Fitness Tracker,1,90.0,0.15,76.5,41.5,ApexGlobal,1,On-Time,0,0
ORD-12102,2024-03-22,CUST-1265,Small Business,East,PRD-367,Office Supplies,HeavyDuty Metal Stapler,1,25.0,0.05,23.75,13.75,ApexGlobal,1,On-Time,0,0
ORD-12103,2024-03-22,CUST-1342,Corporate,East,PRD-787,Furniture,ErgoPro Executive Desk,3,450.0,0.15,1147.5,787.5,ExpressLogistics,1,On-Time,0,0
ORD-12104,2024-03-22,CUST-1300,Corporate,West,PRD-044,Electronics,UltraVision 4K Monitor,2,400.0,0.1,720.0,500.0,ApexGlobal,0,On-Time,0,0
ORD-12105,2024-03-22,CUST-1432,Corporate,West,PRD-925,Office Supplies,Premium Recycled Paper (Box),3,45.0,0.05,128.25,86.25,ApexGlobal,3,Normal,0,0
ORD-12106,2024-03-22,CUST-1365,Consumer,West,PRD-156,Electronics,Apex Gaming Laptop,1,1200.0,0.0,1200.0,900.0,ExpressLogistics,1,On-Time,0,0
ORD-12107,2024-03-22,CUST-1006,Small Business,West,PRD-925,Office Supplies,Premium Recycled Paper (Box),2,45.0,0.05,85.5,57.5,ApexGlobal,0,On-Time,0,0
ORD-12108,2024-03-22,CUST-1076,Corporate,West,PRD-904,Furniture,Nordic Solid Oak Bookshelf,3,310.0,0.0,930.0,675.0,StandardMail,2,On-Time,0,0
ORD-12109,2024-03-23,CUST-1458,Consumer,North,PRD-910,Furniture,LumbarComfort Mesh Chair,2,220.0,0.1,396.0,266.0,ApexGlobal,0,On-Time,0,0
ORD-12110,2024-03-23,CUST-1268,Corporate,North,PRD-156,Electronics,Apex Gaming Laptop,3,1200.0,0.0,3600.0,2700.0,SwiftFreight,2,On-Time,0,0
ORD-12111,2024-03-23,CUST-1052,Corporate,North,PRD-904,Furniture,Nordic Solid Oak Bookshelf,2,310.0,0.1,558.0,388.0,ApexGlobal,2,On-Time,0,0
ORD-12112,2024-03-23,CUST-1056,Consumer,North,PRD-925,Office Supplies,Premium Recycled Paper (Box),2,45.0,0.05,85.5,57.5,StandardMail,1,On-Time,0,0
ORD-12113,2024-03-23,CUST-1492,Consumer,North,PRD-506,Electronics,SoundPulse Wireless Headphone,1,150.0,0.0,150.0,100.0,ExpressLogistics,1,On-Time,0,0
ORD-12114,2024-03-23,CUST-1264,Small Business,South,PRD-367,Office Supplies,HeavyDuty Metal Stapler,3,25.0,0.05,71.25,41.25,StandardMail,2,On-Time,0,0
ORD-12115,2024-03-23,CUST-1163,Consumer,South,PRD-044,Electronics,UltraVision 4K Monitor,3,400.0,0.1,1080.0,750.0,StandardMail,1,On-Time,0,0
ORD-12116,2024-03-23,CUST-1214,Consumer,South,PRD-080,Office Supplies,Gel Ink Pen Multi-Pack,3,18.0,0.05,51.3,33.3,ExpressLogistics,0,On-Time,0,0
ORD-12117,2024-03-23,CUST-1295,Consumer,South,PRD-025,Electronics,SmartSync Fitness Tracker,3,90.0,0.1,243.0,138.0,ApexGlobal,2,On-Time,0,0
ORD-12118,2024-03-23,CUST-1425,Corporate,South,PRD-904,Furniture,Nordic Solid Oak Bookshelf,2,310.0,0.0,620.0,450.0,StandardMail,2,On-Time,0,0
ORD-12119,2024-03-23,CUST-1313,Consumer,South,PRD-910,Furniture,LumbarComfort Mesh Chair,3,220.0,0.0,660.0,465.0,SwiftFreight,1,On-Time,0,0
ORD-12120,2024-03-23,CUST-1090,Small Business,South,PRD-904,Furniture,Nordic Solid Oak Bookshelf,2,310.0,0.05,589.0,419.0,ApexGlobal,2,On-Time,0,0
ORD-12121,2024-03-23,CUST-1192,Consumer,East,PRD-367,Office Supplies,HeavyDuty Metal Stapler,3,25.0,0.05,71.25,41.25,,2,On-Time,0,0
ORD-12122,2024-03-23,CUST-1171,Corporate,East,PRD-080,Office Supplies,Gel Ink Pen Multi-Pack,2,18.0,0.0,36.0,24.0,SwiftFreight,1,On-Time,0,0
ORD-12123,2024-03-23,CUST-1208,Corporate,East,PRD-925,Office Supplies,Premium Recycled Paper (Box),2,45.0,0.15,76.5,48.5,StandardMail,1,On-Time,0,0
ORD-12124,2024-03-23,CUST-1017,Small Business,East,PRD-787,Furniture,ErgoPro Executive Desk,2,450.0,0.05,855.0,615.0,ExpressLogistics,0,On-Time,0,0
ORD-12125,2024-03-23,CUST-1067,Consumer,East,PRD-367,Office Supplies,HeavyDuty Metal Stapler,2,25.0,0.0,50.0,30.0,StandardMail,1,On-Time,0,0
ORD-12126,2024-03-23,CUST-1273,Small Business,East,PRD-080,Office Supplies,Gel Ink Pen Multi-Pack,1,18.0,0.1,16.2,10.2,ApexGlobal,2,On-Time,0,0
ORD-12127,2024-03-23,CUST-1285,Consumer,East,PRD-904,Furniture,Nordic Solid Oak Bookshelf,2,310.0,0.1,558.0,388.0,ExpressLogistics,2,On-Time,0,0
ORD-12128,2024-03-23,CUST-1424,Consumer,East,PRD-156,Electronics,Apex Gaming Laptop,1,1200.0,0.05,1140.0,840.0,ApexGlobal,1,On-Time,0,0
ORD-12129,2024-03-23,CUST-1121,Consumer,West,PRD-367,Office Supplies,HeavyDuty Metal Stapler,3,25.0,0.1,67.5,37.5,SwiftFreight,2,On-Time,0,0
ORD-12130,2024-03-23,CUST-1106,Corporate,West,PRD-506,Electronics,SoundPulse Wireless Headphone,3,150.0,0.05,427.5,277.5,ExpressLogistics,2,On-Time,0,0
ORD-12131,2024-03-23,CUST-1061,Consumer,West,PRD-925,Office Supplies,Premium Recycled Paper (Box),2,45.0,0.1,81.0,53.0,ApexGlobal,1,On-Time,0,0
ORD-12132,2024-03-23,CUST-1430,Consumer,West,PRD-080,Office Supplies,Gel Ink Pen Multi-Pack,3,18.0,0.1,48.6,30.6,SwiftFreight,1,On-Time,0,0
ORD-12133,2024-03-23,CUST-1386,Corporate,West,PRD-925,Office Supplies,Premium Recycled Paper (Box),3,45.0,0.1,121.5,79.5,ExpressLogistics,1,On-Time,0,0
ORD-12134,2024-03-23,CUST-1487,Small Business,West,PRD-044,Electronics,UltraVision 4K Monitor,3,400.0,0.05,1140.0,810.0,ApexGlobal,2,On-Time,0,0
ORD-12135,2024-03-23,CUST-1065,Consumer,West,PRD-787,Furniture,ErgoPro Executive Desk,3,450.0,0.0,1350.0,990.0,StandardMail,1,On-Time,0,0
ORD-12136,2024-03-23,CUST-1425,Small Business,West,PRD-904,Furniture,Nordic Solid Oak Bookshelf,3,310.0,0.05,883.5,628.5,StandardMail,1,On-Time,0,0
ORD-12137,2024-03-24,CUST-1016,Consumer,North,PRD-910,Furniture,LumbarComfort Mesh Chair,2,220.0,0.05,418.0,288.0,StandardMail,1,On-Time,0,0
ORD-12138,2024-03-24,CUST-1034,Consumer,North,PRD-787,Furniture,ErgoPro Executive Desk,1,450.0,0.15,382.5,262.5,ApexGlobal,0,On-Time,0,0
ORD-12139,2024-03-24,CUST-1420,Consumer,North,PRD-787,Furniture,ErgoPro Executive Desk,3,450.0,0.15,1147.5,787.5,SwiftFreight,1,On-Time,0,0
ORD-12140,2024-03-24,CUST-1279,,North,PRD-506,Electronics,SoundPulse Wireless Headphone,2,150.0,0.05,285.0,185.0,StandardMail,1,On-Time,0,0
ORD-12141,2024-03-24,CUST-1294,Small Business,North,PRD-044,Electronics,UltraVision 4K Monitor,2,400.0,0.0,800.0,580.0,ApexGlobal,1,On-Time,0,0
ORD-12142,2024-03-24,CUST-1386,Consumer,North,PRD-025,Electronics,SmartSync Fitness Tracker,1,90.0,0.05,85.5,50.5,,1,On-Time,0,0
ORD-12143,2024-03-24,CUST-1425,Consumer,North,PRD-025,Electronics,SmartSync Fitness Tracker,1,90.0,0.05,85.5,50.5,StandardMail,2,On-Time,0,0
ORD-12144,2024-03-24,CUST-1453,Small Business,North,PRD-787,Furniture,ErgoPro Executive Desk,1,450.0,0.05,427.5,307.5,ExpressLogistics,0,On-Time,0,0
ORD-12145,2024-03-24,CUST-1020,Small Business,South,PRD-025,Electronics,SmartSync Fitness Tracker,2,90.0,0.15,153.0,83.0,ExpressLogistics,0,On-Time,0,0
ORD-12146,2024-03-24,CUST-1397,Consumer,South,PRD-156,Electronics,Apex Gaming Laptop,75,1200.0,0.05,1140.0,840.0,SwiftFreight,1,On-Time,0,0
ORD-12147,2024-03-24,CUST-1223,Consumer,South,PRD-787,Furniture,ErgoPro Executive Desk,2,450.0,0.0,900.0,660.0,ExpressLogistics,1,On-Time,0,0
ORD-12148,2024-03-24,CUST-1333,Consumer,South,PRD-080,Office Supplies,Gel Ink Pen Multi-Pack,1,18.0,0.1,16.2,10.2,ExpressLogistics,1,On-Time,0,0
ORD-12149,2024-03-24,CUST-1451,Consumer,South,PRD-025,Electronics,SmartSync Fitness Tracker,3,90.0,0.15,229.5,124.5,SwiftFreight,2,On-Time,0,0
ORD-12150,2024-03-24,CUST-1051,Corporate,South,PRD-910,Furniture,LumbarComfort Mesh Chair,3,220.0,0.05,627.0,432.0,SwiftFreight,1,On-Time,0,0
ORD-12151,2024-03-24,CUST-1045,Consumer,East,PRD-080,Office Supplies,Gel Ink Pen Multi-Pack,1,18.0,0.1,16.2,10.2,ExpressLogistics,1,On-Time,0,0
ORD-12152,2024-03-24,CUST-1400,Consumer,East,PRD-156,Electronics,Apex Gaming Laptop,2,1200.0,0.1,2160.0,1560.0,ExpressLogistics,2,On-Time,0,0
ORD-12153,2024-03-24,CUST-1177,Small Business,East,PRD-787,Furniture,ErgoPro Executive Desk,1,450.0,0.0,450.0,330.0,SwiftFreight,1,On-Time,0,0
ORD-12154,2024-03-24,CUST-1329,Consumer,East,PRD-025,Electronics,SmartSync Fitness Tracker,2,90.0,0.15,153.0,83.0,SwiftFreight,1,On-Time,0,0
ORD-12155,2024-03-24,CUST-1196,Corporate,East,PRD-925,Office Supplies,Premium Recycled Paper (Box),2,45.0,0.05,85.5,57.5,StandardMail,1,On-Time,0,0
ORD-12156,2024-03-24,CUST-1355,,East,PRD-367,Office Supplies,HeavyDuty Metal Stapler,3,25.0,0.15,63.75,33.75,SwiftFreight,0,On-Time,0,0
ORD-12157,2024-03-24,CUST-1445,Consumer,East,PRD-156,Electronics,Apex Gaming Laptop,1,1200.0,0.1,0.0,-60.0,ApexGlobal,1,Cancelled,0,1
ORD-12158,2024-03-24,CUST-1254,Consumer,East,PRD-925,Office Supplies,Premium Recycled Paper (Box),3,45.0,0.0,0.0,-8.4,ApexGlobal,2,Cancelled,0,1
ORD-12159,2024-03-24,CUST-1203,Consumer,West,PRD-506,Electronics,SoundPulse Wireless Headphone,3,150.0,0.05,427.5,277.5,StandardMail,0,On-Time,0,0
ORD-12160,2024-03-24,CUST-1382,Small Business,West,PRD-904,Furniture,Nordic Solid Oak Bookshelf,1,310.0,0.05,294.5,209.5,StandardMail,2,On-Time,0,0
ORD-12161,2024-03-24,CUST-1241,Consumer,West,PRD-080,Office Supplies,Gel Ink Pen Multi-Pack,2,18.0,0.1,32.4,20.4,ApexGlobal,2,On-Time,0,0
ORD-12162,2024-03-24,CUST-1457,Corporate,West,PRD-044,Electronics,UltraVision 4K Monitor,2,400.0,0.15,680.0,460.0,ApexGlobal,1,On-Time,0,0
ORD-12163,2024-03-24,CUST-1248,Corporate,West,PRD-367,Office Supplies,HeavyDuty Metal Stapler,1,25.0,0.0,25.0,15.0,SwiftFreight,1,On-Time,0,0
ORD-12164,2024-03-24,CUST-1403,Small Business,West,PRD-044,Electronics,UltraVision 4K Monitor,3,400.0,0.05,1140.0,810.0,StandardMail,1,On-Time,0,0
ORD-12165,2024-03-24,CUST-1106,Corporate,West,PRD-925,Office Supplies,Premium Recycled Paper (Box),2,45.0,0.0,90.0,62.0,ExpressLogistics,1,On-Time,0,0
ORD-12166,2024-03-24,CUST-1295,Small Business,West,PRD-904,Furniture,Nordic Solid Oak Bookshelf,2,310.0,0.1,558.0,388.0,SwiftFreight,0,On-Time,0,0
ORD-12167,2024-03-25,CUST-1355,Consumer,North,PRD-787,Furniture,ErgoPro Executive Desk,1,450.0,0.05,427.5,307.5,StandardMail,1,On-Time,0,0
ORD-12168,2024-03-25,CUST-1372,Corporate,North,PRD-910,Furniture,LumbarComfort Mesh Chair,3,220.0,0.15,0.0,-39.0,StandardMail,1,Cancelled,0,1
ORD-12169,2024-03-25,CUST-1136,Small Business,North,PRD-904,Furniture,Nordic Solid Oak Bookshelf,1,310.0,0.1,279.0,194.0,SwiftFreight,1,On-Time,0,0
ORD-12170,2024-03-25,CUST-1315,Small Business,North,PRD-025,Electronics,SmartSync Fitness Tracker,1,90.0,0.15,76.5,41.5,StandardMail,1,On-Time,0,0
ORD-12171,2024-03-25,CUST-1482,Small Business,North,PRD-925,Office Supplies,Premium Recycled Paper (Box),1,45.0,0.05,42.75,28.75,StandardMail,1,On-Time,0,0
ORD-12172,2024-03-25,CUST-1195,Consumer,North,PRD-080,Office Supplies,Gel Ink Pen Multi-Pack,1,18.0,0.15,15.3,9.3,SwiftFreight,1,On-Time,0,0
ORD-12173,2024-03-25,CUST-1233,Small Business,North,PRD-506,Electronics,SoundPulse Wireless Headphone,1,150.0,0.1,135.0,85.0,ExpressLogistics,1,On-Time,0,0
ORD-12174,2024-03-25,CUST-1223,Consumer,South,PRD-044,Electronics,UltraVision 4K Monitor,3,400.0,0.15,1020.0,690.0,SwiftFreight,1,On-Time,0,0
ORD-12175,2024-03-25,CUST-1070,Consumer,South,PRD-044,Electronics,UltraVision 4K Monitor,1,400.0,0.1,360.0,250.0,SwiftFreight,0,On-Time,0,0
ORD-12176,2024-03-25,CUST-1329,Corporate,South,PRD-787,Furniture,ErgoPro Executive Desk,1,450.0,0.15,382.5,262.5,SwiftFreight,1,On-Time,0,0
ORD-12177,2024-03-25,CUST-1402,Consumer,South,PRD-156,Electronics,Apex Gaming Laptop,1,1200.0,0.05,1140.0,840.0,ExpressLogistics,1,On-Time,0,0
ORD-12178,2024-03-25,CUST-1239,Small Business,South,PRD-367,Office Supplies,HeavyDuty Metal Stapler,2,25.0,0.15,42.5,22.5,ExpressLogistics,2,On-Time,0,0
ORD-12179,2024-03-25,CUST-1192,Small Business,South,PRD-910,Furniture,LumbarComfort Mesh Chair,1,220.0,0.0,220.0,155.0,ExpressLogistics,2,On-Time,0,0
ORD-12180,2024-03-25,CUST-1185,Small Business,South,PRD-367,Office Supplies,HeavyDuty Metal Stapler,2,25.0,0.15,42.5,22.5,SwiftFreight,0,On-Time,0,0
ORD-12181,2024-03-25,CUST-1075,Consumer,South,PRD-044,Electronics,UltraVision 4K Monitor,1,400.0,0.05,380.0,270.0,ExpressLogistics,2,On-Time,0,0
ORD-12182,2024-03-25,CUST-1397,Consumer,East,PRD-156,Electronics,Apex Gaming Laptop,2,1200.0,0.15,2040.0,1440.0,SwiftFreight,1,On-Time,0,0
ORD-12183,2024-03-25,CUST-1453,Consumer,East,PRD-904,Furniture,Nordic Solid Oak Bookshelf,1,310.0,0.05,294.5,209.5,ApexGlobal,1,On-Time,0,0
ORD-12184,2024-03-25,CUST-1381,Corporate,East,PRD-904,Furniture,Nordic Solid Oak Bookshelf,3,310.0,0.1,837.0,582.0,StandardMail,2,On-Time,1,0
ORD-12185,2024-03-25,CUST-1007,Small Business,East,PRD-367,Office Supplies,HeavyDuty Metal Stapler,3,25.0,0.1,67.5,37.5,ExpressLogistics,1,On-Time,0,0
ORD-12186,2024-03-25,CUST-1193,Consumer,East,PRD-156,Electronics,Apex Gaming Laptop,1,1200.0,0.05,1140.0,840.0,SwiftFreight,0,On-Time,0,0
ORD-12187,2024-03-25,CUST-1288,Consumer,West,PRD-910,Furniture,LumbarComfort Mesh Chair,2,220.0,0.15,374.0,244.0,ApexGlobal,2,On-Time,0,0
ORD-12188,2024-03-25,CUST-1431,Small Business,West,PRD-925,Office Supplies,Premium Recycled Paper (Box),3,45.0,0.05,128.25,86.25,StandardMail,1,On-Time,0,0
ORD-12189,2024-03-25,CUST-1371,Consumer,West,PRD-787,Furniture,ErgoPro Executive Desk,3,450.0,0.15,1147.5,787.5,SwiftFreight,1,On-Time,0,0
ORD-12190,2024-03-25,CUST-1273,Small Business,West,PRD-025,Electronics,SmartSync Fitness Tracker,3,90.0,0.0,270.0,165.0,SwiftFreight,0,On-Time,0,0
ORD-12191,2024-03-25,CUST-1271,Corporate,West,PRD-156,Electronics,Apex Gaming Laptop,1,1200.0,0.15,1020.0,720.0,StandardMail,2,On-Time,0,0
ORD-12192,2024-03-25,CUST-1163,Corporate,West,PRD-080,Office Supplies,Gel Ink Pen Multi-Pack,1,18.0,0.15,15.3,9.3,StandardMail,2,On-Time,0,0
ORD-12193,2024-03-25,CUST-1244,Consumer,West,PRD-044,Electronics,UltraVision 4K Monitor,2,400.0,0.15,0.0,-44.0,SwiftFreight,1,Cancelled,0,1
ORD-12194,2024-03-26,CUST-1317,Corporate,North,PRD-156,Electronics,Apex Gaming Laptop,3,1200.0,0.0,3600.0,2700.0,ApexGlobal,2,On-Time,0,0
ORD-12195,2024-03-26,CUST-1466,Small Business,North,PRD-787,Furniture,ErgoPro Executive Desk,2,450.0,0.05,855.0,615.0,ApexGlobal,1,On-Time,0,0
ORD-12196,2024-03-26,CUST-1014,Consumer,North,PRD-367,Office Supplies,HeavyDuty Metal Stapler,2,25.0,0.0,50.0,30.0,SwiftFreight,1,On-Time,0,0
ORD-12197,2024-03-26,CUST-1112,Small Business,North,PRD-044,Electronics,UltraVision 4K Monitor,1,400.0,0.05,380.0,270.0,SwiftFreight,1,On-Time,0,0
ORD-12198,2024-03-26,CUST-1110,Small Business,North,PRD-506,Electronics,SoundPulse Wireless Headphone,1,150.0,0.1,135.0,85.0,ExpressLogistics,3,Normal,0,0
ORD-12199,2024-03-26,CUST-1107,Small Business,North,PRD-367,Office Supplies,HeavyDuty Metal Stapler,1,25.0,0.15,21.25,11.25,ExpressLogistics,1,On-Time,1,0
ORD-12200,2024-03-26,CUST-1462,Consumer,North,PRD-787,Furniture,ErgoPro Executive Desk,2,450.0,0.1,810.0,570.0,ExpressLogistics,1,On-Time,0,0
ORD-12201,2024-03-26,CUST-1038,Corporate,North,PRD-910,Furniture,LumbarComfort Mesh Chair,1,220.0,0.05,209.0,144.0,ApexGlobal,0,On-Time,0,0
ORD-12202,2024-03-26,CUST-1403,Corporate,South,PRD-925,Office Supplies,Premium Recycled Paper (Box),3,45.0,0.05,128.25,86.25,ExpressLogistics,1,On-Time,0,0
ORD-12203,2024-03-26,CUST-1033,Corporate,South,PRD-904,Furniture,Nordic Solid Oak Bookshelf,2,310.0,0.0,620.0,450.0,SwiftFreight,1,On-Time,0,0
ORD-12204,2024-03-26,CUST-1339,Consumer,South,PRD-925,Office Supplies,Premium Recycled Paper (Box),2,45.0,0.15,76.5,48.5,ExpressLogistics,0,On-Time,0,0
ORD-12205,2024-03-26,CUST-1377,Corporate,South,PRD-506,Electronics,SoundPulse Wireless Headphone,2,150.0,0.15,255.0,155.0,ExpressLogistics,2,On-Time,0,0
ORD-12206,2024-03-26,CUST-1432,Small Business,South,PRD-506,Electronics,SoundPulse Wireless Headphone,3,150.0,0.05,427.5,277.5,SwiftFreight,2,On-Time,0,0
ORD-12207,2024-03-26,CUST-1027,Small Business,East,PRD-044,Electronics,UltraVision 4K Monitor,1,400.0,0.15,340.0,230.0,SwiftFreight,1,On-Time,0,0
ORD-12208,2024-03-26,CUST-1074,Corporate,East,PRD-910,Furniture,LumbarComfort Mesh Chair,2,220.0,0.15,374.0,244.0,ExpressLogistics,1,On-Time,0,0
ORD-12209,2024-03-26,CUST-1230,Small Business,East,PRD-925,Office Supplies,Premium Recycled Paper (Box),1,45.0,0.05,42.75,28.75,SwiftFreight,0,On-Time,0,0
ORD-12210,2024-03-26,CUST-1286,Small Business,East,PRD-367,Office Supplies,HeavyDuty Metal Stapler,3,25.0,0.05,71.25,41.25,,1,On-Time,0,0
ORD-12211,2024-03-26,CUST-1339,Consumer,East,PRD-506,Electronics,SoundPulse Wireless Headphone,3,150.0,0.1,405.0,255.0,ExpressLogistics,1,On-Time,0,0
ORD-12212,2024-03-26,CUST-1415,Corporate,East,PRD-025,Electronics,SmartSync Fitness Tracker,3,90.0,0.1,243.0,138.0,SwiftFreight,1,On-Time,0,0
ORD-12213,2024-03-26,CUST-1102,Corporate,West,PRD-156,Electronics,Apex Gaming Laptop,1,1200.0,0.1,1080.0,780.0,ApexGlobal,1,On-Time,0,0
ORD-12214,2024-03-26,CUST-1272,Corporate,West,PRD-156,Electronics,Apex Gaming Laptop,1,1200.0,0.05,1140.0,840.0,StandardMail,1,On-Time,0,0
ORD-12215,2024-03-26,CUST-1312,Corporate,West,PRD-910,Furniture,LumbarComfort Mesh Chair,1,220.0,0.15,187.0,122.0,SwiftFreight,2,On-Time,0,0
ORD-12216,2024-03-26,CUST-1495,Consumer,West,PRD-925,Office Supplies,Premium Recycled Paper (Box),2,45.0,0.0,90.0,62.0,ApexGlobal,0,On-Time,0,0
ORD-12217,2024-03-26,CUST-1493,Corporate,West,PRD-910,Furniture,LumbarComfort Mesh Chair,1,220.0,0.05,209.0,144.0,StandardMail,1,On-Time,0,0
ORD-12218,2024-03-26,CUST-1021,Corporate,West,PRD-080,Office Supplies,Gel Ink Pen Multi-Pack,1,18.0,0.1,16.2,10.2,ApexGlobal,1,On-Time,0,0
ORD-12219,2024-03-27,CUST-1286,Consumer,North,PRD-925,Office Supplies,Premium Recycled Paper (Box),3,45.0,0.15,114.75,72.75,ApexGlobal,2,On-Time,0,0
ORD-12220,2024-03-27,CUST-1393,Small Business,North,PRD-156,Electronics,Apex Gaming Laptop,2,1200.0,0.05,2280.0,1680.0,ExpressLogistics,0,On-Time,0,0
ORD-12221,2024-03-27,CUST-1443,Consumer,North,PRD-044,Electronics,UltraVision 4K Monitor,3,400.0,0.15,1020.0,690.0,SwiftFreight,1,On-Time,0,0
ORD-12222,2024-03-27,CUST-1218,Small Business,North,PRD-787,Furniture,ErgoPro Executive Desk,3,450.0,0.05,0.0,-72.0,StandardMail,1,Cancelled,0,1
ORD-12223,2024-03-27,CUST-1240,Corporate,North,PRD-367,Office Supplies,HeavyDuty Metal Stapler,3,25.0,0.1,67.5,37.5,StandardMail,0,On-Time,0,0
ORD-12224,2024-03-27,CUST-1285,Corporate,North,PRD-080,Office Supplies,Gel Ink Pen Multi-Pack,1,18.0,0.15,15.3,9.3,ExpressLogistics,2,On-Time,0,0
ORD-12225,2024-03-27,CUST-1107,Consumer,North,PRD-156,Electronics,Apex Gaming Laptop,1,1200.0,0.15,1020.0,720.0,StandardMail,1,On-Time,0,0
ORD-12226,2024-03-27,CUST-1380,Consumer,South,PRD-910,Furniture,LumbarComfort Mesh Chair,3,220.0,0.0,660.0,465.0,ApexGlobal,0,On-Time,1,0
ORD-12227,2024-03-27,CUST-1120,Corporate,South,PRD-925,Office Supplies,Premium Recycled Paper (Box),1,45.0,0.05,42.75,28.75,StandardMail,2,On-Time,0,0
ORD-12228,2024-03-27,CUST-1289,Consumer,South,PRD-910,Furniture,LumbarComfort Mesh Chair,2,220.0,0.0,440.0,310.0,SwiftFreight,1,On-Time,0,0
ORD-12229,2024-03-27,CUST-1417,,South,PRD-506,Electronics,SoundPulse Wireless Headphone,3,150.0,0.1,405.0,255.0,ExpressLogistics,0,On-Time,0,0
ORD-12230,2024-03-27,CUST-1071,Small Business,South,PRD-787,Furniture,ErgoPro Executive Desk,3,450.0,0.1,1215.0,855.0,StandardMail,0,On-Time,0,0
ORD-12231,2024-03-27,CUST-1213,Corporate,South,PRD-156,Electronics,Apex Gaming Laptop,1,1200.0,0.05,1140.0,840.0,ExpressLogistics,1,On-Time,0,0
ORD-12232,2024-03-27,CUST-1377,Small Business,South,PRD-910,Furniture,LumbarComfort Mesh Chair,2,220.0,0.1,396.0,266.0,SwiftFreight,1,On-Time,0,0
ORD-12233,2024-03-27,CUST-1242,Consumer,South,PRD-156,Electronics,Apex Gaming Laptop,3,1200.0,0.1,3240.0,2340.0,StandardMail,3,Normal,0,0
ORD-12234,2024-03-27,CUST-1233,Consumer,East,PRD-904,Furniture,Nordic Solid Oak Bookshelf,1,310.0,0.15,263.5,178.5,StandardMail,1,On-Time,0,0
ORD-12235,2024-03-27,CUST-1094,Small Business,East,PRD-044,Electronics,UltraVision 4K Monitor,2,400.0,0.05,760.0,540.0,ExpressLogistics,1,On-Time,0,0
ORD-12236,2024-03-27,CUST-1445,Consumer,East,PRD-910,Furniture,LumbarComfort Mesh Chair,1,220.0,0.1,198.0,133.0,SwiftFreight,1,On-Time,0,0
ORD-12237,2024-03-27,CUST-1287,Consumer,East,PRD-910,Furniture,LumbarComfort Mesh Chair,1,220.0,0.15,187.0,122.0,StandardMail,0,On-Time,0,0
ORD-12238,2024-03-27,CUST-1209,Small Business,East,PRD-367,Office Supplies,HeavyDuty Metal Stapler,3,25.0,0.15,63.75,33.75,ApexGlobal,1,On-Time,0,0
ORD-12239,2024-03-27,CUST-1312,Small Business,East,PRD-925,Office Supplies,Premium Recycled Paper (Box),2,45.0,0.0,90.0,62.0,SwiftFreight,0,On-Time,0,0
ORD-12240,2024-03-27,CUST-1289,Consumer,West,PRD-080,Office Supplies,Gel Ink Pen Multi-Pack,1,18.0,0.05,17.1,11.1,ApexGlobal,2,On-Time,0,0
ORD-12241,2024-03-27,CUST-1221,Small Business,West,PRD-080,Office Supplies,Gel Ink Pen Multi-Pack,3,18.0,0.1,48.6,30.6,ExpressLogistics,1,On-Time,0,0
ORD-12242,2024-03-27,CUST-1255,Consumer,West,PRD-787,Furniture,ErgoPro Executive Desk,2,450.0,0.15,765.0,525.0,ApexGlobal,1,On-Time,0,0
ORD-12243,2024-03-27,CUST-1475,Consumer,West,PRD-925,Office Supplies,Premium Recycled Paper (Box),3,45.0,0.1,121.5,79.5,ExpressLogistics,0,On-Time,0,0
ORD-12244,2024-03-27,CUST-1374,Corporate,West,PRD-025,Electronics,SmartSync Fitness Tracker,1,90.0,0.0,0.0,-7.0,ExpressLogistics,2,Cancelled,0,1
ORD-12245,2024-03-27,CUST-1413,Consumer,West,PRD-367,Office Supplies,HeavyDuty Metal Stapler,2,25.0,0.15,42.5,22.5,SwiftFreight,2,On-Time,0,0
ORD-12246,2024-03-27,CUST-1182,Small Business,West,PRD-787,Furniture,ErgoPro Executive Desk,1,450.0,0.1,405.0,285.0,SwiftFreight,2,On-Time,0,0
ORD-12247,2024-03-28,CUST-1415,Consumer,North,PRD-080,Office Supplies,Gel Ink Pen Multi-Pack,2,18.0,0.0,36.0,24.0,ApexGlobal,2,On-Time,0,0
ORD-12248,2024-03-28,CUST-1270,Corporate,North,PRD-044,Electronics,UltraVision 4K Monitor,1,400.0,0.1,360.0,250.0,ExpressLogistics,1,On-Time,0,0
ORD-12249,2024-03-28,CUST-1071,Small Business,North,PRD-904,Furniture,Nordic Solid Oak Bookshelf,1,310.0,0.15,263.5,178.5,StandardMail,0,On-Time,0,0
ORD-12250,2024-03-28,CUST-1098,Corporate,North,PRD-910,Furniture,LumbarComfort Mesh Chair,1,220.0,0.15,187.0,122.0,ApexGlobal,0,On-Time,0,0
ORD-12251,2024-03-28,CUST-1047,Consumer,North,PRD-025,Electronics,SmartSync Fitness Tracker,2,90.0,0.15,153.0,83.0,ApexGlobal,0,On-Time,0,0
ORD-12252,2024-03-28,CUST-1449,Consumer,North,PRD-080,Office Supplies,Gel Ink Pen Multi-Pack,3,18.0,0.05,51.3,33.3,StandardMail,0,On-Time,0,0
ORD-12253,2024-03-28,CUST-1206,Corporate,South,PRD-904,Furniture,Nordic Solid Oak Bookshelf,3,310.0,0.15,790.5,535.5,ApexGlobal,2,On-Time,0,0
ORD-12254,2024-03-28,CUST-1038,Small Business,South,PRD-367,Office Supplies,HeavyDuty Metal Stapler,2,25.0,0.0,50.0,30.0,ExpressLogistics,0,On-Time,0,0
ORD-12255,2024-03-28,CUST-1231,Consumer,South,PRD-367,Office Supplies,HeavyDuty Metal Stapler,3,25.0,0.15,63.75,33.75,ExpressLogistics,2,On-Time,0,0
ORD-12256,2024-03-28,CUST-1360,Corporate,South,PRD-080,Office Supplies,Gel Ink Pen Multi-Pack,1,18.0,0.0,18.0,12.0,StandardMail,1,On-Time,0,0
ORD-12257,2024-03-28,CUST-1227,Small Business,South,PRD-367,Office Supplies,HeavyDuty Metal Stapler,2,25.0,0.1,45.0,25.0,StandardMail,1,On-Time,0,0
ORD-12258,2024-03-28,CUST-1084,Consumer,South,PRD-025,Electronics,SmartSync Fitness Tracker,3,90.0,0.15,229.5,124.5,ExpressLogistics,1,On-Time,0,0
ORD-12259,2024-03-28,CUST-1298,Consumer,East,PRD-787,Furniture,ErgoPro Executive Desk,3,450.0,0.1,1215.0,855.0,StandardMail,1,On-Time,0,0
ORD-12260,2024-03-28,CUST-1071,Corporate,East,PRD-080,Office Supplies,Gel Ink Pen Multi-Pack,3,18.0,0.15,45.9,27.9,ExpressLogistics,1,On-Time,0,0
ORD-12261,2024-03-28,CUST-1252,Corporate,East,PRD-044,Electronics,UltraVision 4K Monitor,1,400.0,0.1,360.0,250.0,ApexGlobal,2,On-Time,0,0
ORD-12262,2024-03-28,CUST-1221,Corporate,East,PRD-904,Furniture,Nordic Solid Oak Bookshelf,1,310.0,0.05,294.5,209.5,ExpressLogistics,1,On-Time,0,0
ORD-12263,2024-03-28,CUST-1124,Corporate,East,PRD-156,Electronics,Apex Gaming Laptop,1,1200.0,0.0,1200.0,900.0,SwiftFreight,1,On-Time,0,0
ORD-12264,2024-03-28,CUST-1356,Corporate,East,PRD-080,Office Supplies,Gel Ink Pen Multi-Pack,1,18.0,0.1,0.0,-1.2,ApexGlobal,0,Cancelled,0,1
ORD-12265,2024-03-28,CUST-1284,Consumer,East,PRD-925,Office Supplies,Premium Recycled Paper (Box),2,45.0,0.05,85.5,57.5,StandardMail,2,On-Time,0,0
ORD-12266,2024-03-28,CUST-1212,Consumer,West,PRD-080,Office Supplies,Gel Ink Pen Multi-Pack,1,18.0,0.15,15.3,9.3,ExpressLogistics,1,On-Time,0,0
ORD-12267,2024-03-28,CUST-1226,Small Business,West,PRD-787,Furniture,ErgoPro Executive Desk,2,450.0,0.15,765.0,525.0,SwiftFreight,0,On-Time,1,0
ORD-12268,2024-03-28,CUST-1105,Corporate,West,PRD-904,Furniture,Nordic Solid Oak Bookshelf,1,310.0,0.05,294.5,209.5,StandardMail,0,On-Time,0,0
ORD-12269,2024-03-28,CUST-1146,Consumer,West,PRD-506,Electronics,SoundPulse Wireless Headphone,2,150.0,0.0,300.0,200.0,StandardMail,0,On-Time,0,0
ORD-12270,2024-03-28,CUST-1296,Small Business,West,PRD-904,Furniture,Nordic Solid Oak Bookshelf,2,310.0,0.05,589.0,419.0,ApexGlobal,1,On-Time,0,0
ORD-12271,2024-03-28,CUST-1244,Consumer,West,PRD-156,Electronics,Apex Gaming Laptop,2,1200.0,0.0,2400.0,1800.0,StandardMail,1,On-Time,0,0
ORD-12272,2024-03-28,CUST-1237,Consumer,West,PRD-080,Office Supplies,Gel Ink Pen Multi-Pack,3,18.0,0.05,51.3,33.3,ExpressLogistics,1,On-Time,0,0
ORD-12273,2024-03-28,CUST-1012,Small Business,West,PRD-080,Office Supplies,Gel Ink Pen Multi-Pack,3,18.0,0.0,54.0,36.0,StandardMail,2,On-Time,0,0
ORD-12274,2024-03-29,CUST-1190,Consumer,North,PRD-080,Office Supplies,Gel Ink Pen Multi-Pack,1,18.0,0.05,17.1,11.1,StandardMail,1,On-Time,0,0
ORD-12275,2024-03-29,CUST-1445,Small Business,North,PRD-925,Office Supplies,Premium Recycled Paper (Box),2,45.0,0.05,85.5,57.5,SwiftFreight,0,On-Time,0,0
ORD-12276,2024-03-29,CUST-1154,Small Business,North,PRD-044,Electronics,UltraVision 4K Monitor,2,400.0,0.05,760.0,540.0,SwiftFreight,0,On-Time,0,0
ORD-12277,2024-03-29,CUST-1404,Small Business,North,PRD-910,Furniture,LumbarComfort Mesh Chair,1,220.0,0.0,220.0,155.0,ApexGlobal,1,On-Time,0,0
ORD-12278,2024-03-29,CUST-1025,Consumer,North,PRD-156,Electronics,Apex Gaming Laptop,1,1200.0,0.0,1200.0,900.0,ExpressLogistics,2,On-Time,0,0
ORD-12279,2024-03-29,CUST-1324,Corporate,North,PRD-367,Office Supplies,HeavyDuty Metal Stapler,2,25.0,0.0,50.0,30.0,SwiftFreight,1,On-Time,0,0
ORD-12280,2024-03-29,CUST-1133,Corporate,North,PRD-787,Furniture,ErgoPro Executive Desk,3,450.0,0.0,1350.0,990.0,ExpressLogistics,0,On-Time,0,0
ORD-12281,2024-03-29,CUST-1449,Corporate,North,PRD-787,Furniture,ErgoPro Executive Desk,1,450.0,0.15,382.5,262.5,ExpressLogistics,1,On-Time,0,0
ORD-12282,2024-03-29,CUST-1450,Corporate,South,PRD-025,Electronics,SmartSync Fitness Tracker,2,90.0,0.0,180.0,110.0,StandardMail,1,On-Time,0,0
ORD-12283,2024-03-29,CUST-1077,Small Business,South,PRD-506,Electronics,SoundPulse Wireless Headphone,1,150.0,0.15,127.5,77.5,StandardMail,1,On-Time,0,0
ORD-12284,2024-03-29,CUST-1395,Corporate,South,PRD-925,Office Supplies,Premium Recycled Paper (Box),2,45.0,0.05,85.5,57.5,SwiftFreight,1,On-Time,0,0
ORD-12285,2024-03-29,CUST-1048,Corporate,South,PRD-506,Electronics,SoundPulse Wireless Headphone,1,150.0,0.0,150.0,100.0,ExpressLogistics,1,On-Time,0,0
ORD-12286,2024-03-29,CUST-1254,Corporate,South,PRD-910,Furniture,LumbarComfort Mesh Chair,1,220.0,0.0,220.0,155.0,SwiftFreight,2,On-Time,0,0
ORD-12287,2024-03-29,CUST-1048,Small Business,South,PRD-925,Office Supplies,Premium Recycled Paper (Box),2,45.0,0.0,90.0,62.0,SwiftFreight,1,On-Time,0,0
ORD-12288,2024-03-29,CUST-1462,Small Business,South,PRD-156,Electronics,Apex Gaming Laptop,1,1200.0,0.05,1140.0,840.0,SwiftFreight,0,On-Time,0,0
ORD-12289,2024-03-29,CUST-1140,Corporate,South,PRD-506,Electronics,SoundPulse Wireless Headphone,2,150.0,0.0,300.0,200.0,ApexGlobal,0,On-Time,0,0
ORD-12290,2024-03-29,CUST-1075,Consumer,East,PRD-156,Electronics,Apex Gaming Laptop,3,1200.0,0.05,3420.0,2520.0,ApexGlobal,1,On-Time,0,0
ORD-12291,2024-03-29,CUST-1093,Corporate,East,PRD-787,Furniture,ErgoPro Executive Desk,1,450.0,0.0,450.0,330.0,ApexGlobal,1,On-Time,0,0
ORD-12292,2024-03-29,CUST-1343,Small Business,East,PRD-080,Office Supplies,Gel Ink Pen Multi-Pack,2,18.0,0.1,32.4,20.4,StandardMail,0,On-Time,0,0
ORD-12293,2024-03-29,CUST-1065,Small Business,East,PRD-910,Furniture,LumbarComfort Mesh Chair,1,220.0,0.15,187.0,122.0,SwiftFreight,1,On-Time,0,0
ORD-12294,2024-03-29,CUST-1130,Corporate,East,PRD-506,Electronics,SoundPulse Wireless Headphone,1,150.0,0.1,135.0,85.0,StandardMail,1,On-Time,0,0
ORD-12295,2024-03-29,CUST-1293,Consumer,East,PRD-080,Office Supplies,Gel Ink Pen Multi-Pack,2,18.0,0.1,32.4,20.4,SwiftFreight,2,On-Time,0,0
ORD-12296,2024-03-29,CUST-1160,Consumer,West,PRD-925,Office Supplies,Premium Recycled Paper (Box),1,45.0,0.15,38.25,24.25,StandardMail,1,On-Time,0,0
ORD-12297,2024-03-29,CUST-1027,Corporate,West,PRD-080,Office Supplies,Gel Ink Pen Multi-Pack,2,18.0,0.1,32.4,20.4,ApexGlobal,2,On-Time,0,0
ORD-12298,2024-03-29,CUST-1005,Small Business,West,PRD-025,Electronics,SmartSync Fitness Tracker,1,90.0,0.15,76.5,41.5,SwiftFreight,1,On-Time,0,0
ORD-12299,2024-03-29,CUST-1298,Small Business,West,PRD-910,Furniture,LumbarComfort Mesh Chair,3,220.0,0.0,660.0,465.0,StandardMail,1,On-Time,0,0
ORD-12300,2024-03-29,CUST-1257,Consumer,West,PRD-044,Electronics,UltraVision 4K Monitor,1,400.0,0.15,340.0,230.0,ApexGlobal,1,On-Time,0,0
ORD-12301,2024-03-29,CUST-1213,Small Business,West,PRD-080,Office Supplies,Gel Ink Pen Multi-Pack,1,18.0,0.1,16.2,10.2,StandardMail,1,On-Time,0,0
ORD-12302,2024-03-29,CUST-1246,Consumer,West,PRD-506,Electronics,SoundPulse Wireless Headphone,1,150.0,0.1,135.0,85.0,StandardMail,1,On-Time,0,0
ORD-12303,2024-03-29,CUST-1148,Consumer,West,PRD-787,Furniture,ErgoPro Executive Desk,2,450.0,0.0,900.0,660.0,SwiftFreight,1,On-Time,0,0
ORD-12304,2024-03-30,CUST-1224,Small Business,North,PRD-910,Furniture,LumbarComfort Mesh Chair,2,220.0,0.05,418.0,288.0,ApexGlobal,2,On-Time,0,0
ORD-12305,2024-03-30,CUST-1442,Consumer,North,PRD-044,Electronics,UltraVision 4K Monitor,1,400.0,0.0,400.0,290.0,ApexGlobal,1,On-Time,0,0
ORD-12306,2024-03-30,CUST-1174,Consumer,North,PRD-904,Furniture,Nordic Solid Oak Bookshelf,3,310.0,0.1,837.0,582.0,SwiftFreight,0,On-Time,0,0
ORD-12307,2024-03-30,CUST-1243,Small Business,North,PRD-025,Electronics,SmartSync Fitness Tracker,1,90.0,0.1,81.0,46.0,SwiftFreight,1,On-Time,0,0
ORD-12308,2024-03-30,CUST-1418,Small Business,North,PRD-156,Electronics,Apex Gaming Laptop,3,1200.0,0.1,3240.0,2340.0,ExpressLogistics,1,On-Time,0,0
ORD-12309,2024-03-30,CUST-1349,Small Business,North,PRD-925,Office Supplies,Premium Recycled Paper (Box),1,45.0,0.15,38.25,24.25,ApexGlobal,1,On-Time,0,0
ORD-12310,2024-03-30,CUST-1113,Corporate,North,PRD-506,Electronics,SoundPulse Wireless Headphone,1,150.0,0.0,150.0,100.0,StandardMail,1,On-Time,0,0
ORD-12311,2024-03-30,CUST-1335,Corporate,North,PRD-044,Electronics,UltraVision 4K Monitor,1,400.0,0.15,340.0,230.0,ExpressLogistics,2,On-Time,0,0
ORD-12312,2024-03-30,CUST-1422,Consumer,South,PRD-787,Furniture,ErgoPro Executive Desk,1,450.0,0.1,405.0,285.0,StandardMail,2,On-Time,0,0
ORD-12313,2024-03-30,CUST-1095,Consumer,South,PRD-367,Office Supplies,HeavyDuty Metal Stapler,2,25.0,0.1,45.0,25.0,ExpressLogistics,0,On-Time,0,0
ORD-12314,2024-03-30,CUST-1024,Small Business,South,PRD-367,Office Supplies,HeavyDuty Metal Stapler,2,25.0,0.15,42.5,22.5,ApexGlobal,2,On-Time,0,0
ORD-12315,2024-03-30,CUST-1108,,South,PRD-787,Furniture,ErgoPro Executive Desk,3,450.0,0.0,1350.0,990.0,ApexGlobal,0,On-Time,0,0
ORD-12316,2024-03-30,CUST-1136,,South,PRD-156,Electronics,Apex Gaming Laptop,3,1200.0,0.15,3060.0,2160.0,ExpressLogistics,1,On-Time,0,0
ORD-12317,2024-03-30,CUST-1072,Corporate,South,PRD-925,Office Supplies,Premium Recycled Paper (Box),3,45.0,0.1,121.5,79.5,ApexGlobal,2,On-Time,0,0
ORD-12318,2024-03-30,CUST-1351,Corporate,South,PRD-787,Furniture,ErgoPro Executive Desk,3,450.0,0.1,1215.0,855.0,StandardMail,1,On-Time,0,0
ORD-12319,2024-03-30,CUST-1174,Small Business,South,PRD-025,Electronics,SmartSync Fitness Tracker,2,90.0,0.1,162.0,92.0,StandardMail,1,On-Time,0,0
ORD-12320,2024-03-30,CUST-1373,Corporate,East,PRD-367,Office Supplies,HeavyDuty Metal Stapler,3,25.0,0.1,67.5,37.5,ExpressLogistics,1,On-Time,0,0
ORD-12321,2024-03-30,CUST-1146,Consumer,East,PRD-156,Electronics,Apex Gaming Laptop,1,1200.0,0.0,1200.0,900.0,SwiftFreight,2,On-Time,0,0
ORD-12322,2024-03-30,CUST-1362,Consumer,East,PRD-904,Furniture,Nordic Solid Oak Bookshelf,2,310.0,0.15,527.0,357.0,SwiftFreight,2,On-Time,0,0
ORD-12323,2024-03-30,CUST-1012,Consumer,East,PRD-506,Electronics,SoundPulse Wireless Headphone,2,150.0,0.1,270.0,170.0,ExpressLogistics,1,On-Time,0,0
ORD-12324,2024-03-30,CUST-1255,Small Business,East,PRD-044,Electronics,UltraVision 4K Monitor,2,400.0,0.0,800.0,580.0,ExpressLogistics,2,On-Time,0,0
ORD-12325,2024-03-30,CUST-1445,Consumer,West,PRD-787,Furniture,ErgoPro Executive Desk,1,450.0,0.1,405.0,285.0,ApexGlobal,0,On-Time,0,0
ORD-12326,2024-03-30,CUST-1493,Small Business,West,PRD-925,Office Supplies,Premium Recycled Paper (Box),3,45.0,0.1,121.5,79.5,SwiftFreight,1,On-Time,0,0
ORD-12327,2024-03-30,CUST-1310,Consumer,West,PRD-925,Office Supplies,Premium Recycled Paper (Box),1,45.0,0.0,45.0,31.0,SwiftFreight,0,On-Time,0,0
ORD-12328,2024-03-30,CUST-1064,Corporate,West,PRD-025,Electronics,SmartSync Fitness Tracker,1,90.0,0.15,76.5,41.5,ExpressLogistics,1,On-Time,0,0
ORD-12329,2024-03-30,CUST-1411,Small Business,West,PRD-367,Office Supplies,HeavyDuty Metal Stapler,1,25.0,0.15,21.25,11.25,StandardMail,1,On-Time,0,0
ORD-12330,2024-03-30,CUST-1202,Corporate,West,PRD-904,Furniture,Nordic Solid Oak Bookshelf,1,310.0,0.15,263.5,178.5,SwiftFreight,2,On-Time,0,0
ORD-12331,2024-03-30,CUST-1386,Consumer,West,PRD-910,Furniture,LumbarComfort Mesh Chair,2,220.0,0.0,440.0,310.0,ApexGlobal,1,On-Time,0,0
ORD-12332,2024-03-31,CUST-1145,Small Business,North,PRD-506,Electronics,SoundPulse Wireless Headphone,1,150.0,0.0,150.0,100.0,ExpressLogistics,1,On-Time,0,0
ORD-12333,2024-03-31,CUST-1139,Corporate,North,PRD-506,Electronics,SoundPulse Wireless Headphone,3,150.0,0.0,450.0,300.0,SwiftFreight,0,On-Time,0,0
ORD-12334,2024-03-31,CUST-1392,Corporate,North,PRD-787,Furniture,ErgoPro Executive Desk,2,450.0,0.15,765.0,525.0,ExpressLogistics,0,On-Time,0,0
ORD-12335,2024-03-31,CUST-1365,Corporate,North,PRD-044,Electronics,UltraVision 4K Monitor,3,400.0,0.1,1080.0,750.0,StandardMail,2,On-Time,0,0
ORD-12336,2024-03-31,CUST-1026,Small Business,North,PRD-156,Electronics,Apex Gaming Laptop,2,1200.0,0.05,2280.0,1680.0,SwiftFreight,2,On-Time,0,0
ORD-12337,2024-03-31,CUST-1351,Corporate,North,PRD-910,Furniture,LumbarComfort Mesh Chair,2,220.0,0.05,418.0,288.0,StandardMail,1,On-Time,0,0
ORD-12338,2024-03-31,CUST-1392,Consumer,North,PRD-044,Electronics,UltraVision 4K Monitor,3,400.0,0.15,1020.0,690.0,SwiftFreight,1,On-Time,0,0
ORD-12339,2024-03-31,CUST-1031,Small Business,South,PRD-904,Furniture,Nordic Solid Oak Bookshelf,2,310.0,0.0,620.0,450.0,SwiftFreight,2,On-Time,0,0
ORD-12340,2024-03-31,CUST-1219,Corporate,South,PRD-156,Electronics,Apex Gaming Laptop,2,1200.0,0.05,0.0,-120.0,ExpressLogistics,9,Cancelled,0,1
ORD-12341,2024-03-31,CUST-1051,Corporate,South,PRD-044,Electronics,UltraVision 4K Monitor,1,400.0,0.0,400.0,290.0,StandardMail,7,Delayed,0,0
ORD-12342,2024-03-31,CUST-1067,Small Business,South,PRD-925,Office Supplies,Premium Recycled Paper (Box),3,45.0,0.1,121.5,79.5,ApexGlobal,5,Delayed,0,0
ORD-12343,2024-03-31,CUST-1355,Consumer,South,PRD-367,Office Supplies,HeavyDuty Metal Stapler,2,25.0,0.1,45.0,25.0,StandardMail,3,Normal,0,0
ORD-12344,2024-03-31,CUST-1031,Consumer,South,PRD-025,Electronics,SmartSync Fitness Tracker,2,90.0,0.15,153.0,83.0,ApexGlobal,7,Delayed,0,0
ORD-12345,2024-03-31,CUST-1346,Consumer,East,PRD-910,Furniture,LumbarComfort Mesh Chair,1,220.0,0.1,198.0,133.0,ExpressLogistics,0,On-Time,0,0
ORD-12346,2024-03-31,CUST-1035,Consumer,East,PRD-925,Office Supplies,Premium Recycled Paper (Box),2,45.0,0.15,76.5,48.5,SwiftFreight,0,On-Time,0,0
ORD-12347,2024-03-31,CUST-1166,Corporate,East,PRD-025,Electronics,SmartSync Fitness Tracker,2,90.0,0.05,171.0,101.0,ApexGlobal,2,On-Time,0,0
ORD-12348,2024-03-31,CUST-1341,Small Business,East,PRD-925,Office Supplies,Premium Recycled Paper (Box),2,45.0,0.15,76.5,48.5,ExpressLogistics,1,On-Time,0,0
ORD-12349,2024-03-31,CUST-1311,Small Business,East,PRD-506,Electronics,SoundPulse Wireless Headphone,2,150.0,0.0,300.0,200.0,SwiftFreight,0,On-Time,0,0
ORD-12350,2024-03-31,CUST-1243,Consumer,East,PRD-156,Electronics,Apex Gaming Laptop,1,1200.0,0.1,1080.0,780.0,SwiftFreight,2,On-Time,0,0
ORD-12351,2024-03-31,CUST-1168,Consumer,East,PRD-367,Office Supplies,HeavyDuty Metal Stapler,3,25.0,0.1,67.5,37.5,SwiftFreight,1,On-Time,0,0
ORD-12352,2024-03-31,CUST-1027,Small Business,West,PRD-080,Office Supplies,Gel Ink Pen Multi-Pack,2,18.0,0.15,30.6,18.6,StandardMail,0,On-Time,0,0
ORD-12353,2024-03-31,CUST-1146,Corporate,West,PRD-506,Electronics,SoundPulse Wireless Headphone,1,150.0,0.1,135.0,85.0,StandardMail,1,On-Time,0,0
ORD-12354,2024-03-31,CUST-1307,Consumer,West,PRD-506,Electronics,SoundPulse Wireless Headphone,3,150.0,0.1,405.0,255.0,ApexGlobal,2,On-Time,0,0
ORD-12355,2024-03-31,CUST-1217,Small Business,West,PRD-925,Office Supplies,Premium Recycled Paper (Box),2,45.0,0.0,90.0,62.0,ExpressLogistics,1,On-Time,0,0
ORD-12356,2024-03-31,CUST-1204,Consumer,West,PRD-080,Office Supplies,Gel Ink Pen Multi-Pack,3,18.0,0.15,0.0,-3.6,ApexGlobal,1,Cancelled,0,1
ORD-12357,2024-03-31,CUST-1247,Small Business,West,PRD-506,Electronics,SoundPulse Wireless Headphone,2,150.0,0.1,270.0,170.0,ExpressLogistics,1,On-Time,0,0
ORD-12358,2024-04-01,CUST-1080,Consumer,North,PRD-044,Electronics,UltraVision 4K Monitor,3,400.0,0.15,1020.0,690.0,SwiftFreight,1,On-Time,1,0
ORD-12359,2024-04-01,CUST-1338,Consumer,North,PRD-925,Office Supplies,Premium Recycled Paper (Box),3,45.0,0.15,114.75,72.75,ApexGlobal,0,On-Time,0,0
ORD-12360,2024-04-01,CUST-1058,Consumer,North,PRD-044,Electronics,UltraVision 4K Monitor,1,400.0,0.0,400.0,290.0,SwiftFreight,1,On-Time,0,0
ORD-12361,2024-04-01,CUST-1464,Small Business,North,PRD-044,Electronics,UltraVision 4K Monitor,2,400.0,0.15,680.0,460.0,,0,On-Time,0,0
ORD-12362,2024-04-01,CUST-1315,Corporate,North,PRD-025,Electronics,SmartSync Fitness Tracker,2,90.0,0.0,180.0,110.0,ExpressLogistics,1,On-Time,0,0
ORD-12363,2024-04-01,CUST-1013,Consumer,South,PRD-080,Office Supplies,Gel Ink Pen Multi-Pack,3,18.0,0.1,48.6,30.6,SwiftFreight,4,Normal,0,0
ORD-12364,2024-04-01,CUST-1463,Small Business,South,PRD-367,Office Supplies,HeavyDuty Metal Stapler,2,25.0,0.05,0.0,-4.0,ExpressLogistics,4,Cancelled,0,1
ORD-12365,2024-04-01,CUST-1205,Consumer,South,PRD-904,Furniture,Nordic Solid Oak Bookshelf,1,310.0,0.1,279.0,194.0,StandardMail,2,On-Time,0,0
ORD-12366,2024-04-01,CUST-1289,Corporate,South,PRD-925,Office Supplies,Premium Recycled Paper (Box),1,45.0,0.1,40.5,26.5,StandardMail,2,On-Time,0,0
ORD-12367,2024-04-01,CUST-1379,Corporate,South,PRD-910,Furniture,LumbarComfort Mesh Chair,3,220.0,0.0,660.0,465.0,ApexGlobal,5,Delayed,0,0
ORD-12368,2024-04-01,CUST-1012,Corporate,East,PRD-925,Office Supplies,Premium Recycled Paper (Box),2,45.0,0.15,76.5,48.5,ExpressLogistics,1,On-Time,0,0
ORD-12369,2024-04-01,CUST-1103,Corporate,East,PRD-080,Office Supplies,Gel Ink Pen Multi-Pack,3,18.0,0.0,54.0,36.0,,1,On-Time,1,0
ORD-12370,2024-04-01,CUST-1367,Corporate,East,PRD-506,Electronics,SoundPulse Wireless Headphone,1,150.0,0.1,135.0,85.0,StandardMail,0,On-Time,0,0
ORD-12371,2024-04-01,CUST-1243,Consumer,East,PRD-025,Electronics,SmartSync Fitness Tracker,1,90.0,0.1,81.0,46.0,SwiftFreight,1,On-Time,0,0
ORD-12372,2024-04-01,CUST-1281,Small Business,East,PRD-506,Electronics,SoundPulse Wireless Headphone,1,150.0,0.15,127.5,77.5,ExpressLogistics,1,On-Time,0,0
ORD-12373,2024-04-01,CUST-1436,Corporate,West,PRD-080,Office Supplies,Gel Ink Pen Multi-Pack,1,18.0,0.15,15.3,9.3,SwiftFreight,0,On-Time,0,0
ORD-12374,2024-04-01,CUST-1146,Corporate,West,PRD-925,Office Supplies,Premium Recycled Paper (Box),3,45.0,0.1,121.5,79.5,StandardMail,0,On-Time,0,0
ORD-12375,2024-04-01,CUST-1223,Small Business,West,PRD-910,Furniture,LumbarComfort Mesh Chair,1,220.0,0.1,198.0,133.0,SwiftFreight,1,On-Time,0,0
ORD-12376,2024-04-01,CUST-1286,Consumer,West,PRD-080,Office Supplies,Gel Ink Pen Multi-Pack,3,18.0,0.1,48.6,30.6,ExpressLogistics,2,On-Time,0,0
ORD-12377,2024-04-01,CUST-1094,Corporate,West,PRD-904,Furniture,Nordic Solid Oak Bookshelf,2,310.0,0.1,558.0,388.0,ApexGlobal,0,On-Time,0,0
ORD-12378,2024-04-02,CUST-1202,Consumer,North,PRD-025,Electronics,SmartSync Fitness Tracker,1,90.0,0.05,85.5,50.5,StandardMail,2,On-Time,0,0
ORD-12379,2024-04-02,CUST-1457,Small Business,North,PRD-044,Electronics,UltraVision 4K Monitor,2,400.0,0.05,760.0,540.0,ApexGlobal,2,On-Time,0,0
ORD-12380,2024-04-02,CUST-1063,,North,PRD-787,Furniture,ErgoPro Executive Desk,1,450.0,0.1,405.0,285.0,ExpressLogistics,2,On-Time,0,0
ORD-12381,2024-04-02,CUST-1181,Corporate,North,PRD-506,Electronics,SoundPulse Wireless Headphone,3,150.0,0.1,405.0,255.0,ExpressLogistics,2,On-Time,1,0
ORD-12382,2024-04-02,CUST-1405,Consumer,North,PRD-910,Furniture,LumbarComfort Mesh Chair,2,220.0,0.0,440.0,310.0,StandardMail,2,On-Time,0,0
ORD-12383,2024-04-02,CUST-1246,Corporate,North,PRD-367,Office Supplies,HeavyDuty Metal Stapler,2,25.0,0.0,50.0,30.0,ApexGlobal,0,On-Time,0,0
ORD-12384,2024-04-02,CUST-1335,Consumer,North,PRD-910,Furniture,LumbarComfort Mesh Chair,2,220.0,0.05,418.0,288.0,ExpressLogistics,2,On-Time,0,0
ORD-12385,2024-04-02,CUST-1277,Small Business,South,PRD-787,Furniture,ErgoPro Executive Desk,1,450.0,0.05,427.5,307.5,StandardMail,4,Normal,1,0
ORD-12386,2024-04-02,CUST-1481,Small Business,South,PRD-044,Electronics,UltraVision 4K Monitor,2,400.0,0.05,0.0,-44.0,ExpressLogistics,8,Cancelled,1,1
ORD-12387,2024-04-02,CUST-1300,Corporate,South,PRD-787,Furniture,ErgoPro Executive Desk,1,450.0,0.15,0.0,-24.0,StandardMail,4,Cancelled,0,1
ORD-12388,2024-04-02,CUST-1262,Corporate,South,PRD-044,Electronics,UltraVision 4K Monitor,2,400.0,0.1,720.0,500.0,,7,Delayed,0,0
ORD-12389,2024-04-02,CUST-1196,Consumer,South,PRD-925,Office Supplies,Premium Recycled Paper (Box),2,45.0,0.1,81.0,53.0,SwiftFreight,5,Delayed,0,0
ORD-12390,2024-04-02,CUST-1296,Small Business,East,PRD-044,Electronics,UltraVision 4K Monitor,2,400.0,0.05,760.0,540.0,StandardMail,2,On-Time,0,0
ORD-12391,2024-04-02,CUST-1191,Small Business,East,PRD-044,Electronics,UltraVision 4K Monitor,1,400.0,0.1,360.0,250.0,ExpressLogistics,2,On-Time,0,0
ORD-12392,2024-04-02,CUST-1447,Corporate,East,PRD-080,Office Supplies,Gel Ink Pen Multi-Pack,2,18.0,0.15,30.6,18.6,SwiftFreight,1,On-Time,0,0
ORD-12393,2024-04-02,CUST-1472,Corporate,East,PRD-787,Furniture,ErgoPro Executive Desk,1,450.0,0.05,427.5,307.5,StandardMail,2,On-Time,0,0
ORD-12394,2024-04-02,CUST-1479,Small Business,East,PRD-904,Furniture,Nordic Solid Oak Bookshelf,2,310.0,0.1,558.0,388.0,StandardMail,1,On-Time,0,0
ORD-12395,2024-04-02,CUST-1207,Corporate,West,PRD-910,Furniture,LumbarComfort Mesh Chair,3,220.0,0.15,561.0,366.0,StandardMail,0,On-Time,0,0
ORD-12396,2024-04-02,CUST-1082,Corporate,West,PRD-156,Electronics,Apex Gaming Laptop,1,1200.0,0.15,1020.0,720.0,,1,On-Time,0,0
ORD-12397,2024-04-02,CUST-1131,Consumer,West,PRD-925,Office Supplies,Premium Recycled Paper (Box),1,45.0,0.05,42.75,28.75,ApexGlobal,1,On-Time,0,0
ORD-12398,2024-04-02,CUST-1471,Consumer,West,PRD-080,Office Supplies,Gel Ink Pen Multi-Pack,3,18.0,0.1,48.6,30.6,ExpressLogistics,1,On-Time,0,0
ORD-12399,2024-04-02,CUST-1323,Corporate,West,PRD-025,Electronics,SmartSync Fitness Tracker,1,90.0,0.0,90.0,55.0,StandardMail,1,On-Time,0,0
ORD-12400,2024-04-02,CUST-1240,Small Business,West,PRD-787,Furniture,ErgoPro Executive Desk,2,450.0,0.0,900.0,660.0,ExpressLogistics,2,On-Time,0,0
ORD-12401,2024-04-03,CUST-1402,Corporate,North,PRD-367,Office Supplies,HeavyDuty Metal Stapler,3,25.0,0.1,67.5,37.5,ExpressLogistics,2,On-Time,0,0
ORD-12402,2024-04-03,CUST-1004,Corporate,North,PRD-925,Office Supplies,Premium Recycled Paper (Box),1,45.0,0.1,40.5,26.5,ExpressLogistics,1,On-Time,0,0
ORD-12403,2024-04-03,CUST-1356,Consumer,North,PRD-080,Office Supplies,Gel Ink Pen Multi-Pack,1,18.0,0.0,18.0,12.0,SwiftFreight,0,On-Time,0,0
ORD-12404,2024-04-03,CUST-1427,Small Business,North,PRD-025,Electronics,SmartSync Fitness Tracker,2,90.0,0.05,171.0,101.0,SwiftFreight,1,On-Time,0,0
ORD-12405,2024-04-03,CUST-1427,Small Business,North,PRD-367,Office Supplies,HeavyDuty Metal Stapler,2,25.0,0.1,0.0,-4.0,ApexGlobal,1,Cancelled,0,1
ORD-12406,2024-04-03,CUST-1332,Small Business,South,PRD-025,Electronics,SmartSync Fitness Tracker,1,90.0,0.05,0.0,-7.0,ExpressLogistics,6,Cancelled,1,1
ORD-12407,2024-04-03,CUST-1194,Consumer,South,PRD-506,Electronics,SoundPulse Wireless Headphone,3,150.0,0.0,450.0,300.0,ExpressLogistics,8,Delayed,0,0
ORD-12408,2024-04-03,CUST-1044,Consumer,South,PRD-156,Electronics,Apex Gaming Laptop,2,1200.0,0.15,0.0,-120.0,ExpressLogistics,9,Cancelled,0,1
ORD-12409,2024-04-03,CUST-1445,Small Business,South,PRD-910,Furniture,LumbarComfort Mesh Chair,1,220.0,0.0,220.0,155.0,ExpressLogistics,3,Normal,0,0
ORD-12410,2024-04-03,CUST-1332,Corporate,South,PRD-910,Furniture,LumbarComfort Mesh Chair,3,220.0,0.05,627.0,432.0,SwiftFreight,3,Normal,1,0
ORD-12411,2024-04-03,CUST-1165,Small Business,South,PRD-904,Furniture,Nordic Solid Oak Bookshelf,3,310.0,0.15,790.5,535.5,ExpressLogistics,2,On-Time,1,0
ORD-12412,2024-04-03,CUST-1249,Corporate,East,PRD-156,Electronics,Apex Gaming Laptop,2,1200.0,0.05,2280.0,1680.0,SwiftFreight,0,On-Time,0,0
ORD-12413,2024-04-03,CUST-1333,Small Business,East,PRD-367,Office Supplies,HeavyDuty Metal Stapler,2,25.0,0.05,47.5,27.5,SwiftFreight,2,On-Time,0,0
ORD-12414,2024-04-03,CUST-1249,Corporate,East,PRD-910,Furniture,LumbarComfort Mesh Chair,2,220.0,0.1,396.0,266.0,ExpressLogistics,0,On-Time,0,0
ORD-12415,2024-04-03,CUST-1286,Small Business,East,PRD-910,Furniture,LumbarComfort Mesh Chair,3,220.0,0.1,594.0,399.0,StandardMail,0,On-Time,0,0
ORD-12416,2024-04-03,CUST-1007,Corporate,East,PRD-367,Office Supplies,HeavyDuty Metal Stapler,1,25.0,0.15,21.25,11.25,StandardMail,1,On-Time,0,0
ORD-12417,2024-04-03,CUST-1262,Corporate,East,PRD-156,Electronics,Apex Gaming Laptop,3,1200.0,0.1,3240.0,2340.0,StandardMail,1,On-Time,0,0
ORD-12418,2024-04-03,CUST-1091,Consumer,West,PRD-925,Office Supplies,Premium Recycled Paper (Box),1,45.0,0.0,45.0,31.0,ApexGlobal,2,On-Time,0,0
ORD-12419,2024-04-03,CUST-1158,Consumer,West,PRD-080,Office Supplies,Gel Ink Pen Multi-Pack,3,18.0,0.15,45.9,27.9,ExpressLogistics,1,On-Time,0,0
ORD-12420,2024-04-03,CUST-1152,Corporate,West,PRD-025,Electronics,SmartSync Fitness Tracker,3,90.0,0.15,229.5,124.5,ApexGlobal,1,On-Time,0,0
ORD-12421,2024-04-03,CUST-1177,Consumer,West,PRD-044,Electronics,UltraVision 4K Monitor,1,400.0,0.05,380.0,270.0,ApexGlobal,1,On-Time,0,0
ORD-12422,2024-04-03,CUST-1351,Small Business,West,PRD-925,Office Supplies,Premium Recycled Paper (Box),2,45.0,0.0,90.0,62.0,SwiftFreight,1,On-Time,0,0
ORD-12423,2024-04-04,CUST-1478,Small Business,North,PRD-044,Electronics,UltraVision 4K Monitor,1,400.0,0.1,360.0,250.0,StandardMail,0,On-Time,0,0
ORD-12424,2024-04-04,CUST-1056,Small Business,North,PRD-044,Electronics,UltraVision 4K Monitor,1,400.0,0.1,0.0,-22.0,StandardMail,0,Cancelled,0,1
ORD-12425,2024-04-04,CUST-1062,Consumer,North,PRD-925,Office Supplies,Premium Recycled Paper (Box),1,45.0,0.15,38.25,24.25,StandardMail,2,On-Time,0,0
ORD-12426,2024-04-04,CUST-1171,Small Business,North,PRD-367,Office Supplies,HeavyDuty Metal Stapler,3,25.0,0.1,67.5,37.5,SwiftFreight,1,On-Time,0,0
ORD-12427,2024-04-04,CUST-1318,Small Business,North,PRD-904,Furniture,Nordic Solid Oak Bookshelf,1,310.0,0.1,279.0,194.0,StandardMail,0,On-Time,0,0
ORD-12428,2024-04-04,CUST-1320,Consumer,North,PRD-156,Electronics,Apex Gaming Laptop,2,1200.0,0.05,2280.0,1680.0,SwiftFreight,2,On-Time,0,0
ORD-12429,2024-04-04,CUST-1017,Consumer,North,PRD-367,Office Supplies,HeavyDuty Metal Stapler,1,25.0,0.15,21.25,11.25,StandardMail,1,On-Time,0,0
ORD-12430,2024-04-04,CUST-1381,Corporate,South,PRD-506,Electronics,SoundPulse Wireless Headphone,1,150.0,0.0,150.0,100.0,SwiftFreight,9,Delayed,1,0
ORD-12431,2024-04-04,CUST-1277,Small Business,South,PRD-910,Furniture,LumbarComfort Mesh Chair,3,220.0,0.0,660.0,465.0,ExpressLogistics,4,Normal,0,0
ORD-12432,2024-04-04,CUST-1287,Small Business,South,PRD-787,Furniture,ErgoPro Executive Desk,1,450.0,0.0,450.0,330.0,ExpressLogistics,4,Normal,0,0
ORD-12433,2024-04-04,CUST-1264,Corporate,South,PRD-904,Furniture,Nordic Solid Oak Bookshelf,3,310.0,0.0,930.0,675.0,SwiftFreight,5,Delayed,0,0
ORD-12434,2024-04-04,CUST-1258,Corporate,East,PRD-025,Electronics,SmartSync Fitness Tracker,2,90.0,0.15,153.0,83.0,SwiftFreight,0,On-Time,0,0
ORD-12435,2024-04-04,CUST-1240,Small Business,East,PRD-080,Office Supplies,Gel Ink Pen Multi-Pack,1,18.0,0.05,17.1,11.1,,2,On-Time,0,0
ORD-12436,2024-04-04,CUST-1270,Corporate,East,PRD-910,Furniture,LumbarComfort Mesh Chair,3,220.0,0.1,594.0,399.0,SwiftFreight,2,On-Time,0,0
ORD-12437,2024-04-04,CUST-1068,Consumer,East,PRD-367,Office Supplies,HeavyDuty Metal Stapler,2,25.0,0.15,42.5,22.5,SwiftFreight,1,On-Time,0,0
ORD-12438,2024-04-04,CUST-1458,Consumer,East,PRD-367,Office Supplies,HeavyDuty Metal Stapler,3,25.0,0.0,75.0,45.0,SwiftFreight,1,On-Time,1,0
ORD-12439,2024-04-04,CUST-1431,Consumer,East,PRD-156,Electronics,Apex Gaming Laptop,3,1200.0,0.1,3240.0,2340.0,StandardMail,2,On-Time,0,0
ORD-12440,2024-04-04,CUST-1351,Small Business,East,PRD-367,Office Supplies,HeavyDuty Metal Stapler,1,25.0,0.1,22.5,12.5,SwiftFreight,0,On-Time,0,0
ORD-12441,2024-04-04,CUST-1366,Small Business,East,PRD-080,Office Supplies,Gel Ink Pen Multi-Pack,3,18.0,0.15,45.9,27.9,SwiftFreight,1,On-Time,0,0
ORD-12442,2024-04-04,CUST-1448,Consumer,West,PRD-925,Office Supplies,Premium Recycled Paper (Box),2,45.0,0.1,81.0,53.0,ApexGlobal,1,On-Time,0,0
ORD-12443,2024-04-04,CUST-1289,Small Business,West,PRD-367,Office Supplies,HeavyDuty Metal Stapler,3,25.0,0.0,75.0,45.0,StandardMail,2,On-Time,0,0
ORD-12444,2024-04-04,CUST-1257,Corporate,West,PRD-925,Office Supplies,Premium Recycled Paper (Box),2,45.0,0.0,90.0,62.0,ExpressLogistics,0,On-Time,0,0
ORD-12445,2024-04-04,CUST-1009,Consumer,West,PRD-925,Office Supplies,Premium Recycled Paper (Box),3,45.0,0.0,135.0,93.0,ExpressLogistics,1,On-Time,1,0
ORD-12446,2024-04-04,CUST-1033,Corporate,West,PRD-156,Electronics,Apex Gaming Laptop,1,1200.0,0.1,1080.0,780.0,ExpressLogistics,1,On-Time,0,0
ORD-12447,2024-04-05,CUST-1104,Consumer,North,PRD-910,Furniture,LumbarComfort Mesh Chair,1,220.0,0.15,187.0,122.0,ApexGlobal,1,On-Time,0,0
ORD-12448,2024-04-05,CUST-1479,Consumer,North,PRD-044,Electronics,UltraVision 4K Monitor,3,400.0,0.0,1200.0,870.0,SwiftFreight,1,On-Time,0,0
ORD-12449,2024-04-05,CUST-1241,Small Business,North,PRD-080,Office Supplies,Gel Ink Pen Multi-Pack,1,18.0,0.1,16.2,10.2,StandardMail,2,On-Time,1,0
ORD-12450,2024-04-05,CUST-1101,Small Business,North,PRD-156,Electronics,Apex Gaming Laptop,2,1200.0,0.15,2040.0,1440.0,ApexGlobal,1,On-Time,0,0
ORD-12451,2024-04-05,CUST-1050,Small Business,North,PRD-156,Electronics,Apex Gaming Laptop,3,1200.0,0.1,3240.0,2340.0,StandardMail,1,On-Time,0,0
ORD-12452,2024-04-05,CUST-1243,Corporate,North,PRD-044,Electronics,UltraVision 4K Monitor,1,400.0,0.0,400.0,290.0,SwiftFreight,1,On-Time,0,0
ORD-12453,2024-04-05,CUST-1380,Consumer,North,PRD-080,Office Supplies,Gel Ink Pen Multi-Pack,1,18.0,0.1,16.2,10.2,ExpressLogistics,2,On-Time,0,0
ORD-12454,2024-04-05,CUST-1057,Consumer,South,PRD-787,Furniture,ErgoPro Executive Desk,2,450.0,0.0,900.0,660.0,ApexGlobal,3,Normal,1,0
ORD-12455,2024-04-05,CUST-1475,Consumer,South,PRD-904,Furniture,Nordic Solid Oak Bookshelf,2,310.0,0.0,620.0,450.0,StandardMail,3,Normal,0,0
ORD-12456,2024-04-05,CUST-1260,Consumer,South,PRD-904,Furniture,Nordic Solid Oak Bookshelf,2,310.0,0.0,0.0,-34.0,ExpressLogistics,4,Cancelled,0,1
ORD-12457,2024-04-05,CUST-1411,Consumer,South,PRD-904,Furniture,Nordic Solid Oak Bookshelf,2,310.0,0.05,589.0,419.0,ApexGlobal,3,Normal,0,0
ORD-12458,2024-04-05,CUST-1175,Corporate,East,PRD-910,Furniture,LumbarComfort Mesh Chair,1,220.0,0.05,209.0,144.0,ExpressLogistics,1,On-Time,0,0
ORD-12459,2024-04-05,CUST-1258,Consumer,East,PRD-506,Electronics,SoundPulse Wireless Headphone,1,150.0,0.15,127.5,77.5,ExpressLogistics,0,On-Time,0,0
ORD-12460,2024-04-05,CUST-1054,Small Business,East,PRD-787,Furniture,ErgoPro Executive Desk,2,450.0,0.15,765.0,525.0,StandardMail,1,On-Time,0,0
ORD-12461,2024-04-05,CUST-1101,Small Business,East,PRD-025,Electronics,SmartSync Fitness Tracker,1,90.0,0.15,76.5,41.5,SwiftFreight,0,On-Time,0,0
ORD-12462,2024-04-05,CUST-1028,Consumer,East,PRD-787,Furniture,ErgoPro Executive Desk,3,450.0,0.1,1215.0,855.0,ApexGlobal,2,On-Time,0,0
ORD-12463,2024-04-05,CUST-1478,Consumer,West,PRD-910,Furniture,LumbarComfort Mesh Chair,3,220.0,0.0,660.0,465.0,SwiftFreight,2,On-Time,1,0
ORD-12464,2024-04-05,CUST-1136,Consumer,West,PRD-156,Electronics,Apex Gaming Laptop,3,1200.0,0.05,3420.0,2520.0,StandardMail,1,On-Time,0,0
ORD-12465,2024-04-05,CUST-1037,Small Business,West,PRD-080,Office Supplies,Gel Ink Pen Multi-Pack,3,18.0,0.0,54.0,36.0,ExpressLogistics,1,On-Time,0,0
ORD-12466,2024-04-05,CUST-1202,Small Business,West,PRD-156,Electronics,Apex Gaming Laptop,3,1200.0,0.0,3600.0,2700.0,ExpressLogistics,1,On-Time,0,0
ORD-12467,2024-04-05,CUST-1294,Consumer,West,PRD-787,Furniture,ErgoPro Executive Desk,3,450.0,0.1,1215.0,855.0,ExpressLogistics,1,On-Time,0,0
ORD-12468,2024-04-06,CUST-1068,Corporate,North,PRD-904,Furniture,Nordic Solid Oak Bookshelf,2,310.0,0.05,589.0,419.0,ApexGlobal,2,On-Time,0,0
ORD-12469,2024-04-06,CUST-1491,Consumer,North,PRD-925,Office Supplies,Premium Recycled Paper (Box),3,45.0,0.15,114.75,72.75,ExpressLogistics,2,On-Time,0,0
ORD-12470,2024-04-06,CUST-1077,Small Business,North,PRD-156,Electronics,Apex Gaming Laptop,1,1200.0,0.1,1080.0,780.0,,1,On-Time,0,0
ORD-12471,2024-04-06,CUST-1238,Corporate,North,PRD-080,Office Supplies,Gel Ink Pen Multi-Pack,1,18.0,0.1,16.2,10.2,SwiftFreight,1,On-Time,0,0
ORD-12472,2024-04-06,CUST-1044,Corporate,North,PRD-925,Office Supplies,Premium Recycled Paper (Box),1,45.0,0.1,40.5,26.5,ApexGlobal,0,On-Time,0,0
ORD-12473,2024-04-06,CUST-1482,Small Business,North,PRD-044,Electronics,UltraVision 4K Monitor,3,400.0,0.1,1080.0,750.0,ExpressLogistics,0,On-Time,0,0
ORD-12474,2024-04-06,CUST-1293,Consumer,North,PRD-910,Furniture,LumbarComfort Mesh Chair,1,220.0,0.15,187.0,122.0,ApexGlobal,2,On-Time,0,0
ORD-12475,2024-04-06,CUST-1422,Consumer,North,PRD-506,Electronics,SoundPulse Wireless Headphone,2,150.0,0.05,285.0,185.0,ApexGlobal,1,On-Time,0,0
ORD-12476,2024-04-06,CUST-1231,Small Business,South,PRD-367,Office Supplies,HeavyDuty Metal Stapler,1,25.0,0.0,25.0,15.0,ApexGlobal,4,Normal,1,0
ORD-12477,2024-04-06,CUST-1064,Small Business,South,PRD-156,Electronics,Apex Gaming Laptop,2,1200.0,0.05,0.0,-120.0,StandardMail,5,Cancelled,1,1
ORD-12478,2024-04-06,CUST-1489,Small Business,South,PRD-787,Furniture,ErgoPro Executive Desk,1,450.0,0.0,450.0,330.0,StandardMail,2,On-Time,0,0
ORD-12479,2024-04-06,CUST-1145,Consumer,South,PRD-910,Furniture,LumbarComfort Mesh Chair,3,220.0,0.15,561.0,366.0,ApexGlobal,4,Normal,0,0
ORD-12480,2024-04-06,CUST-1191,Consumer,East,PRD-044,Electronics,UltraVision 4K Monitor,1,400.0,0.15,340.0,230.0,StandardMail,1,On-Time,1,0
ORD-12481,2024-04-06,CUST-1242,Consumer,East,PRD-910,Furniture,LumbarComfort Mesh Chair,3,220.0,0.15,561.0,366.0,ExpressLogistics,1,On-Time,0,0
ORD-12482,2024-04-06,CUST-1384,Consumer,East,PRD-025,Electronics,SmartSync Fitness Tracker,2,90.0,0.05,171.0,101.0,StandardMail,1,On-Time,0,0
ORD-12483,2024-04-06,CUST-1352,Small Business,East,PRD-044,Electronics,UltraVision 4K Monitor,1,400.0,0.0,400.0,290.0,ApexGlobal,0,On-Time,0,0
ORD-12484,2024-04-06,CUST-1442,Consumer,East,PRD-925,Office Supplies,Premium Recycled Paper (Box),3,45.0,0.1,121.5,79.5,SwiftFreight,1,On-Time,0,0
ORD-12485,2024-04-06,CUST-1405,Consumer,West,PRD-904,Furniture,Nordic Solid Oak Bookshelf,3,310.0,0.15,790.5,535.5,StandardMail,1,On-Time,0,0
ORD-12486,2024-04-06,CUST-1308,Small Business,West,PRD-367,Office Supplies,HeavyDuty Metal Stapler,1,25.0,0.0,25.0,15.0,StandardMail,1,On-Time,0,0
ORD-12487,2024-04-06,CUST-1304,Small Business,West,PRD-925,Office Supplies,Premium Recycled Paper (Box),3,45.0,0.15,114.75,72.75,StandardMail,2,On-Time,0,0
ORD-12488,2024-04-06,CUST-1414,Small Business,West,PRD-080,Office Supplies,Gel Ink Pen Multi-Pack,3,18.0,0.1,48.6,30.6,SwiftFreight,1,On-Time,0,0
ORD-12489,2024-04-06,CUST-1246,Corporate,West,PRD-904,Furniture,Nordic Solid Oak Bookshelf,2,310.0,0.05,589.0,419.0,SwiftFreight,2,On-Time,0,0
ORD-12490,2024-04-06,CUST-1430,Consumer,West,PRD-904,Furniture,Nordic Solid Oak Bookshelf,2,310.0,0.1,558.0,388.0,ExpressLogistics,1,On-Time,0,0
ORD-12491,2024-04-06,CUST-1116,,West,PRD-925,Office Supplies,Premium Recycled Paper (Box),1,45.0,0.1,40.5,26.5,StandardMail,2,On-Time,0,0
ORD-12492,2024-04-06,CUST-1048,Consumer,West,PRD-925,Office Supplies,Premium Recycled Paper (Box),2,45.0,0.1,81.0,53.0,ApexGlobal,1,On-Time,0,0
ORD-12493,2024-04-07,CUST-1081,Small Business,North,PRD-904,Furniture,Nordic Solid Oak Bookshelf,2,310.0,0.0,620.0,450.0,ExpressLogistics,2,On-Time,0,0
ORD-12494,2024-04-07,CUST-1052,Corporate,North,PRD-080,Office Supplies,Gel Ink Pen Multi-Pack,1,18.0,0.1,16.2,10.2,ApexGlobal,1,On-Time,0,0
ORD-12495,2024-04-07,CUST-1483,Consumer,North,PRD-910,Furniture,LumbarComfort Mesh Chair,2,220.0,0.0,440.0,310.0,StandardMail,1,On-Time,1,0
ORD-12496,2024-04-07,CUST-1094,Consumer,North,PRD-787,Furniture,ErgoPro Executive Desk,1,450.0,0.1,405.0,285.0,StandardMail,1,On-Time,0,0
ORD-12497,2024-04-07,CUST-1243,Small Business,North,PRD-367,Office Supplies,HeavyDuty Metal Stapler,3,25.0,0.15,63.75,33.75,ExpressLogistics,2,On-Time,0,0
ORD-12498,2024-04-07,CUST-1120,Small Business,North,PRD-044,Electronics,UltraVision 4K Monitor,3,400.0,0.1,1080.0,750.0,ExpressLogistics,2,On-Time,0,0
ORD-12499,2024-04-07,CUST-1197,Corporate,North,PRD-044,Electronics,UltraVision 4K Monitor,3,400.0,0.1,1080.0,750.0,,1,On-Time,0,0
ORD-12500,2024-04-07,CUST-1390,Corporate,North,PRD-506,Electronics,SoundPulse Wireless Headphone,1,150.0,0.05,142.5,92.5,SwiftFreight,2,On-Time,0,0
ORD-12501,2024-04-07,CUST-1229,Small Business,South,PRD-367,Office Supplies,HeavyDuty Metal Stapler,2,25.0,0.05,47.5,27.5,ExpressLogistics,3,Normal,0,0
ORD-12502,2024-04-07,CUST-1340,Small Business,South,PRD-506,Electronics,SoundPulse Wireless Headphone,3,150.0,0.15,0.0,-30.0,ApexGlobal,9,Cancelled,0,1
ORD-12503,2024-04-07,CUST-1352,Consumer,South,PRD-080,Office Supplies,Gel Ink Pen Multi-Pack,1,18.0,0.05,17.1,11.1,ExpressLogistics,4,Normal,0,0
ORD-12504,2024-04-07,CUST-1245,Small Business,South,PRD-910,Furniture,LumbarComfort Mesh Chair,3,220.0,0.0,660.0,465.0,ApexGlobal,3,Normal,1,0
ORD-12505,2024-04-07,CUST-1038,Small Business,South,PRD-367,Office Supplies,HeavyDuty Metal Stapler,3,25.0,0.05,71.25,41.25,ApexGlobal,6,Delayed,0,0
ORD-12506,2024-04-07,CUST-1433,Consumer,South,PRD-025,Electronics,SmartSync Fitness Tracker,1,90.0,0.0,0.0,-7.0,ExpressLogistics,6,Cancelled,0,1
ORD-12507,2024-04-07,CUST-1269,Consumer,East,PRD-044,Electronics,UltraVision 4K Monitor,2,400.0,0.1,720.0,500.0,StandardMail,0,On-Time,0,0
ORD-12508,2024-04-07,CUST-1031,Consumer,East,PRD-925,Office Supplies,Premium Recycled Paper (Box),1,45.0,0.1,40.5,26.5,SwiftFreight,1,On-Time,0,0
ORD-12509,2024-04-07,CUST-1116,Consumer,East,PRD-904,Furniture,Nordic Solid Oak Bookshelf,3,310.0,0.1,837.0,582.0,ApexGlobal,2,On-Time,0,0
ORD-12510,2024-04-07,CUST-1115,Corporate,East,PRD-925,Office Supplies,Premium Recycled Paper (Box),3,45.0,0.15,114.75,72.75,ApexGlobal,0,On-Time,0,0
ORD-12511,2024-04-07,CUST-1315,Small Business,East,PRD-506,Electronics,SoundPulse Wireless Headphone,1,150.0,0.1,135.0,85.0,ExpressLogistics,1,On-Time,0,0
ORD-12512,2024-04-07,CUST-1012,Corporate,East,PRD-156,Electronics,Apex Gaming Laptop,1,1200.0,0.0,1200.0,900.0,SwiftFreight,0,On-Time,0,0
ORD-12513,2024-04-07,CUST-1237,Corporate,East,PRD-080,Office Supplies,Gel Ink Pen Multi-Pack,1,18.0,0.1,16.2,10.2,SwiftFreight,0,On-Time,0,0
ORD-12514,2024-04-07,CUST-1393,Corporate,East,PRD-367,Office Supplies,HeavyDuty Metal Stapler,2,25.0,0.05,47.5,27.5,StandardMail,1,On-Time,0,0
ORD-12515,2024-04-07,CUST-1156,Small Business,West,PRD-156,Electronics,Apex Gaming Laptop,3,1200.0,0.05,3420.0,2520.0,StandardMail,1,On-Time,0,0
ORD-12516,2024-04-07,CUST-1401,Small Business,West,PRD-367,Office Supplies,HeavyDuty Metal Stapler,2,25.0,0.0,50.0,30.0,StandardMail,0,On-Time,0,0
ORD-12517,2024-04-07,CUST-1496,Small Business,West,PRD-080,Office Supplies,Gel Ink Pen Multi-Pack,3,18.0,0.15,45.9,27.9,ApexGlobal,1,On-Time,0,0
ORD-12518,2024-04-07,CUST-1185,Corporate,West,PRD-044,Electronics,UltraVision 4K Monitor,2,400.0,0.05,760.0,540.0,ApexGlobal,0,On-Time,0,0
ORD-12519,2024-04-07,CUST-1250,Consumer,West,PRD-787,Furniture,ErgoPro Executive Desk,3,450.0,0.15,1147.5,787.5,ApexGlobal,1,On-Time,0,0
ORD-12520,2024-04-08,CUST-1486,Small Business,North,PRD-506,Electronics,SoundPulse Wireless Headphone,3,150.0,0.15,382.5,232.5,StandardMail,1,On-Time,0,0
ORD-12521,2024-04-08,CUST-1112,Corporate,North,PRD-044,Electronics,UltraVision 4K Monitor,2,400.0,0.0,800.0,580.0,ApexGlobal,2,On-Time,0,0
ORD-12522,2024-04-08,CUST-1014,Small Business,North,PRD-904,Furniture,Nordic Solid Oak Bookshelf,1,310.0,0.05,294.5,209.5,StandardMail,1,On-Time,0,0
ORD-12523,2024-04-08,CUST-1069,Corporate,North,PRD-506,Electronics,SoundPulse Wireless Headphone,1,150.0,0.05,142.5,92.5,StandardMail,1,On-Time,0,0
ORD-12524,2024-04-08,CUST-1241,Small Business,North,PRD-080,Office Supplies,Gel Ink Pen Multi-Pack,3,18.0,0.05,51.3,33.3,ApexGlobal,0,On-Time,0,0
ORD-12525,2024-04-08,CUST-1025,Corporate,North,PRD-910,Furniture,LumbarComfort Mesh Chair,1,220.0,0.0,220.0,155.0,ExpressLogistics,1,On-Time,0,0
ORD-12526,2024-04-08,CUST-1433,Corporate,North,PRD-904,Furniture,Nordic Solid Oak Bookshelf,1,310.0,0.05,294.5,209.5,StandardMail,1,On-Time,0,0
ORD-12527,2024-04-08,CUST-1281,Small Business,South,PRD-506,Electronics,SoundPulse Wireless Headphone,1,150.0,0.15,127.5,77.5,ExpressLogistics,8,Delayed,0,0
ORD-12528,2024-04-08,CUST-1036,Consumer,South,PRD-025,Electronics,SmartSync Fitness Tracker,2,90.0,0.1,0.0,-14.0,StandardMail,4,Cancelled,1,1
ORD-12529,2024-04-08,CUST-1350,Small Business,South,PRD-506,Electronics,SoundPulse Wireless Headphone,2,150.0,0.0,300.0,200.0,StandardMail,4,Normal,0,0
ORD-12530,2024-04-08,CUST-1208,Consumer,South,PRD-367,Office Supplies,HeavyDuty Metal Stapler,3,25.0,0.0,75.0,45.0,SwiftFreight,3,Normal,0,0
ORD-12531,2024-04-08,CUST-1418,Small Business,East,PRD-925,Office Supplies,Premium Recycled Paper (Box),2,45.0,0.15,76.5,48.5,ApexGlobal,1,On-Time,0,0
ORD-12532,2024-04-08,CUST-1494,Consumer,East,PRD-904,Furniture,Nordic Solid Oak Bookshelf,3,310.0,0.05,883.5,628.5,ApexGlobal,1,On-Time,0,0
ORD-12533,2024-04-08,CUST-1291,Consumer,East,PRD-910,Furniture,LumbarComfort Mesh Chair,3,220.0,0.0,660.0,465.0,ExpressLogistics,1,On-Time,0,0
ORD-12534,2024-04-08,CUST-1368,Consumer,East,PRD-925,Office Supplies,Premium Recycled Paper (Box),1,45.0,0.15,38.25,24.25,StandardMail,2,On-Time,0,0
ORD-12535,2024-04-08,CUST-1401,Small Business,East,PRD-904,Furniture,Nordic Solid Oak Bookshelf,2,310.0,0.15,527.0,357.0,ApexGlobal,1,On-Time,0,0
ORD-12536,2024-04-08,CUST-1359,Corporate,East,PRD-367,Office Supplies,HeavyDuty Metal Stapler,1,25.0,0.05,23.75,13.75,ExpressLogistics,1,On-Time,0,0
ORD-12537,2024-04-08,CUST-1483,Consumer,West,PRD-044,Electronics,UltraVision 4K Monitor,3,400.0,0.15,1020.0,690.0,StandardMail,1,On-Time,0,0
ORD-12538,2024-04-08,CUST-1354,Corporate,West,PRD-787,Furniture,ErgoPro Executive Desk,2,450.0,0.1,810.0,570.0,ExpressLogistics,1,On-Time,0,0
ORD-12539,2024-04-08,CUST-1189,Consumer,West,PRD-910,Furniture,LumbarComfort Mesh Chair,1,220.0,0.1,198.0,133.0,ExpressLogistics,0,On-Time,0,0
ORD-12540,2024-04-08,CUST-1446,Small Business,West,PRD-080,Office Supplies,Gel Ink Pen Multi-Pack,2,18.0,0.15,30.6,18.6,ApexGlobal,1,On-Time,0,0
ORD-12541,2024-04-08,CUST-1160,Corporate,West,PRD-910,Furniture,LumbarComfort Mesh Chair,3,220.0,0.05,627.0,432.0,SwiftFreight,2,On-Time,0,0
ORD-12542,2024-04-09,CUST-1163,Consumer,North,PRD-080,Office Supplies,Gel Ink Pen Multi-Pack,2,18.0,0.05,34.2,22.2,StandardMail,2,On-Time,0,0
ORD-12543,2024-04-09,CUST-1247,Small Business,North,PRD-904,Furniture,Nordic Solid Oak Bookshelf,3,310.0,0.1,837.0,582.0,ExpressLogistics,1,On-Time,0,0
ORD-12544,2024-04-09,CUST-1384,Corporate,North,PRD-787,Furniture,ErgoPro Executive Desk,2,450.0,0.0,900.0,660.0,ApexGlobal,2,On-Time,0,0
ORD-12545,2024-04-09,CUST-1237,Corporate,North,PRD-910,Furniture,LumbarComfort Mesh Chair,2,220.0,0.05,0.0,-26.0,SwiftFreight,1,Cancelled,0,1
ORD-12546,2024-04-09,CUST-1378,Corporate,North,PRD-904,Furniture,Nordic Solid Oak Bookshelf,1,310.0,0.0,310.0,225.0,SwiftFreight,0,On-Time,0,0
ORD-12547,2024-04-09,CUST-1463,Small Business,South,PRD-787,Furniture,ErgoPro Executive Desk,2,450.0,0.0,900.0,660.0,SwiftFreight,6,Delayed,0,0
ORD-12548,2024-04-09,CUST-1315,Small Business,South,PRD-367,Office Supplies,HeavyDuty Metal Stapler,3,25.0,0.0,75.0,45.0,ExpressLogistics,4,Normal,0,0
ORD-12549,2024-04-09,CUST-1269,Small Business,South,PRD-367,Office Supplies,HeavyDuty Metal Stapler,1,25.0,0.0,0.0,-2.0,StandardMail,4,Cancelled,0,1
ORD-12550,2024-04-09,CUST-1186,Consumer,South,PRD-787,Furniture,ErgoPro Executive Desk,1,450.0,0.1,405.0,285.0,StandardMail,5,Delayed,1,0
ORD-12551,2024-04-09,CUST-1020,Small Business,South,PRD-904,Furniture,Nordic Solid Oak Bookshelf,1,310.0,0.05,294.5,209.5,StandardMail,4,Normal,0,0
ORD-12552,2024-04-09,CUST-1271,Corporate,East,PRD-156,Electronics,Apex Gaming Laptop,1,1200.0,0.15,1020.0,720.0,StandardMail,0,On-Time,0,0
ORD-12553,2024-04-09,CUST-1490,Corporate,East,PRD-787,Furniture,ErgoPro Executive Desk,3,450.0,0.05,1282.5,922.5,ApexGlobal,0,On-Time,0,0
ORD-12554,2024-04-09,CUST-1112,Small Business,East,PRD-367,Office Supplies,HeavyDuty Metal Stapler,3,25.0,0.1,67.5,37.5,ExpressLogistics,1,On-Time,0,0
ORD-12555,2024-04-09,CUST-1131,Small Business,East,PRD-156,Electronics,Apex Gaming Laptop,2,1200.0,0.1,2160.0,1560.0,,0,On-Time,0,0
ORD-12556,2024-04-09,CUST-1289,Small Business,East,PRD-910,Furniture,LumbarComfort Mesh Chair,3,220.0,0.15,561.0,366.0,ExpressLogistics,1,On-Time,0,0
ORD-12557,2024-04-09,CUST-1376,Small Business,West,PRD-925,Office Supplies,Premium Recycled Paper (Box),3,45.0,0.0,135.0,93.0,StandardMail,1,On-Time,0,0
ORD-12558,2024-04-09,CUST-1292,Consumer,West,PRD-080,Office Supplies,Gel Ink Pen Multi-Pack,2,18.0,0.1,0.0,-2.4,SwiftFreight,2,Cancelled,0,1
ORD-12559,2024-04-09,CUST-1180,Small Business,West,PRD-080,Office Supplies,Gel Ink Pen Multi-Pack,3,18.0,0.0,54.0,36.0,ExpressLogistics,2,On-Time,0,0
ORD-12560,2024-04-09,CUST-1474,Consumer,West,PRD-025,Electronics,SmartSync Fitness Tracker,2,90.0,0.05,171.0,101.0,SwiftFreight,1,On-Time,0,0
ORD-12561,2024-04-09,CUST-1212,Corporate,West,PRD-787,Furniture,ErgoPro Executive Desk,1,450.0,0.15,382.5,262.5,SwiftFreight,1,On-Time,0,0
ORD-12562,2024-04-10,CUST-1465,Small Business,North,PRD-910,Furniture,LumbarComfort Mesh Chair,1,220.0,0.05,209.0,144.0,SwiftFreight,2,On-Time,0,0
ORD-12563,2024-04-10,CUST-1435,Small Business,North,PRD-506,Electronics,SoundPulse Wireless Headphone,1,150.0,0.0,150.0,100.0,StandardMail,1,On-Time,0,0
ORD-12564,2024-04-10,CUST-1014,Consumer,North,PRD-904,Furniture,Nordic Solid Oak Bookshelf,2,310.0,0.05,589.0,419.0,SwiftFreight,2,On-Time,0,0
ORD-12565,2024-04-10,CUST-1335,Consumer,North,PRD-904,Furniture,Nordic Solid Oak Bookshelf,2,310.0,0.1,558.0,388.0,StandardMail,1,On-Time,0,0
ORD-12566,2024-04-10,CUST-1065,Small Business,North,PRD-367,Office Supplies,HeavyDuty Metal Stapler,1,25.0,0.1,22.5,12.5,StandardMail,0,On-Time,0,0
ORD-12567,2024-04-10,CUST-1358,Small Business,South,PRD-367,Office Supplies,HeavyDuty Metal Stapler,1,25.0,0.1,22.5,12.5,SwiftFreight,3,Normal,0,0
ORD-12568,2024-04-10,CUST-1137,Corporate,South,PRD-925,Office Supplies,Premium Recycled Paper (Box),2,45.0,0.15,76.5,48.5,StandardMail,4,Normal,0,0
ORD-12569,2024-04-10,CUST-1275,,South,PRD-904,Furniture,Nordic Solid Oak Bookshelf,1,310.0,0.15,263.5,178.5,ApexGlobal,5,Delayed,0,0
ORD-12570,2024-04-10,CUST-1240,Consumer,South,PRD-156,Electronics,Apex Gaming Laptop,1,1200.0,0.1,0.0,-60.0,StandardMail,5,Cancelled,0,1
ORD-12571,2024-04-10,CUST-1257,Corporate,South,PRD-787,Furniture,ErgoPro Executive Desk,2,450.0,0.15,765.0,525.0,ExpressLogistics,2,On-Time,0,0
ORD-12572,2024-04-10,CUST-1421,Consumer,South,PRD-910,Furniture,LumbarComfort Mesh Chair,3,220.0,0.0,660.0,465.0,ApexGlobal,5,Delayed,0,0
ORD-12573,2024-04-10,CUST-1254,Small Business,East,PRD-904,Furniture,Nordic Solid Oak Bookshelf,3,310.0,0.05,883.5,628.5,StandardMail,2,On-Time,0,0
ORD-12574,2024-04-10,CUST-1212,Corporate,East,PRD-925,Office Supplies,Premium Recycled Paper (Box),3,45.0,0.05,128.25,86.25,ExpressLogistics,0,On-Time,0,0
ORD-12575,2024-04-10,CUST-1035,Corporate,East,PRD-904,Furniture,Nordic Solid Oak Bookshelf,3,310.0,0.05,883.5,628.5,StandardMail,2,On-Time,0,0
ORD-12576,2024-04-10,CUST-1302,Consumer,East,PRD-925,Office Supplies,Premium Recycled Paper (Box),2,45.0,0.1,81.0,53.0,,0,On-Time,0,0
ORD-12577,2024-04-10,CUST-1029,Corporate,East,PRD-910,Furniture,LumbarComfort Mesh Chair,2,220.0,0.15,374.0,244.0,StandardMail,0,On-Time,0,0
ORD-12578,2024-04-10,CUST-1329,Corporate,East,PRD-044,Electronics,UltraVision 4K Monitor,3,400.0,0.15,1020.0,690.0,SwiftFreight,1,On-Time,0,0
ORD-12579,2024-04-10,CUST-1152,Corporate,West,PRD-367,Office Supplies,HeavyDuty Metal Stapler,2,25.0,0.1,45.0,25.0,StandardMail,1,On-Time,0,0
ORD-12580,2024-04-10,CUST-1334,Corporate,West,PRD-506,Electronics,SoundPulse Wireless Headphone,1,150.0,0.05,142.5,92.5,ExpressLogistics,1,On-Time,0,0
ORD-12581,2024-04-10,CUST-1462,Small Business,West,PRD-925,Office Supplies,Premium Recycled Paper (Box),2,45.0,0.05,85.5,57.5,ExpressLogistics,1,On-Time,0,0
ORD-12582,2024-04-10,CUST-1475,Small Business,West,PRD-025,Electronics,SmartSync Fitness Tracker,3,90.0,0.0,0.0,-21.0,ApexGlobal,1,Cancelled,0,1
ORD-12583,2024-04-10,CUST-1381,Corporate,West,PRD-367,Office Supplies,HeavyDuty Metal Stapler,1,25.0,0.0,25.0,15.0,SwiftFreight,2,On-Time,0,0
ORD-12584,2024-04-11,CUST-1259,Corporate,North,PRD-367,Office Supplies,HeavyDuty Metal Stapler,3,25.0,0.05,71.25,41.25,StandardMail,2,On-Time,0,0
ORD-12585,2024-04-11,CUST-1432,Small Business,North,PRD-044,Electronics,UltraVision 4K Monitor,1,400.0,0.05,380.0,270.0,ApexGlobal,2,On-Time,0,0
ORD-12586,2024-04-11,CUST-1278,Corporate,North,PRD-787,Furniture,ErgoPro Executive Desk,3,450.0,0.05,1282.5,922.5,ExpressLogistics,1,On-Time,0,0
ORD-12587,2024-04-11,CUST-1185,Consumer,North,PRD-156,Electronics,Apex Gaming Laptop,1,1200.0,0.15,1020.0,720.0,StandardMail,2,On-Time,0,0
ORD-12588,2024-04-11,CUST-1134,Consumer,North,PRD-044,Electronics,UltraVision 4K Monitor,2,400.0,0.1,720.0,500.0,ExpressLogistics,1,On-Time,0,0
ORD-12589,2024-04-11,CUST-1105,Consumer,North,PRD-080,Office Supplies,Gel Ink Pen Multi-Pack,2,18.0,0.05,34.2,22.2,ExpressLogistics,1,On-Time,0,0
ORD-12590,2024-04-11,CUST-1482,Corporate,North,PRD-367,Office Supplies,HeavyDuty Metal Stapler,1,25.0,0.15,21.25,11.25,StandardMail,0,On-Time,0,0
ORD-12591,2024-04-11,CUST-1490,Consumer,South,PRD-925,Office Supplies,Premium Recycled Paper (Box),3,45.0,0.0,135.0,93.0,ExpressLogistics,6,Delayed,0,0
ORD-12592,2024-04-11,CUST-1213,Consumer,South,PRD-080,Office Supplies,Gel Ink Pen Multi-Pack,3,18.0,0.15,45.9,27.9,ExpressLogistics,4,Normal,1,0
ORD-12593,2024-04-11,CUST-1057,Consumer,South,PRD-080,Office Supplies,Gel Ink Pen Multi-Pack,2,18.0,0.05,0.0,-2.4,ExpressLogistics,4,Cancelled,0,1
ORD-12594,2024-04-11,CUST-1387,Small Business,South,PRD-925,Office Supplies,Premium Recycled Paper (Box),2,45.0,0.05,85.5,57.5,ApexGlobal,2,On-Time,0,0
ORD-12595,2024-04-11,CUST-1407,Corporate,South,PRD-904,Furniture,Nordic Solid Oak Bookshelf,3,310.0,0.0,930.0,675.0,ApexGlobal,4,Normal,0,0
ORD-12596,2024-04-11,CUST-1281,Corporate,South,PRD-787,Furniture,ErgoPro Executive Desk,2,450.0,0.0,0.0,-48.0,ApexGlobal,5,Cancelled,0,1
ORD-12597,2024-04-11,CUST-1204,Small Business,East,PRD-925,Office Supplies,Premium Recycled Paper (Box),2,45.0,0.15,76.5,48.5,ApexGlobal,0,On-Time,0,0
ORD-12598,2024-04-11,CUST-1465,Corporate,East,PRD-506,Electronics,SoundPulse Wireless Headphone,1,150.0,0.15,127.5,77.5,ApexGlobal,1,On-Time,0,0
ORD-12599,2024-04-11,CUST-1412,Corporate,East,PRD-904,Furniture,Nordic Solid Oak Bookshelf,3,310.0,0.05,883.5,628.5,StandardMail,1,On-Time,0,0
ORD-12600,2024-04-11,CUST-1420,Consumer,East,PRD-904,Furniture,Nordic Solid Oak Bookshelf,3,310.0,0.15,790.5,535.5,ApexGlobal,0,On-Time,0,0
ORD-12601,2024-04-11,CUST-1350,Small Business,East,PRD-367,Office Supplies,HeavyDuty Metal Stapler,1,25.0,0.15,21.25,11.25,SwiftFreight,1,On-Time,0,0
ORD-12602,2024-04-11,CUST-1113,Small Business,East,PRD-025,Electronics,SmartSync Fitness Tracker,2,90.0,0.05,171.0,101.0,StandardMail,1,On-Time,0,0
ORD-12603,2024-04-11,CUST-1449,Corporate,East,PRD-904,Furniture,Nordic Solid Oak Bookshelf,2,310.0,0.0,620.0,450.0,ApexGlobal,2,On-Time,1,0
ORD-12604,2024-04-11,CUST-1456,Corporate,West,PRD-156,Electronics,Apex Gaming Laptop,1,1200.0,0.0,1200.0,900.0,SwiftFreight,0,On-Time,0,0
ORD-12605,2024-04-11,CUST-1258,Consumer,West,PRD-904,Furniture,Nordic Solid Oak Bookshelf,1,310.0,0.05,0.0,-17.0,ExpressLogistics,2,Cancelled,0,1
ORD-12606,2024-04-11,CUST-1230,Consumer,West,PRD-904,Furniture,Nordic Solid Oak Bookshelf,1,310.0,0.15,263.5,178.5,SwiftFreight,2,On-Time,0,0
ORD-12607,2024-04-11,CUST-1262,Consumer,West,PRD-910,Furniture,LumbarComfort Mesh Chair,2,220.0,0.15,374.0,244.0,ApexGlobal,1,On-Time,0,0
ORD-12608,2024-04-11,CUST-1029,Small Business,West,PRD-787,Furniture,ErgoPro Executive Desk,2,450.0,0.0,900.0,660.0,ApexGlobal,2,On-Time,0,0
ORD-12609,2024-04-12,CUST-1345,Small Business,North,PRD-080,Office Supplies,Gel Ink Pen Multi-Pack,3,18.0,0.15,45.9,27.9,ExpressLogistics,0,On-Time,0,0
ORD-12610,2024-04-12,CUST-1361,Corporate,North,PRD-367,Office Supplies,HeavyDuty Metal Stapler,2,25.0,0.15,42.5,22.5,StandardMail,2,On-Time,0,0
ORD-12611,2024-04-12,CUST-1061,Corporate,North,PRD-367,Office Supplies,HeavyDuty Metal Stapler,3,25.0,0.1,67.5,37.5,StandardMail,1,On-Time,0,0
ORD-12612,2024-04-12,CUST-1000,Small Business,North,PRD-904,Furniture,Nordic Solid Oak Bookshelf,3,310.0,0.0,930.0,675.0,ExpressLogistics,1,On-Time,0,0
ORD-12613,2024-04-12,CUST-1293,Corporate,North,PRD-367,Office Supplies,HeavyDuty Metal Stapler,3,25.0,0.15,63.75,33.75,SwiftFreight,0,On-Time,0,0
ORD-12614,2024-04-12,CUST-1348,Consumer,North,PRD-156,Electronics,Apex Gaming Laptop,3,1200.0,0.05,3420.0,2520.0,SwiftFreight,2,On-Time,1,0
ORD-12615,2024-04-12,CUST-1341,Corporate,North,PRD-156,Electronics,Apex Gaming Laptop,3,1200.0,0.15,3060.0,2160.0,StandardMail,1,On-Time,0,0
ORD-12616,2024-04-12,CUST-1384,Consumer,South,PRD-080,Office Supplies,Gel Ink Pen Multi-Pack,3,18.0,0.15,45.9,27.9,SwiftFreight,3,Normal,1,0
ORD-12617,2024-04-12,CUST-1038,Small Business,South,PRD-925,Office Supplies,Premium Recycled Paper (Box),3,45.0,0.15,114.75,72.75,ExpressLogistics,3,Normal,0,0
ORD-12618,2024-04-12,CUST-1372,Corporate,South,PRD-025,Electronics,SmartSync Fitness Tracker,3,90.0,0.1,243.0,138.0,ApexGlobal,5,Delayed,0,0
ORD-12619,2024-04-12,CUST-1330,Small Business,South,PRD-904,Furniture,Nordic Solid Oak Bookshelf,1,310.0,0.1,0.0,-17.0,SwiftFreight,4,Cancelled,1,1
ORD-12620,2024-04-12,CUST-1170,Consumer,South,PRD-904,Furniture,Nordic Solid Oak Bookshelf,3,310.0,0.05,883.5,628.5,ApexGlobal,2,On-Time,0,0
ORD-12621,2024-04-12,CUST-1267,Small Business,South,PRD-925,Office Supplies,Premium Recycled Paper (Box),2,45.0,0.15,0.0,-5.6,StandardMail,4,Cancelled,0,1
ORD-12622,2024-04-12,CUST-1023,Consumer,East,PRD-904,Furniture,Nordic Solid Oak Bookshelf,2,310.0,0.05,589.0,419.0,SwiftFreight,1,On-Time,0,0
ORD-12623,2024-04-12,CUST-1485,Small Business,East,PRD-925,Office Supplies,Premium Recycled Paper (Box),2,45.0,0.0,90.0,62.0,ApexGlobal,0,On-Time,0,0
ORD-12624,2024-04-12,CUST-1034,Corporate,East,PRD-506,Electronics,SoundPulse Wireless Headphone,2,150.0,0.15,255.0,155.0,ExpressLogistics,1,On-Time,0,0
ORD-12625,2024-04-12,CUST-1473,Consumer,East,PRD-904,Furniture,Nordic Solid Oak Bookshelf,3,310.0,0.05,883.5,628.5,SwiftFreight,2,On-Time,0,0
ORD-12626,2024-04-12,CUST-1401,Small Business,East,PRD-025,Electronics,SmartSync Fitness Tracker,1,90.0,0.1,81.0,46.0,ExpressLogistics,1,On-Time,0,0
ORD-12627,2024-04-12,CUST-1061,Consumer,East,PRD-925,Office Supplies,Premium Recycled Paper (Box),1,45.0,0.05,42.75,28.75,ExpressLogistics,0,On-Time,0,0
ORD-12628,2024-04-12,CUST-1211,Corporate,West,PRD-080,Office Supplies,Gel Ink Pen Multi-Pack,2,18.0,0.05,34.2,22.2,ApexGlobal,0,On-Time,0,0
ORD-12629,2024-04-12,CUST-1300,Small Business,West,PRD-506,Electronics,SoundPulse Wireless Headphone,2,150.0,0.1,270.0,170.0,ApexGlobal,2,On-Time,0,0
ORD-12630,2024-04-12,CUST-1397,Corporate,West,PRD-080,Office Supplies,Gel Ink Pen Multi-Pack,2,18.0,0.1,32.4,20.4,,0,On-Time,0,0
ORD-12631,2024-04-12,CUST-1402,Small Business,West,PRD-910,Furniture,LumbarComfort Mesh Chair,3,220.0,0.05,627.0,432.0,ExpressLogistics,2,On-Time,0,0
ORD-12632,2024-04-12,CUST-1317,Small Business,West,PRD-156,Electronics,Apex Gaming Laptop,3,1200.0,0.05,3420.0,2520.0,ApexGlobal,3,Normal,0,0
ORD-12633,2024-04-12,CUST-1263,Consumer,West,PRD-904,Furniture,Nordic Solid Oak Bookshelf,1,310.0,0.0,310.0,225.0,SwiftFreight,0,On-Time,0,0
ORD-12634,2024-04-12,CUST-1317,Small Business,West,PRD-080,Office Supplies,Gel Ink Pen Multi-Pack,2,18.0,0.15,30.6,18.6,ApexGlobal,1,On-Time,0,0
ORD-12635,2024-04-12,CUST-1139,,West,PRD-080,Office Supplies,Gel Ink Pen Multi-Pack,2,18.0,0.1,32.4,20.4,StandardMail,2,On-Time,0,0
ORD-12636,2024-04-13,CUST-1068,Consumer,North,PRD-156,Electronics,Apex Gaming Laptop,1,1200.0,0.05,1140.0,840.0,SwiftFreight,1,On-Time,0,0
ORD-12637,2024-04-13,CUST-1262,Consumer,North,PRD-367,Office Supplies,HeavyDuty Metal Stapler,3,25.0,0.05,71.25,41.25,SwiftFreight,1,On-Time,0,0
ORD-12638,2024-04-13,CUST-1456,Corporate,North,PRD-044,Electronics,UltraVision 4K Monitor,3,400.0,0.0,1200.0,870.0,ExpressLogistics,2,On-Time,0,0
ORD-12639,2024-04-13,CUST-1369,Consumer,North,PRD-925,Office Supplies,Premium Recycled Paper (Box),1,45.0,0.15,38.25,24.25,StandardMail,1,On-Time,0,0
ORD-12640,2024-04-13,CUST-1301,Corporate,North,PRD-904,Furniture,Nordic Solid Oak Bookshelf,1,310.0,0.0,310.0,225.0,SwiftFreight,0,On-Time,1,0
ORD-12641,2024-04-13,CUST-1293,Small Business,North,PRD-910,Furniture,LumbarComfort Mesh Chair,2,220.0,0.15,374.0,244.0,StandardMail,2,On-Time,0,0
ORD-12642,2024-04-13,CUST-1318,Corporate,North,PRD-904,Furniture,Nordic Solid Oak Bookshelf,2,310.0,0.1,558.0,388.0,ExpressLogistics,2,On-Time,0,0
ORD-12643,2024-04-13,CUST-1382,Small Business,South,PRD-506,Electronics,SoundPulse Wireless Headphone,3,150.0,0.1,0.0,-30.0,SwiftFreight,8,Cancelled,0,1
ORD-12644,2024-04-13,CUST-1048,,South,PRD-925,Office Supplies,Premium Recycled Paper (Box),3,45.0,0.15,114.75,72.75,ApexGlobal,4,Normal,0,0
ORD-12645,2024-04-13,CUST-1133,Small Business,South,PRD-025,Electronics,SmartSync Fitness Tracker,1,90.0,0.1,81.0,46.0,SwiftFreight,7,Delayed,0,0
ORD-12646,2024-04-13,CUST-1167,Consumer,South,PRD-910,Furniture,LumbarComfort Mesh Chair,1,220.0,0.1,198.0,133.0,StandardMail,4,Normal,0,0
ORD-12647,2024-04-13,CUST-1002,Consumer,East,PRD-080,Office Supplies,Gel Ink Pen Multi-Pack,3,18.0,0.05,51.3,33.3,StandardMail,1,On-Time,0,0
ORD-12648,2024-04-13,CUST-1060,Corporate,East,PRD-156,Electronics,Apex Gaming Laptop,2,1200.0,0.05,2280.0,1680.0,StandardMail,2,On-Time,0,0
ORD-12649,2024-04-13,CUST-1189,Corporate,East,PRD-367,Office Supplies,HeavyDuty Metal Stapler,3,25.0,0.0,75.0,45.0,ApexGlobal,1,On-Time,0,0
ORD-12650,2024-04-13,CUST-1189,Corporate,East,PRD-044,Electronics,UltraVision 4K Monitor,3,400.0,0.1,1080.0,750.0,ExpressLogistics,1,On-Time,0,0
ORD-12651,2024-04-13,CUST-1344,Small Business,East,PRD-787,Furniture,ErgoPro Executive Desk,2,450.0,0.1,810.0,570.0,StandardMail,0,On-Time,0,0
ORD-12652,2024-04-13,CUST-1114,Corporate,East,PRD-044,Electronics,UltraVision 4K Monitor,1,400.0,0.1,360.0,250.0,ExpressLogistics,1,On-Time,0,0
ORD-12653,2024-04-13,CUST-1444,Small Business,West,PRD-025,Electronics,SmartSync Fitness Tracker,1,90.0,0.15,76.5,41.5,StandardMail,0,On-Time,0,0
ORD-12654,2024-04-13,CUST-1262,Consumer,West,PRD-904,Furniture,Nordic Solid Oak Bookshelf,2,310.0,0.0,620.0,450.0,ExpressLogistics,0,On-Time,0,0
ORD-12655,2024-04-13,CUST-1128,Corporate,West,PRD-506,Electronics,SoundPulse Wireless Headphone,3,150.0,0.05,0.0,-30.0,SwiftFreight,1,Cancelled,0,1
ORD-12656,2024-04-13,CUST-1446,Consumer,West,PRD-787,Furniture,ErgoPro Executive Desk,1,450.0,0.0,0.0,-24.0,StandardMail,0,Cancelled,0,1
ORD-12657,2024-04-13,CUST-1288,Small Business,West,PRD-367,Office Supplies,HeavyDuty Metal Stapler,2,25.0,0.1,45.0,25.0,ExpressLogistics,1,On-Time,0,0
ORD-12658,2024-04-13,CUST-1214,Small Business,West,PRD-787,Furniture,ErgoPro Executive Desk,3,450.0,0.0,1350.0,990.0,ApexGlobal,2,On-Time,0,0
ORD-12659,2024-04-14,CUST-1064,Small Business,North,PRD-904,Furniture,Nordic Solid Oak Bookshelf,1,310.0,0.05,294.5,209.5,ApexGlobal,1,On-Time,0,0
ORD-12660,2024-04-14,CUST-1304,Small Business,North,PRD-025,Electronics,SmartSync Fitness Tracker,2,90.0,0.15,153.0,83.0,ExpressLogistics,1,On-Time,0,0
ORD-12661,2024-04-14,CUST-1160,Consumer,North,PRD-506,Electronics,SoundPulse Wireless Headphone,3,150.0,0.1,405.0,255.0,ExpressLogistics,1,On-Time,0,0
ORD-12662,2024-04-14,CUST-1214,Consumer,North,PRD-787,Furniture,ErgoPro Executive Desk,3,450.0,0.1,1215.0,855.0,SwiftFreight,1,On-Time,0,0
ORD-12663,2024-04-14,CUST-1235,Small Business,North,PRD-925,Office Supplies,Premium Recycled Paper (Box),2,45.0,0.05,85.5,57.5,ExpressLogistics,0,On-Time,0,0
ORD-12664,2024-04-14,CUST-1109,Corporate,North,PRD-904,Furniture,Nordic Solid Oak Bookshelf,3,310.0,0.1,837.0,582.0,ExpressLogistics,1,On-Time,0,0
ORD-12665,2024-04-14,CUST-1489,Corporate,North,PRD-904,Furniture,Nordic Solid Oak Bookshelf,3,310.0,0.0,930.0,675.0,StandardMail,2,On-Time,0,0
ORD-12666,2024-04-14,CUST-1218,Consumer,North,PRD-156,Electronics,Apex Gaming Laptop,2,1200.0,0.05,2280.0,1680.0,ExpressLogistics,1,On-Time,0,0
ORD-12667,2024-04-14,CUST-1014,Consumer,South,PRD-904,Furniture,Nordic Solid Oak Bookshelf,3,310.0,0.0,0.0,-51.0,SwiftFreight,4,Cancelled,0,1
ORD-12668,2024-04-14,CUST-1308,Consumer,South,PRD-044,Electronics,UltraVision 4K Monitor,2,400.0,0.15,0.0,-44.0,ExpressLogistics,5,Cancelled,0,1
ORD-12669,2024-04-14,CUST-1066,Small Business,South,PRD-044,Electronics,UltraVision 4K Monitor,3,400.0,0.05,0.0,-66.0,SwiftFreight,7,Cancelled,0,1
ORD-12670,2024-04-14,CUST-1327,Corporate,South,PRD-025,Electronics,SmartSync Fitness Tracker,3,90.0,0.1,0.0,-21.0,SwiftFreight,7,Cancelled,0,1
ORD-12671,2024-04-14,CUST-1096,Corporate,East,PRD-044,Electronics,UltraVision 4K Monitor,3,400.0,0.15,1020.0,690.0,SwiftFreight,1,On-Time,0,0
ORD-12672,2024-04-14,CUST-1390,Consumer,East,PRD-787,Furniture,ErgoPro Executive Desk,3,450.0,0.05,1282.5,922.5,ApexGlobal,2,On-Time,0,0
ORD-12673,2024-04-14,CUST-1324,Corporate,East,PRD-925,Office Supplies,Premium Recycled Paper (Box),3,45.0,0.1,121.5,79.5,ExpressLogistics,1,On-Time,0,0
ORD-12674,2024-04-14,CUST-1058,Corporate,East,PRD-904,Furniture,Nordic Solid Oak Bookshelf,2,310.0,0.1,558.0,388.0,ApexGlobal,1,On-Time,0,0
ORD-12675,2024-04-14,CUST-1456,Small Business,East,PRD-925,Office Supplies,Premium Recycled Paper (Box),2,45.0,0.05,85.5,57.5,ExpressLogistics,1,On-Time,0,0
ORD-12676,2024-04-14,CUST-1181,Small Business,East,PRD-787,Furniture,ErgoPro Executive Desk,1,450.0,0.05,427.5,307.5,StandardMail,1,On-Time,0,0
ORD-12677,2024-04-14,CUST-1287,Corporate,East,PRD-080,Office Supplies,Gel Ink Pen Multi-Pack,2,18.0,0.1,32.4,20.4,SwiftFreight,0,On-Time,0,0
ORD-12678,2024-04-14,CUST-1330,Corporate,West,PRD-080,Office Supplies,Gel Ink Pen Multi-Pack,1,18.0,0.1,16.2,10.2,ExpressLogistics,0,On-Time,0,0
ORD-12679,2024-04-14,CUST-1225,Small Business,West,PRD-044,Electronics,UltraVision 4K Monitor,1,400.0,0.05,380.0,270.0,StandardMail,0,On-Time,0,0
ORD-12680,2024-04-14,CUST-1487,Corporate,West,PRD-156,Electronics,Apex Gaming Laptop,3,1200.0,0.05,3420.0,2520.0,StandardMail,1,On-Time,0,0
ORD-12681,2024-04-14,CUST-1335,Consumer,West,PRD-904,Furniture,Nordic Solid Oak Bookshelf,1,310.0,0.1,279.0,194.0,ApexGlobal,1,On-Time,0,0
ORD-12682,2024-04-14,CUST-1418,Small Business,West,PRD-904,Furniture,Nordic Solid Oak Bookshelf,2,310.0,0.0,620.0,450.0,ApexGlobal,2,On-Time,0,0
ORD-12683,2024-04-14,CUST-1379,Small Business,West,PRD-044,Electronics,UltraVision 4K Monitor,3,400.0,0.0,1200.0,870.0,SwiftFreight,1,On-Time,0,0
ORD-12684,2024-04-15,CUST-1091,Corporate,North,PRD-910,Furniture,LumbarComfort Mesh Chair,1,220.0,0.1,198.0,133.0,ExpressLogistics,1,On-Time,0,0
ORD-12685,2024-04-15,CUST-1050,Consumer,North,PRD-910,Furniture,LumbarComfort Mesh Chair,3,220.0,0.05,627.0,432.0,StandardMail,1,On-Time,0,0
ORD-12686,2024-04-15,CUST-1424,Small Business,North,PRD-156,Electronics,Apex Gaming Laptop,3,1200.0,0.15,0.0,-180.0,StandardMail,2,Cancelled,0,1
ORD-12687,2024-04-15,CUST-1269,Small Business,North,PRD-080,Office Supplies,Gel Ink Pen Multi-Pack,2,18.0,0.15,30.6,18.6,StandardMail,0,On-Time,0,0
ORD-12688,2024-04-15,CUST-1118,Corporate,North,PRD-044,Electronics,UltraVision 4K Monitor,1,400.0,0.1,360.0,250.0,ApexGlobal,1,On-Time,0,0
ORD-12689,2024-04-15,CUST-1068,Corporate,South,PRD-925,Office Supplies,Premium Recycled Paper (Box),3,45.0,0.1,121.5,79.5,ExpressLogistics,5,Delayed,1,0
ORD-12690,2024-04-15,CUST-1081,Consumer,South,PRD-367,Office Supplies,HeavyDuty Metal Stapler,1,25.0,0.15,21.25,11.25,StandardMail,5,Delayed,0,0
ORD-12691,2024-04-15,CUST-1108,Corporate,South,PRD-925,Office Supplies,Premium Recycled Paper (Box),1,45.0,0.0,45.0,31.0,SwiftFreight,5,Delayed,0,0
ORD-12692,2024-04-15,CUST-1125,Small Business,South,PRD-044,Electronics,UltraVision 4K Monitor,3,400.0,0.05,0.0,-66.0,SwiftFreight,7,Cancelled,1,1
ORD-12693,2024-04-15,CUST-1398,Consumer,East,PRD-925,Office Supplies,Premium Recycled Paper (Box),2,45.0,0.0,90.0,62.0,ExpressLogistics,1,On-Time,0,0
ORD-12694,2024-04-15,CUST-1459,Corporate,East,PRD-044,Electronics,UltraVision 4K Monitor,2,400.0,0.15,680.0,460.0,StandardMail,0,On-Time,0,0
ORD-12695,2024-04-15,CUST-1219,Consumer,East,PRD-787,Furniture,ErgoPro Executive Desk,1,450.0,0.05,427.5,307.5,SwiftFreight,1,On-Time,0,0
ORD-12696,2024-04-15,CUST-1439,Consumer,East,PRD-910,Furniture,LumbarComfort Mesh Chair,2,220.0,0.0,440.0,310.0,SwiftFreight,2,On-Time,0,0
ORD-12697,2024-04-15,CUST-1177,Consumer,East,PRD-025,Electronics,SmartSync Fitness Tracker,3,90.0,0.0,270.0,165.0,SwiftFreight,1,On-Time,0,0
ORD-12698,2024-04-15,CUST-1142,Consumer,East,PRD-080,Office Supplies,Gel Ink Pen Multi-Pack,2,18.0,0.1,32.4,20.4,,0,On-Time,0,0
ORD-12699,2024-04-15,CUST-1439,Corporate,East,PRD-044,Electronics,UltraVision 4K Monitor,3,400.0,0.0,1200.0,870.0,StandardMail,1,On-Time,0,0
ORD-12700,2024-04-15,CUST-1281,Small Business,West,PRD-925,Office Supplies,Premium Recycled Paper (Box),2,45.0,0.05,85.5,57.5,StandardMail,0,On-Time,0,0
ORD-12701,2024-04-15,CUST-1349,Small Business,West,PRD-910,Furniture,LumbarComfort Mesh Chair,3,220.0,0.05,627.0,432.0,ExpressLogistics,0,On-Time,0,0
ORD-12702,2024-04-15,CUST-1040,Corporate,West,PRD-044,Electronics,UltraVision 4K Monitor,3,400.0,0.05,1140.0,810.0,StandardMail,0,On-Time,0,0
ORD-12703,2024-04-15,CUST-1455,Corporate,West,PRD-904,Furniture,Nordic Solid Oak Bookshelf,3,310.0,0.15,790.5,535.5,StandardMail,2,On-Time,0,0
ORD-12704,2024-04-15,CUST-1401,Small Business,West,PRD-044,Electronics,UltraVision 4K Monitor,2,400.0,0.15,680.0,460.0,ExpressLogistics,1,On-Time,0,0
ORD-12705,2024-04-15,CUST-1226,Consumer,West,PRD-367,Office Supplies,HeavyDuty Metal Stapler,2,25.0,0.05,47.5,27.5,ApexGlobal,1,On-Time,0,0
ORD-12706,2024-04-16,CUST-1311,Corporate,North,PRD-904,Furniture,Nordic Solid Oak Bookshelf,2,310.0,0.0,620.0,450.0,StandardMail,0,On-Time,0,0
ORD-12707,2024-04-16,CUST-1339,Consumer,North,PRD-367,Office Supplies,HeavyDuty Metal Stapler,1,25.0,0.05,23.75,13.75,StandardMail,1,On-Time,0,0
ORD-12708,2024-04-16,CUST-1491,Consumer,North,PRD-506,Electronics,SoundPulse Wireless Headphone,3,150.0,0.1,405.0,255.0,StandardMail,1,On-Time,0,0
ORD-12709,2024-04-16,CUST-1494,Consumer,North,PRD-910,Furniture,LumbarComfort Mesh Chair,3,220.0,0.05,627.0,432.0,StandardMail,0,On-Time,0,0
ORD-12710,2024-04-16,CUST-1434,Consumer,North,PRD-910,Furniture,LumbarComfort Mesh Chair,2,220.0,0.15,374.0,244.0,StandardMail,1,On-Time,0,0
ORD-12711,2024-04-16,CUST-1372,Consumer,North,PRD-910,Furniture,LumbarComfort Mesh Chair,2,220.0,0.05,418.0,288.0,SwiftFreight,0,On-Time,0,0
ORD-12712,2024-04-16,CUST-1480,Corporate,North,PRD-080,Office Supplies,Gel Ink Pen Multi-Pack,2,18.0,0.0,36.0,24.0,StandardMail,1,On-Time,0,0
ORD-12713,2024-04-16,CUST-1401,Consumer,South,PRD-904,Furniture,Nordic Solid Oak Bookshelf,3,310.0,0.0,930.0,675.0,StandardMail,3,Normal,0,0
ORD-12714,2024-04-16,CUST-1218,Consumer,South,PRD-044,Electronics,UltraVision 4K Monitor,2,400.0,0.05,0.0,-44.0,StandardMail,10,Cancelled,1,1
ORD-12715,2024-04-16,CUST-1182,Small Business,South,PRD-787,Furniture,ErgoPro Executive Desk,3,450.0,0.15,1147.5,787.5,StandardMail,3,Normal,1,0
ORD-12716,2024-04-16,CUST-1140,Corporate,East,PRD-044,Electronics,UltraVision 4K Monitor,3,400.0,0.15,1020.0,690.0,ApexGlobal,0,On-Time,0,0
ORD-12717,2024-04-16,CUST-1200,Small Business,East,PRD-367,Office Supplies,HeavyDuty Metal Stapler,1,25.0,0.15,21.25,11.25,ApexGlobal,2,On-Time,0,0
ORD-12718,2024-04-16,CUST-1394,Corporate,East,PRD-925,Office Supplies,Premium Recycled Paper (Box),1,45.0,0.1,40.5,26.5,ExpressLogistics,0,On-Time,0,0
ORD-12719,2024-04-16,CUST-1349,Consumer,East,PRD-904,Furniture,Nordic Solid Oak Bookshelf,3,310.0,0.15,790.5,535.5,ExpressLogistics,0,On-Time,0,0
ORD-12720,2024-04-16,CUST-1155,Consumer,East,PRD-044,Electronics,UltraVision 4K Monitor,2,400.0,0.1,720.0,500.0,SwiftFreight,2,On-Time,0,0
ORD-12721,2024-04-16,CUST-1368,Small Business,West,PRD-080,Office Supplies,Gel Ink Pen Multi-Pack,3,18.0,0.15,45.9,27.9,StandardMail,1,On-Time,0,0
ORD-12722,2024-04-16,CUST-1071,Consumer,West,PRD-910,Furniture,LumbarComfort Mesh Chair,3,220.0,0.0,660.0,465.0,ExpressLogistics,0,On-Time,0,0
ORD-12723,2024-04-16,CUST-1330,Corporate,West,PRD-910,Furniture,LumbarComfort Mesh Chair,1,220.0,0.0,220.0,155.0,ApexGlobal,1,On-Time,0,0
ORD-12724,2024-04-16,CUST-1239,Corporate,West,PRD-910,Furniture,LumbarComfort Mesh Chair,1,220.0,0.1,198.0,133.0,ExpressLogistics,0,On-Time,0,0
ORD-12725,2024-04-16,CUST-1181,Small Business,West,PRD-787,Furniture,ErgoPro Executive Desk,3,450.0,0.1,1215.0,855.0,ApexGlobal,1,On-Time,0,0
ORD-12726,2024-04-17,CUST-1170,Corporate,North,PRD-025,Electronics,SmartSync Fitness Tracker,1,90.0,0.1,81.0,46.0,ApexGlobal,1,On-Time,0,0
ORD-12727,2024-04-17,CUST-1446,Small Business,North,PRD-156,Electronics,Apex Gaming Laptop,2,1200.0,0.1,2160.0,1560.0,ExpressLogistics,1,On-Time,0,0
ORD-12728,2024-04-17,CUST-1079,Small Business,North,PRD-925,Office Supplies,Premium Recycled Paper (Box),3,45.0,0.05,128.25,86.25,SwiftFreight,3,Normal,0,0
ORD-12729,2024-04-17,CUST-1114,Consumer,North,PRD-367,Office Supplies,HeavyDuty Metal Stapler,3,25.0,0.05,71.25,41.25,SwiftFreight,0,On-Time,0,0
ORD-12730,2024-04-17,CUST-1144,Small Business,North,PRD-910,Furniture,LumbarComfort Mesh Chair,1,220.0,0.1,198.0,133.0,ApexGlobal,1,On-Time,0,0
ORD-12731,2024-04-17,CUST-1026,Corporate,South,PRD-080,Office Supplies,Gel Ink Pen Multi-Pack,3,18.0,0.05,51.3,33.3,StandardMail,5,Delayed,0,0
ORD-12732,2024-04-17,CUST-1407,Consumer,South,PRD-044,Electronics,UltraVision 4K Monitor,1,400.0,0.1,0.0,-22.0,ExpressLogistics,10,Cancelled,1,1
ORD-12733,2024-04-17,CUST-1072,Consumer,South,PRD-080,Office Supplies,Gel Ink Pen Multi-Pack,2,18.0,0.0,0.0,-2.4,StandardMail,5,Cancelled,1,1
ORD-12734,2024-04-17,CUST-1227,Small Business,South,PRD-367,Office Supplies,HeavyDuty Metal Stapler,3,25.0,0.1,67.5,37.5,ApexGlobal,5,Delayed,0,0
ORD-12735,2024-04-17,CUST-1425,Corporate,South,PRD-787,Furniture,ErgoPro Executive Desk,2,450.0,0.05,0.0,-48.0,ApexGlobal,5,Cancelled,0,1
ORD-12736,2024-04-17,CUST-1465,Small Business,South,PRD-080,Office Supplies,Gel Ink Pen Multi-Pack,1,18.0,0.0,18.0,12.0,StandardMail,4,Normal,0,0
ORD-12737,2024-04-17,CUST-1145,Consumer,East,PRD-044,Electronics,UltraVision 4K Monitor,3,400.0,0.1,1080.0,750.0,SwiftFreight,0,On-Time,0,0
ORD-12738,2024-04-17,CUST-1166,Small Business,East,PRD-044,Electronics,UltraVision 4K Monitor,1,400.0,0.15,340.0,230.0,SwiftFreight,1,On-Time,0,0
ORD-12739,2024-04-17,CUST-1467,Corporate,East,PRD-904,Furniture,Nordic Solid Oak Bookshelf,2,310.0,0.05,589.0,419.0,ApexGlobal,1,On-Time,0,0
ORD-12740,2024-04-17,CUST-1180,Small Business,East,PRD-367,Office Supplies,HeavyDuty Metal Stapler,2,25.0,0.15,42.5,22.5,SwiftFreight,1,On-Time,0,0
ORD-12741,2024-04-17,CUST-1356,Small Business,East,PRD-910,Furniture,LumbarComfort Mesh Chair,2,220.0,0.0,440.0,310.0,StandardMail,2,On-Time,0,0
ORD-12742,2024-04-17,CUST-1244,Consumer,East,PRD-025,Electronics,SmartSync Fitness Tracker,2,90.0,0.05,171.0,101.0,ApexGlobal,2,On-Time,0,0
ORD-12743,2024-04-17,CUST-1398,Corporate,East,PRD-904,Furniture,Nordic Solid Oak Bookshelf,3,310.0,0.1,837.0,582.0,ExpressLogistics,1,On-Time,0,0
ORD-12744,2024-04-17,CUST-1021,Consumer,West,PRD-156,Electronics,Apex Gaming Laptop,3,1200.0,0.1,3240.0,2340.0,SwiftFreight,1,On-Time,0,0
ORD-12745,2024-04-17,CUST-1114,Consumer,West,PRD-925,Office Supplies,Premium Recycled Paper (Box),2,45.0,0.15,76.5,48.5,StandardMail,1,On-Time,0,0
ORD-12746,2024-04-17,CUST-1072,Small Business,West,PRD-925,Office Supplies,Premium Recycled Paper (Box),3,45.0,0.15,114.75,72.75,StandardMail,2,On-Time,0,0
ORD-12747,2024-04-17,CUST-1057,Small Business,West,PRD-044,Electronics,UltraVision 4K Monitor,3,400.0,0.1,1080.0,750.0,ApexGlobal,1,On-Time,0,0
ORD-12748,2024-04-17,CUST-1253,Corporate,West,PRD-787,Furniture,ErgoPro Executive Desk,2,450.0,0.15,765.0,525.0,StandardMail,1,On-Time,0,0
ORD-12749,2024-04-17,CUST-1002,Consumer,West,PRD-080,Office Supplies,Gel Ink Pen Multi-Pack,3,18.0,0.05,51.3,33.3,StandardMail,0,On-Time,0,0
ORD-12750,2024-04-17,CUST-1201,Corporate,West,PRD-787,Furniture,ErgoPro Executive Desk,3,450.0,0.0,1350.0,990.0,StandardMail,1,On-Time,0,0
ORD-12751,2024-04-18,CUST-1250,Small Business,North,PRD-787,Furniture,ErgoPro Executive Desk,3,450.0,0.05,1282.5,922.5,ApexGlobal,1,On-Time,0,0
ORD-12752,2024-04-18,CUST-1444,,North,PRD-910,Furniture,LumbarComfort Mesh Chair,1,220.0,0.15,187.0,122.0,StandardMail,1,On-Time,0,0
ORD-12753,2024-04-18,CUST-1360,Consumer,North,PRD-506,Electronics,SoundPulse Wireless Headphone,1,150.0,0.1,135.0,85.0,StandardMail,2,On-Time,0,0
ORD-12754,2024-04-18,CUST-1201,Corporate,North,PRD-044,Electronics,UltraVision 4K Monitor,2,400.0,0.15,680.0,460.0,SwiftFreight,1,On-Time,0,0
ORD-12755,2024-04-18,CUST-1470,Corporate,North,PRD-367,Office Supplies,HeavyDuty Metal Stapler,3,25.0,0.15,63.75,33.75,ExpressLogistics,1,On-Time,0,0
ORD-12756,2024-04-18,CUST-1084,Consumer,South,PRD-787,Furniture,ErgoPro Executive Desk,3,450.0,0.05,1282.5,922.5,ExpressLogistics,4,Normal,0,0
ORD-12757,2024-04-18,CUST-1365,Small Business,South,PRD-787,Furniture,ErgoPro Executive Desk,2,450.0,0.05,855.0,615.0,StandardMail,4,Normal,0,0
ORD-12758,2024-04-18,CUST-1324,Small Business,South,PRD-910,Furniture,LumbarComfort Mesh Chair,1,220.0,0.05,209.0,144.0,StandardMail,5,Delayed,0,0
ORD-12759,2024-04-18,CUST-1419,Small Business,South,PRD-910,Furniture,LumbarComfort Mesh Chair,3,220.0,0.1,594.0,399.0,ExpressLogistics,2,On-Time,0,0
ORD-12760,2024-04-18,CUST-1134,Small Business,South,PRD-080,Office Supplies,Gel Ink Pen Multi-Pack,1,18.0,0.1,16.2,10.2,StandardMail,6,Delayed,0,0
ORD-12761,2024-04-18,CUST-1476,Consumer,South,PRD-910,Furniture,LumbarComfort Mesh Chair,2,220.0,0.15,0.0,-26.0,ApexGlobal,2,Cancelled,1,1
ORD-12762,2024-04-18,CUST-1275,Corporate,East,PRD-506,Electronics,SoundPulse Wireless Headphone,3,150.0,0.15,382.5,232.5,ApexGlobal,1,On-Time,0,0
ORD-12763,2024-04-18,CUST-1398,Consumer,East,PRD-925,Office Supplies,Premium Recycled Paper (Box),1,45.0,0.15,38.25,24.25,SwiftFreight,0,On-Time,0,0
ORD-12764,2024-04-18,CUST-1116,Small Business,East,PRD-025,Electronics,SmartSync Fitness Tracker,2,90.0,0.15,153.0,83.0,StandardMail,1,On-Time,0,0
ORD-12765,2024-04-18,CUST-1434,Corporate,East,PRD-156,Electronics,Apex Gaming Laptop,2,1200.0,0.05,2280.0,1680.0,SwiftFreight,1,On-Time,0,0
ORD-12766,2024-04-18,CUST-1344,Small Business,East,PRD-080,Office Supplies,Gel Ink Pen Multi-Pack,1,18.0,0.0,18.0,12.0,StandardMail,2,On-Time,0,0
ORD-12767,2024-04-18,CUST-1185,Consumer,West,PRD-904,Furniture,Nordic Solid Oak Bookshelf,2,310.0,0.05,589.0,419.0,,1,On-Time,0,0
ORD-12768,2024-04-18,CUST-1101,Small Business,West,PRD-925,Office Supplies,Premium Recycled Paper (Box),1,45.0,0.0,45.0,31.0,ApexGlobal,1,On-Time,0,0
ORD-12769,2024-04-18,CUST-1030,Consumer,West,PRD-080,Office Supplies,Gel Ink Pen Multi-Pack,1,18.0,0.15,15.3,9.3,SwiftFreight,1,On-Time,0,0
ORD-12770,2024-04-18,CUST-1051,Consumer,West,PRD-910,Furniture,LumbarComfort Mesh Chair,1,220.0,0.05,209.0,144.0,SwiftFreight,1,On-Time,0,0
ORD-12771,2024-04-18,CUST-1223,Corporate,West,PRD-367,Office Supplies,HeavyDuty Metal Stapler,3,25.0,0.1,67.5,37.5,SwiftFreight,1,On-Time,0,0
ORD-12772,2024-04-19,CUST-1185,Corporate,North,PRD-156,Electronics,Apex Gaming Laptop,2,1200.0,0.05,2280.0,1680.0,StandardMail,0,On-Time,1,0
ORD-12773,2024-04-19,CUST-1446,Corporate,North,PRD-025,Electronics,SmartSync Fitness Tracker,2,90.0,0.05,171.0,101.0,SwiftFreight,0,On-Time,0,0
ORD-12774,2024-04-19,CUST-1043,Corporate,North,PRD-080,Office Supplies,Gel Ink Pen Multi-Pack,3,18.0,0.0,54.0,36.0,ApexGlobal,1,On-Time,0,0
ORD-12775,2024-04-19,CUST-1154,Consumer,North,PRD-025,Electronics,SmartSync Fitness Tracker,3,90.0,0.0,270.0,165.0,ExpressLogistics,2,On-Time,0,0
ORD-12776,2024-04-19,CUST-1195,Small Business,North,PRD-025,Electronics,SmartSync Fitness Tracker,3,90.0,0.15,229.5,124.5,StandardMail,0,On-Time,0,0
ORD-12777,2024-04-19,CUST-1244,Consumer,North,PRD-910,Furniture,LumbarComfort Mesh Chair,1,220.0,0.0,220.0,155.0,ExpressLogistics,1,On-Time,0,0
ORD-12778,2024-04-19,CUST-1494,Corporate,South,PRD-904,Furniture,Nordic Solid Oak Bookshelf,3,310.0,0.0,930.0,675.0,ApexGlobal,2,On-Time,0,0
ORD-12779,2024-04-19,CUST-1346,Corporate,South,PRD-367,Office Supplies,HeavyDuty Metal Stapler,1,25.0,0.1,22.5,12.5,StandardMail,4,Normal,0,0
ORD-12780,2024-04-19,CUST-1115,Small Business,South,PRD-080,Office Supplies,Gel Ink Pen Multi-Pack,1,18.0,0.15,15.3,9.3,StandardMail,3,Normal,1,0
ORD-12781,2024-04-19,CUST-1160,Consumer,South,PRD-506,Electronics,SoundPulse Wireless Headphone,2,150.0,0.1,0.0,-20.0,ExpressLogistics,9,Cancelled,0,1
ORD-12782,2024-04-19,CUST-1335,Small Business,South,PRD-044,Electronics,UltraVision 4K Monitor,2,400.0,0.15,0.0,-44.0,ApexGlobal,7,Cancelled,0,1
ORD-12783,2024-04-19,CUST-1106,Consumer,East,PRD-025,Electronics,SmartSync Fitness Tracker,1,90.0,0.05,85.5,50.5,ApexGlobal,1,On-Time,0,0
ORD-12784,2024-04-19,CUST-1229,Consumer,East,PRD-904,Furniture,Nordic Solid Oak Bookshelf,3,310.0,0.0,930.0,675.0,StandardMail,1,On-Time,0,0
ORD-12785,2024-04-19,CUST-1393,Small Business,East,PRD-787,Furniture,ErgoPro Executive Desk,1,450.0,0.1,405.0,285.0,ApexGlobal,0,On-Time,0,0
ORD-12786,2024-04-19,CUST-1462,Corporate,East,PRD-925,Office Supplies,Premium Recycled Paper (Box),2,45.0,0.1,81.0,53.0,StandardMail,2,On-Time,0,0
ORD-12787,2024-04-19,CUST-1469,Small Business,East,PRD-904,Furniture,Nordic Solid Oak Bookshelf,1,310.0,0.1,279.0,194.0,ExpressLogistics,2,On-Time,0,0
ORD-12788,2024-04-19,CUST-1009,Consumer,West,PRD-044,Electronics,UltraVision 4K Monitor,1,400.0,0.0,400.0,290.0,SwiftFreight,1,On-Time,0,0
ORD-12789,2024-04-19,CUST-1037,Corporate,West,PRD-925,Office Supplies,Premium Recycled Paper (Box),2,45.0,0.1,81.0,53.0,ApexGlobal,2,On-Time,0,0
ORD-12790,2024-04-19,CUST-1132,Small Business,West,PRD-044,Electronics,UltraVision 4K Monitor,2,400.0,0.15,680.0,460.0,StandardMail,1,On-Time,0,0
ORD-12791,2024-04-19,CUST-1215,Small Business,West,PRD-787,Furniture,ErgoPro Executive Desk,3,450.0,0.05,1282.5,922.5,SwiftFreight,1,On-Time,0,0
ORD-12792,2024-04-19,CUST-1088,Small Business,West,PRD-910,Furniture,LumbarComfort Mesh Chair,2,220.0,0.1,396.0,266.0,SwiftFreight,1,On-Time,0,0
ORD-12793,2024-04-19,CUST-1341,Consumer,West,PRD-044,Electronics,UltraVision 4K Monitor,3,400.0,0.05,1140.0,810.0,ExpressLogistics,2,On-Time,0,0
ORD-12794,2024-04-19,CUST-1455,Corporate,West,PRD-904,Furniture,Nordic Solid Oak Bookshelf,1,310.0,0.15,263.5,178.5,StandardMail,1,On-Time,0,0
ORD-12795,2024-04-19,CUST-1043,Small Business,West,PRD-044,Electronics,UltraVision 4K Monitor,3,400.0,0.05,1140.0,810.0,ApexGlobal,1,On-Time,0,0
ORD-12796,2024-04-20,CUST-1123,Small Business,North,PRD-910,Furniture,LumbarComfort Mesh Chair,1,220.0,0.15,187.0,122.0,SwiftFreight,2,On-Time,0,0
ORD-12797,2024-04-20,CUST-1250,Small Business,North,PRD-787,Furniture,ErgoPro Executive Desk,3,450.0,0.15,1147.5,787.5,StandardMail,1,On-Time,0,0
ORD-12798,2024-04-20,CUST-1297,Consumer,North,PRD-367,Office Supplies,HeavyDuty Metal Stapler,3,25.0,0.1,67.5,37.5,SwiftFreight,1,On-Time,0,0
ORD-12799,2024-04-20,CUST-1093,Corporate,North,PRD-506,Electronics,SoundPulse Wireless Headphone,3,150.0,0.05,427.5,277.5,ApexGlobal,1,On-Time,0,0
ORD-12800,2024-04-20,CUST-1110,Small Business,North,PRD-367,Office Supplies,HeavyDuty Metal Stapler,1,25.0,0.05,23.75,13.75,ApexGlobal,2,On-Time,0,0
ORD-12801,2024-04-20,CUST-1172,Corporate,North,PRD-904,Furniture,Nordic Solid Oak Bookshelf,2,310.0,0.0,620.0,450.0,SwiftFreight,1,On-Time,0,0
ORD-12802,2024-04-20,CUST-1130,Small Business,South,PRD-044,Electronics,UltraVision 4K Monitor,1,400.0,0.0,0.0,-22.0,StandardMail,8,Cancelled,0,1
ORD-12803,2024-04-20,CUST-1421,Small Business,South,PRD-044,Electronics,UltraVision 4K Monitor,3,400.0,0.0,0.0,-66.0,ApexGlobal,7,Cancelled,1,1
ORD-12804,2024-04-20,CUST-1435,Small Business,South,PRD-080,Office Supplies,Gel Ink Pen Multi-Pack,1,18.0,0.0,18.0,12.0,ExpressLogistics,4,Normal,1,0
ORD-12805,2024-04-20,CUST-1241,Corporate,South,PRD-080,Office Supplies,Gel Ink Pen Multi-Pack,3,18.0,0.05,51.3,33.3,SwiftFreight,4,Normal,0,0
ORD-12806,2024-04-20,CUST-1233,Corporate,South,PRD-367,Office Supplies,HeavyDuty Metal Stapler,1,25.0,0.05,23.75,13.75,SwiftFreight,5,Delayed,0,0
ORD-12807,2024-04-20,CUST-1274,Small Business,South,PRD-925,Office Supplies,Premium Recycled Paper (Box),3,45.0,0.05,128.25,86.25,ExpressLogistics,5,Delayed,0,0
ORD-12808,2024-04-20,CUST-1275,Small Business,East,PRD-904,Furniture,Nordic Solid Oak Bookshelf,2,310.0,0.1,558.0,388.0,ExpressLogistics,1,On-Time,0,0
ORD-12809,2024-04-20,CUST-1342,Small Business,East,PRD-156,Electronics,Apex Gaming Laptop,1,1200.0,0.05,1140.0,840.0,ApexGlobal,0,On-Time,0,0
ORD-12810,2024-04-20,CUST-1255,Consumer,East,PRD-506,Electronics,SoundPulse Wireless Headphone,2,150.0,0.05,285.0,185.0,StandardMail,0,On-Time,0,0
ORD-12811,2024-04-20,CUST-1484,Corporate,East,PRD-156,Electronics,Apex Gaming Laptop,2,1200.0,0.1,2160.0,1560.0,,0,On-Time,0,0
ORD-12812,2024-04-20,CUST-1086,Consumer,East,PRD-787,Furniture,ErgoPro Executive Desk,3,450.0,0.15,1147.5,787.5,ExpressLogistics,1,On-Time,0,0
ORD-12813,2024-04-20,CUST-1446,Corporate,East,PRD-156,Electronics,Apex Gaming Laptop,1,1200.0,0.05,1140.0,840.0,StandardMail,1,On-Time,0,0
ORD-12814,2024-04-20,CUST-1127,Corporate,West,PRD-367,Office Supplies,HeavyDuty Metal Stapler,2,25.0,0.15,42.5,22.5,ExpressLogistics,0,On-Time,0,0
ORD-12815,2024-04-20,CUST-1363,Small Business,West,PRD-904,Furniture,Nordic Solid Oak Bookshelf,3,310.0,0.05,883.5,628.5,StandardMail,1,On-Time,0,0
ORD-12816,2024-04-20,CUST-1276,Consumer,West,PRD-910,Furniture,LumbarComfort Mesh Chair,1,220.0,0.1,198.0,133.0,StandardMail,0,On-Time,0,0
ORD-12817,2024-04-20,CUST-1232,Small Business,West,PRD-044,Electronics,UltraVision 4K Monitor,2,400.0,0.15,680.0,460.0,ApexGlobal,1,On-Time,0,0
ORD-12818,2024-04-20,CUST-1133,Small Business,West,PRD-910,Furniture,LumbarComfort Mesh Chair,3,220.0,0.05,627.0,432.0,ApexGlobal,1,On-Time,0,0
ORD-12819,2024-04-20,CUST-1240,Corporate,West,PRD-080,Office Supplies,Gel Ink Pen Multi-Pack,2,18.0,0.1,32.4,20.4,StandardMail,0,On-Time,0,0
ORD-12820,2024-04-21,CUST-1302,Consumer,North,PRD-025,Electronics,SmartSync Fitness Tracker,2,90.0,0.0,180.0,110.0,ApexGlobal,2,On-Time,0,0
ORD-12821,2024-04-21,CUST-1249,Small Business,North,PRD-910,Furniture,LumbarComfort Mesh Chair,3,220.0,0.05,627.0,432.0,SwiftFreight,0,On-Time,0,0
ORD-12822,2024-04-21,CUST-1333,Consumer,North,PRD-904,Furniture,Nordic Solid Oak Bookshelf,1,310.0,0.1,279.0,194.0,ExpressLogistics,0,On-Time,0,0
ORD-12823,2024-04-21,CUST-1443,Corporate,North,PRD-904,Furniture,Nordic Solid Oak Bookshelf,3,310.0,0.05,883.5,628.5,SwiftFreight,1,On-Time,0,0
ORD-12824,2024-04-21,CUST-1360,Consumer,North,PRD-506,Electronics,SoundPulse Wireless Headphone,1,150.0,0.1,135.0,85.0,ApexGlobal,1,On-Time,0,0
ORD-12825,2024-04-21,CUST-1193,Corporate,North,PRD-925,Office Supplies,Premium Recycled Paper (Box),2,45.0,0.0,90.0,62.0,ApexGlobal,1,On-Time,0,0
ORD-12826,2024-04-21,CUST-1316,Small Business,North,PRD-506,Electronics,SoundPulse Wireless Headphone,2,150.0,0.1,270.0,170.0,SwiftFreight,1,On-Time,0,0
ORD-12827,2024-04-21,CUST-1200,Consumer,South,PRD-787,Furniture,ErgoPro Executive Desk,2,450.0,0.05,0.0,-48.0,SwiftFreight,4,Cancelled,1,1
ORD-12828,2024-04-21,CUST-1328,Corporate,South,PRD-925,Office Supplies,Premium Recycled Paper (Box),3,45.0,0.15,114.75,72.75,ApexGlobal,4,Normal,0,0
ORD-12829,2024-04-21,CUST-1253,Consumer,South,PRD-910,Furniture,LumbarComfort Mesh Chair,2,220.0,0.1,396.0,266.0,ApexGlobal,5,Delayed,0,0
ORD-12830,2024-04-21,CUST-1402,Consumer,South,PRD-910,Furniture,LumbarComfort Mesh Chair,3,220.0,0.1,0.0,-39.0,ApexGlobal,3,Cancelled,1,1
ORD-12831,2024-04-21,CUST-1381,Corporate,South,PRD-910,Furniture,LumbarComfort Mesh Chair,2,220.0,0.15,0.0,-26.0,StandardMail,5,Cancelled,0,1
ORD-12832,2024-04-21,CUST-1356,Consumer,South,PRD-787,Furniture,ErgoPro Executive Desk,1,450.0,0.15,382.5,262.5,ApexGlobal,4,Normal,0,0
ORD-12833,2024-04-21,CUST-1240,Small Business,East,PRD-025,Electronics,SmartSync Fitness Tracker,1,90.0,0.1,81.0,46.0,ExpressLogistics,0,On-Time,0,0
ORD-12834,2024-04-21,CUST-1185,Small Business,East,PRD-506,Electronics,SoundPulse Wireless Headphone,3,150.0,0.1,405.0,255.0,ApexGlobal,1,On-Time,0,0
ORD-12835,2024-04-21,CUST-1140,Corporate,East,PRD-044,Electronics,UltraVision 4K Monitor,3,400.0,0.15,1020.0,690.0,StandardMail,1,On-Time,0,0
ORD-12836,2024-04-21,CUST-1156,Corporate,East,PRD-080,Office Supplies,Gel Ink Pen Multi-Pack,2,18.0,0.05,34.2,22.2,SwiftFreight,1,On-Time,0,0
ORD-12837,2024-04-21,CUST-1037,Small Business,East,PRD-925,Office Supplies,Premium Recycled Paper (Box),2,45.0,0.1,81.0,53.0,ExpressLogistics,2,On-Time,0,0
ORD-12838,2024-04-21,CUST-1153,Consumer,East,PRD-506,Electronics,SoundPulse Wireless Headphone,1,150.0,0.1,135.0,85.0,StandardMail,2,On-Time,0,0
ORD-12839,2024-04-21,CUST-1141,Small Business,West,PRD-925,Office Supplies,Premium Recycled Paper (Box),3,45.0,0.0,135.0,93.0,StandardMail,1,On-Time,0,0
ORD-12840,2024-04-21,CUST-1293,Small Business,West,PRD-925,Office Supplies,Premium Recycled Paper (Box),3,45.0,0.05,128.25,86.25,ApexGlobal,2,On-Time,0,0
ORD-12841,2024-04-21,CUST-1225,Small Business,West,PRD-925,Office Supplies,Premium Recycled Paper (Box),1,45.0,0.0,45.0,31.0,ExpressLogistics,2,On-Time,0,0
ORD-12842,2024-04-21,CUST-1438,Consumer,West,PRD-925,Office Supplies,Premium Recycled Paper (Box),1,45.0,0.1,40.5,26.5,ApexGlobal,3,Normal,0,0
ORD-12843,2024-04-21,CUST-1358,Corporate,West,PRD-787,Furniture,ErgoPro Executive Desk,3,450.0,0.15,1147.5,787.5,SwiftFreight,1,On-Time,0,0
ORD-12844,2024-04-21,CUST-1054,Small Business,West,PRD-044,Electronics,UltraVision 4K Monitor,2,400.0,0.15,680.0,460.0,SwiftFreight,1,On-Time,0,0
ORD-12845,2024-04-22,CUST-1137,Consumer,North,PRD-925,Office Supplies,Premium Recycled Paper (Box),2,45.0,0.05,85.5,57.5,ExpressLogistics,2,On-Time,0,0
ORD-12846,2024-04-22,CUST-1296,Corporate,North,PRD-044,Electronics,UltraVision 4K Monitor,3,400.0,0.1,1080.0,750.0,ApexGlobal,0,On-Time,0,0
ORD-12847,2024-04-22,CUST-1200,Small Business,North,PRD-506,Electronics,SoundPulse Wireless Headphone,3,150.0,0.0,450.0,300.0,ApexGlobal,2,On-Time,0,0
ORD-12848,2024-04-22,CUST-1041,Corporate,North,PRD-904,Furniture,Nordic Solid Oak Bookshelf,2,310.0,0.05,589.0,419.0,SwiftFreight,2,On-Time,1,0
ORD-12849,2024-04-22,CUST-1167,Corporate,North,PRD-787,Furniture,ErgoPro Executive Desk,1,450.0,0.15,382.5,262.5,ApexGlobal,1,On-Time,0,0
ORD-12850,2024-04-22,CUST-1075,Corporate,North,PRD-044,Electronics,UltraVision 4K Monitor,3,400.0,0.1,1080.0,750.0,ExpressLogistics,1,On-Time,1,0
ORD-12851,2024-04-22,CUST-1065,Consumer,North,PRD-025,Electronics,SmartSync Fitness Tracker,1,90.0,0.15,76.5,41.5,StandardMail,2,On-Time,0,0
ORD-12852,2024-04-22,CUST-1111,Corporate,North,PRD-156,Electronics,Apex Gaming Laptop,1,1200.0,0.1,1080.0,780.0,ExpressLogistics,1,On-Time,0,0
ORD-12853,2024-04-22,CUST-1366,Small Business,South,PRD-787,Furniture,ErgoPro Executive Desk,2,450.0,0.1,810.0,570.0,StandardMail,3,Normal,1,0
ORD-12854,2024-04-22,CUST-1263,Corporate,South,PRD-925,Office Supplies,Premium Recycled Paper (Box),2,45.0,0.0,0.0,-5.6,ExpressLogistics,4,Cancelled,0,1
ORD-12855,2024-04-22,CUST-1284,Small Business,South,PRD-156,Electronics,Apex Gaming Laptop,2,1200.0,0.05,2280.0,1680.0,ExpressLogistics,6,Delayed,1,0
ORD-12856,2024-04-22,CUST-1409,Small Business,South,PRD-904,Furniture,Nordic Solid Oak Bookshelf,3,310.0,0.05,883.5,628.5,ExpressLogistics,3,Normal,0,0
ORD-12857,2024-04-22,CUST-1460,Small Business,South,PRD-910,Furniture,LumbarComfort Mesh Chair,1,220.0,0.15,187.0,122.0,StandardMail,4,Normal,0,0
ORD-12858,2024-04-22,CUST-1192,Small Business,East,PRD-044,Electronics,UltraVision 4K Monitor,2,400.0,0.0,800.0,580.0,SwiftFreight,1,On-Time,0,0
ORD-12859,2024-04-22,CUST-1258,Small Business,East,PRD-925,Office Supplies,Premium Recycled Paper (Box),3,45.0,0.15,114.75,72.75,StandardMail,0,On-Time,0,0
ORD-12860,2024-04-22,CUST-1311,Consumer,East,PRD-904,Furniture,Nordic Solid Oak Bookshelf,2,310.0,0.1,558.0,388.0,ExpressLogistics,2,On-Time,0,0
ORD-12861,2024-04-22,CUST-1174,Small Business,East,PRD-787,Furniture,ErgoPro Executive Desk,2,450.0,0.0,900.0,660.0,SwiftFreight,1,On-Time,0,0
ORD-12862,2024-04-22,CUST-1483,Corporate,East,PRD-787,Furniture,ErgoPro Executive Desk,1,450.0,0.1,405.0,285.0,SwiftFreight,3,Normal,0,0
ORD-12863,2024-04-22,CUST-1111,Small Business,East,PRD-925,Office Supplies,Premium Recycled Paper (Box),1,45.0,0.15,38.25,24.25,SwiftFreight,1,On-Time,0,0
ORD-12864,2024-04-22,CUST-1246,Small Business,East,PRD-904,Furniture,Nordic Solid Oak Bookshelf,1,310.0,0.05,294.5,209.5,SwiftFreight,3,Normal,0,0
ORD-12865,2024-04-22,CUST-1041,Consumer,West,PRD-044,Electronics,UltraVision 4K Monitor,1,400.0,0.05,380.0,270.0,ExpressLogistics,1,On-Time,0,0
ORD-12866,2024-04-22,CUST-1421,Consumer,West,PRD-080,Office Supplies,Gel Ink Pen Multi-Pack,3,18.0,0.0,54.0,36.0,SwiftFreight,1,On-Time,0,0
ORD-12867,2024-04-22,CUST-1359,Small Business,West,PRD-787,Furniture,ErgoPro Executive Desk,2,450.0,0.1,810.0,570.0,ApexGlobal,2,On-Time,0,0
ORD-12868,2024-04-22,CUST-1192,Consumer,West,PRD-367,Office Supplies,HeavyDuty Metal Stapler,1,25.0,0.05,23.75,13.75,ApexGlobal,1,On-Time,0,0
ORD-12869,2024-04-22,CUST-1111,Consumer,West,PRD-910,Furniture,LumbarComfort Mesh Chair,1,220.0,0.05,209.0,144.0,SwiftFreight,1,On-Time,0,0
ORD-12870,2024-04-23,CUST-1296,Corporate,North,PRD-506,Electronics,SoundPulse Wireless Headphone,1,150.0,0.15,127.5,77.5,ExpressLogistics,1,On-Time,0,0
ORD-12871,2024-04-23,CUST-1194,Corporate,North,PRD-025,Electronics,SmartSync Fitness Tracker,1,90.0,0.05,85.5,50.5,StandardMail,0,On-Time,0,0
ORD-12872,2024-04-23,CUST-1157,Consumer,North,PRD-910,Furniture,LumbarComfort Mesh Chair,2,220.0,0.15,374.0,244.0,SwiftFreight,1,On-Time,0,0
ORD-12873,2024-04-23,CUST-1307,Consumer,North,PRD-904,Furniture,Nordic Solid Oak Bookshelf,1,310.0,0.0,310.0,225.0,ExpressLogistics,1,On-Time,0,0
ORD-12874,2024-04-23,CUST-1027,Consumer,North,PRD-080,Office Supplies,Gel Ink Pen Multi-Pack,2,18.0,0.0,36.0,24.0,SwiftFreight,1,On-Time,0,0
ORD-12875,2024-04-23,CUST-1332,Consumer,North,PRD-025,Electronics,SmartSync Fitness Tracker,1,90.0,0.1,81.0,46.0,ApexGlobal,2,On-Time,0,0
ORD-12876,2024-04-23,CUST-1360,Corporate,North,PRD-506,Electronics,SoundPulse Wireless Headphone,2,150.0,0.0,300.0,200.0,ApexGlobal,2,On-Time,0,0
ORD-12877,2024-04-23,CUST-1488,Corporate,North,PRD-904,Furniture,Nordic Solid Oak Bookshelf,1,310.0,0.0,310.0,225.0,StandardMail,1,On-Time,0,0
ORD-12878,2024-04-23,CUST-1017,Consumer,South,PRD-025,Electronics,SmartSync Fitness Tracker,2,90.0,0.15,153.0,83.0,StandardMail,9,Delayed,0,0
ORD-12879,2024-04-23,CUST-1319,Consumer,South,PRD-910,Furniture,LumbarComfort Mesh Chair,1,220.0,0.1,198.0,133.0,ExpressLogistics,5,Delayed,0,0
ORD-12880,2024-04-23,CUST-1392,Corporate,South,PRD-925,Office Supplies,Premium Recycled Paper (Box),2,45.0,0.05,85.5,57.5,ExpressLogistics,3,Normal,0,0
ORD-12881,2024-04-23,CUST-1291,Small Business,South,PRD-925,Office Supplies,Premium Recycled Paper (Box),3,45.0,0.15,114.75,72.75,ExpressLogistics,5,Delayed,0,0
ORD-12882,2024-04-23,CUST-1468,Corporate,East,PRD-080,Office Supplies,Gel Ink Pen Multi-Pack,2,18.0,0.1,32.4,20.4,ExpressLogistics,2,On-Time,0,0
ORD-12883,2024-04-23,CUST-1256,Consumer,East,PRD-506,Electronics,SoundPulse Wireless Headphone,1,150.0,0.0,150.0,100.0,SwiftFreight,1,On-Time,0,0
ORD-12884,2024-04-23,CUST-1473,Small Business,East,PRD-506,Electronics,SoundPulse Wireless Headphone,1,150.0,0.15,127.5,77.5,ExpressLogistics,2,On-Time,0,0
ORD-12885,2024-04-23,CUST-1203,Consumer,East,PRD-367,Office Supplies,HeavyDuty Metal Stapler,1,25.0,0.1,22.5,12.5,ApexGlobal,1,On-Time,0,0
ORD-12886,2024-04-23,CUST-1140,Small Business,East,PRD-787,Furniture,ErgoPro Executive Desk,2,450.0,0.15,765.0,525.0,SwiftFreight,2,On-Time,0,0
ORD-12887,2024-04-23,CUST-1137,Consumer,East,PRD-367,Office Supplies,HeavyDuty Metal Stapler,2,25.0,0.05,47.5,27.5,ApexGlobal,1,On-Time,0,0
ORD-12888,2024-04-23,CUST-1109,Consumer,East,PRD-156,Electronics,Apex Gaming Laptop,1,1200.0,0.15,1020.0,720.0,SwiftFreight,1,On-Time,0,0
ORD-12889,2024-04-23,CUST-1405,Corporate,East,PRD-904,Furniture,Nordic Solid Oak Bookshelf,2,310.0,0.1,558.0,388.0,ApexGlobal,1,On-Time,0,0
ORD-12890,2024-04-23,CUST-1197,Small Business,West,PRD-787,Furniture,ErgoPro Executive Desk,2,450.0,0.0,900.0,660.0,ApexGlobal,2,On-Time,0,0
ORD-12891,2024-04-23,CUST-1340,Consumer,West,PRD-787,Furniture,ErgoPro Executive Desk,2,450.0,0.05,855.0,615.0,StandardMail,2,On-Time,0,0
ORD-12892,2024-04-23,CUST-1027,Consumer,West,PRD-925,Office Supplies,Premium Recycled Paper (Box),3,45.0,0.05,128.25,86.25,SwiftFreight,1,On-Time,0,0
ORD-12893,2024-04-23,CUST-1017,Consumer,West,PRD-044,Electronics,UltraVision 4K Monitor,3,400.0,0.05,1140.0,810.0,ExpressLogistics,1,On-Time,0,0
ORD-12894,2024-04-23,CUST-1391,Corporate,West,PRD-156,Electronics,Apex Gaming Laptop,3,1200.0,0.15,3060.0,2160.0,StandardMail,2,On-Time,1,0
ORD-12895,2024-04-24,CUST-1333,Corporate,North,PRD-925,Office Supplies,Premium Recycled Paper (Box),1,45.0,0.05,42.75,28.75,ExpressLogistics,2,On-Time,0,0
ORD-12896,2024-04-24,CUST-1216,Corporate,North,PRD-910,Furniture,LumbarComfort Mesh Chair,2,220.0,0.1,396.0,266.0,SwiftFreight,2,On-Time,0,0
ORD-12897,2024-04-24,CUST-1204,Corporate,North,PRD-080,Office Supplies,Gel Ink Pen Multi-Pack,3,18.0,0.1,48.6,30.6,ExpressLogistics,0,On-Time,0,0
ORD-12898,2024-04-24,CUST-1152,Corporate,North,PRD-904,Furniture,Nordic Solid Oak Bookshelf,2,310.0,0.05,589.0,419.0,SwiftFreight,0,On-Time,0,0
ORD-12899,2024-04-24,CUST-1071,Consumer,North,PRD-367,Office Supplies,HeavyDuty Metal Stapler,3,25.0,0.05,71.25,41.25,SwiftFreight,1,On-Time,0,0
ORD-12900,2024-04-24,CUST-1301,Small Business,North,PRD-156,Electronics,Apex Gaming Laptop,3,1200.0,0.15,3060.0,2160.0,ApexGlobal,1,On-Time,0,0
ORD-12901,2024-04-24,CUST-1070,Small Business,North,PRD-506,Electronics,SoundPulse Wireless Headphone,2,150.0,0.05,285.0,185.0,ApexGlobal,1,On-Time,0,0
ORD-12902,2024-04-24,CUST-1176,Consumer,South,PRD-080,Office Supplies,Gel Ink Pen Multi-Pack,2,18.0,0.1,0.0,-2.4,ApexGlobal,3,Cancelled,0,1
ORD-12903,2024-04-24,CUST-1323,Small Business,South,PRD-904,Furniture,Nordic Solid Oak Bookshelf,2,310.0,0.1,558.0,388.0,SwiftFreight,4,Normal,0,0
ORD-12904,2024-04-24,CUST-1035,Corporate,South,PRD-910,Furniture,LumbarComfort Mesh Chair,3,220.0,0.05,627.0,432.0,ExpressLogistics,4,Normal,1,0
ORD-12905,2024-04-24,CUST-1025,,East,PRD-904,Furniture,Nordic Solid Oak Bookshelf,3,310.0,0.0,930.0,675.0,SwiftFreight,0,On-Time,0,0
ORD-12906,2024-04-24,CUST-1175,Consumer,East,PRD-506,Electronics,SoundPulse Wireless Headphone,2,150.0,0.0,300.0,200.0,SwiftFreight,2,On-Time,0,0
ORD-12907,2024-04-24,CUST-1063,Consumer,East,PRD-910,Furniture,LumbarComfort Mesh Chair,3,220.0,0.0,660.0,465.0,StandardMail,2,On-Time,0,0
ORD-12908,2024-04-24,CUST-1227,Corporate,East,PRD-787,Furniture,ErgoPro Executive Desk,1,450.0,0.15,382.5,262.5,StandardMail,0,On-Time,0,0
ORD-12909,2024-04-24,CUST-1401,Consumer,East,PRD-904,Furniture,Nordic Solid Oak Bookshelf,3,310.0,0.1,837.0,582.0,StandardMail,0,On-Time,0,0
ORD-12910,2024-04-24,CUST-1120,Consumer,West,PRD-925,Office Supplies,Premium Recycled Paper (Box),2,45.0,0.1,81.0,53.0,ApexGlobal,1,On-Time,0,0
ORD-12911,2024-04-24,CUST-1086,Consumer,West,PRD-910,Furniture,LumbarComfort Mesh Chair,1,220.0,0.15,187.0,122.0,StandardMail,1,On-Time,0,0
ORD-12912,2024-04-24,CUST-1055,Small Business,West,PRD-044,Electronics,UltraVision 4K Monitor,1,400.0,0.1,360.0,250.0,ExpressLogistics,2,On-Time,0,0
ORD-12913,2024-04-24,CUST-1310,Corporate,West,PRD-904,Furniture,Nordic Solid Oak Bookshelf,1,310.0,0.0,310.0,225.0,SwiftFreight,1,On-Time,0,0
ORD-12914,2024-04-24,CUST-1155,Consumer,West,PRD-025,Electronics,SmartSync Fitness Tracker,2,90.0,0.0,180.0,110.0,ExpressLogistics,1,On-Time,0,0
ORD-12915,2024-04-24,CUST-1330,Small Business,West,PRD-925,Office Supplies,Premium Recycled Paper (Box),3,45.0,0.05,128.25,86.25,ApexGlobal,1,On-Time,0,0
ORD-12916,2024-04-25,CUST-1447,Corporate,North,PRD-910,Furniture,LumbarComfort Mesh Chair,2,220.0,0.0,440.0,310.0,SwiftFreight,1,On-Time,1,0
ORD-12917,2024-04-25,CUST-1074,Corporate,North,PRD-367,Office Supplies,HeavyDuty Metal Stapler,3,25.0,0.05,71.25,41.25,SwiftFreight,1,On-Time,0,0
ORD-12918,2024-04-25,CUST-1295,Consumer,North,PRD-044,Electronics,UltraVision 4K Monitor,3,400.0,0.05,1140.0,810.0,ExpressLogistics,2,On-Time,0,0
ORD-12919,2024-04-25,CUST-1077,,North,PRD-904,Furniture,Nordic Solid Oak Bookshelf,2,310.0,0.05,589.0,419.0,SwiftFreight,1,On-Time,0,0
ORD-12920,2024-04-25,CUST-1296,Corporate,North,PRD-156,Electronics,Apex Gaming Laptop,1,1200.0,0.05,1140.0,840.0,SwiftFreight,2,On-Time,0,0
ORD-12921,2024-04-25,CUST-1348,Small Business,North,PRD-025,Electronics,SmartSync Fitness Tracker,2,90.0,0.05,171.0,101.0,ApexGlobal,2,On-Time,0,0
ORD-12922,2024-04-25,CUST-1101,Consumer,North,PRD-910,Furniture,LumbarComfort Mesh Chair,1,220.0,0.15,187.0,122.0,StandardMail,1,On-Time,0,0
ORD-12923,2024-04-25,CUST-1381,Corporate,North,PRD-910,Furniture,LumbarComfort Mesh Chair,2,220.0,0.05,418.0,288.0,ApexGlobal,0,On-Time,0,0
ORD-12924,2024-04-25,CUST-1044,Consumer,South,PRD-044,Electronics,UltraVision 4K Monitor,3,400.0,0.1,0.0,-66.0,SwiftFreight,7,Cancelled,1,1
ORD-12925,2024-04-25,CUST-1315,Small Business,South,PRD-080,Office Supplies,Gel Ink Pen Multi-Pack,2,18.0,0.0,36.0,24.0,ExpressLogistics,5,Delayed,0,0
ORD-12926,2024-04-25,CUST-1039,Corporate,South,PRD-506,Electronics,SoundPulse Wireless Headphone,3,150.0,0.15,382.5,232.5,SwiftFreight,4,Normal,0,0
ORD-12927,2024-04-25,CUST-1446,Consumer,South,PRD-787,Furniture,ErgoPro Executive Desk,2,450.0,0.15,765.0,525.0,StandardMail,3,Normal,0,0
ORD-12928,2024-04-25,CUST-1211,Small Business,South,PRD-506,Electronics,SoundPulse Wireless Headphone,2,150.0,0.1,270.0,170.0,ExpressLogistics,5,Delayed,0,0
ORD-12929,2024-04-25,CUST-1047,Consumer,South,PRD-787,Furniture,ErgoPro Executive Desk,1,450.0,0.15,0.0,-24.0,ExpressLogistics,4,Cancelled,1,1
ORD-12930,2024-04-25,CUST-1006,Small Business,East,PRD-080,Office Supplies,Gel Ink Pen Multi-Pack,1,18.0,0.05,17.1,11.1,SwiftFreight,1,On-Time,0,0
ORD-12931,2024-04-25,CUST-1328,Corporate,East,PRD-044,Electronics,UltraVision 4K Monitor,1,400.0,0.1,360.0,250.0,ExpressLogistics,0,On-Time,0,0
ORD-12932,2024-04-25,CUST-1198,Small Business,East,PRD-044,Electronics,UltraVision 4K Monitor,3,400.0,0.0,1200.0,870.0,StandardMail,1,On-Time,0,0
ORD-12933,2024-04-25,CUST-1397,Consumer,East,PRD-925,Office Supplies,Premium Recycled Paper (Box),1,45.0,0.1,40.5,26.5,ExpressLogistics,2,On-Time,0,0
ORD-12934,2024-04-25,CUST-1080,Small Business,East,PRD-080,Office Supplies,Gel Ink Pen Multi-Pack,2,18.0,0.15,30.6,18.6,SwiftFreight,1,On-Time,0,0
ORD-12935,2024-04-25,CUST-1375,Consumer,East,PRD-925,Office Supplies,Premium Recycled Paper (Box),1,45.0,0.1,40.5,26.5,ExpressLogistics,2,On-Time,0,0
ORD-12936,2024-04-25,CUST-1462,Corporate,East,PRD-787,Furniture,ErgoPro Executive Desk,1,450.0,0.15,382.5,262.5,StandardMail,0,On-Time,0,0
ORD-12937,2024-04-25,CUST-1186,Small Business,West,PRD-025,Electronics,SmartSync Fitness Tracker,3,90.0,0.1,243.0,138.0,SwiftFreight,0,On-Time,0,0
ORD-12938,2024-04-25,CUST-1286,Small Business,West,PRD-156,Electronics,Apex Gaming Laptop,1,1200.0,0.1,1080.0,780.0,SwiftFreight,2,On-Time,0,0
ORD-12939,2024-04-25,CUST-1062,Small Business,West,PRD-904,Furniture,Nordic Solid Oak Bookshelf,2,310.0,0.15,527.0,357.0,StandardMail,2,On-Time,0,0
ORD-12940,2024-04-25,CUST-1072,Consumer,West,PRD-367,Office Supplies,HeavyDuty Metal Stapler,3,25.0,0.1,67.5,37.5,ApexGlobal,1,On-Time,0,0
ORD-12941,2024-04-25,CUST-1108,Corporate,West,PRD-080,Office Supplies,Gel Ink Pen Multi-Pack,1,18.0,0.1,16.2,10.2,StandardMail,2,On-Time,0,0
ORD-12942,2024-04-25,CUST-1135,Small Business,West,PRD-910,Furniture,LumbarComfort Mesh Chair,3,220.0,0.0,660.0,465.0,ExpressLogistics,1,On-Time,0,0
ORD-12943,2024-04-26,CUST-1244,Consumer,North,PRD-925,Office Supplies,Premium Recycled Paper (Box),1,45.0,0.05,42.75,28.75,StandardMail,2,On-Time,0,0
ORD-12944,2024-04-26,CUST-1301,Consumer,North,PRD-925,Office Supplies,Premium Recycled Paper (Box),3,45.0,0.1,121.5,79.5,ExpressLogistics,2,On-Time,0,0
ORD-12945,2024-04-26,CUST-1216,Small Business,North,PRD-904,Furniture,Nordic Solid Oak Bookshelf,1,310.0,0.15,263.5,178.5,StandardMail,0,On-Time,0,0
ORD-12946,2024-04-26,CUST-1080,Consumer,North,PRD-367,Office Supplies,HeavyDuty Metal Stapler,2,25.0,0.0,50.0,30.0,ExpressLogistics,1,On-Time,0,0
ORD-12947,2024-04-26,CUST-1407,Consumer,North,PRD-044,Electronics,UltraVision 4K Monitor,2,400.0,0.15,680.0,460.0,StandardMail,0,On-Time,0,0
ORD-12948,2024-04-26,CUST-1478,Small Business,North,PRD-367,Office Supplies,HeavyDuty Metal Stapler,1,25.0,0.1,22.5,12.5,StandardMail,1,On-Time,0,0
ORD-12949,2024-04-26,CUST-1427,Corporate,North,PRD-080,Office Supplies,Gel Ink Pen Multi-Pack,1,18.0,0.0,18.0,12.0,StandardMail,1,On-Time,0,0
ORD-12950,2024-04-26,CUST-1465,Small Business,North,PRD-925,Office Supplies,Premium Recycled Paper (Box),2,45.0,0.0,90.0,62.0,SwiftFreight,0,On-Time,0,0
ORD-12951,2024-04-26,CUST-1433,Small Business,South,PRD-156,Electronics,Apex Gaming Laptop,2,1200.0,0.1,2160.0,1560.0,ExpressLogistics,10,Delayed,0,0
ORD-12952,2024-04-26,CUST-1225,Corporate,South,PRD-787,Furniture,ErgoPro Executive Desk,1,450.0,0.15,382.5,262.5,ApexGlobal,4,Normal,1,0
ORD-12953,2024-04-26,CUST-1492,Corporate,South,PRD-925,Office Supplies,Premium Recycled Paper (Box),1,45.0,0.1,40.5,26.5,SwiftFreight,3,Normal,0,0
ORD-12954,2024-04-26,CUST-1199,Corporate,South,PRD-787,Furniture,ErgoPro Executive Desk,3,450.0,0.1,1215.0,855.0,StandardMail,3,Normal,0,0
ORD-12955,2024-04-26,CUST-1102,Small Business,South,PRD-925,Office Supplies,Premium Recycled Paper (Box),1,45.0,0.05,42.75,28.75,SwiftFreight,4,Normal,1,0
ORD-12956,2024-04-26,CUST-1141,Small Business,East,PRD-080,Office Supplies,Gel Ink Pen Multi-Pack,2,18.0,0.1,32.4,20.4,StandardMail,0,On-Time,0,0
ORD-12957,2024-04-26,CUST-1024,Corporate,East,PRD-025,Electronics,SmartSync Fitness Tracker,2,90.0,0.0,180.0,110.0,ApexGlobal,1,On-Time,0,0
ORD-12958,2024-04-26,CUST-1476,Corporate,East,PRD-080,Office Supplies,Gel Ink Pen Multi-Pack,1,18.0,0.05,17.1,11.1,ApexGlobal,1,On-Time,0,0
ORD-12959,2024-04-26,CUST-1379,,East,PRD-156,Electronics,Apex Gaming Laptop,3,1200.0,0.15,3060.0,2160.0,ApexGlobal,0,On-Time,0,0
ORD-12960,2024-04-26,CUST-1185,Small Business,East,PRD-904,Furniture,Nordic Solid Oak Bookshelf,2,310.0,0.05,589.0,419.0,StandardMail,0,On-Time,0,0
ORD-12961,2024-04-26,CUST-1415,Consumer,East,PRD-904,Furniture,Nordic Solid Oak Bookshelf,2,310.0,0.15,527.0,357.0,ApexGlobal,2,On-Time,0,0
ORD-12962,2024-04-26,CUST-1449,Corporate,West,PRD-910,Furniture,LumbarComfort Mesh Chair,3,220.0,0.05,627.0,432.0,SwiftFreight,0,On-Time,0,0
ORD-12963,2024-04-26,CUST-1438,Corporate,West,PRD-156,Electronics,Apex Gaming Laptop,2,1200.0,0.05,2280.0,1680.0,,1,On-Time,0,0
ORD-12964,2024-04-26,CUST-1448,Small Business,West,PRD-080,Office Supplies,Gel Ink Pen Multi-Pack,2,18.0,0.1,32.4,20.4,SwiftFreight,2,On-Time,0,0
ORD-12965,2024-04-26,CUST-1415,Corporate,West,PRD-080,Office Supplies,Gel Ink Pen Multi-Pack,3,18.0,0.0,54.0,36.0,SwiftFreight,1,On-Time,0,0
ORD-12966,2024-04-26,CUST-1423,Consumer,West,PRD-025,Electronics,SmartSync Fitness Tracker,1,90.0,0.1,81.0,46.0,SwiftFreight,1,On-Time,0,0
ORD-12967,2024-04-26,CUST-1366,Small Business,West,PRD-904,Furniture,Nordic Solid Oak Bookshelf,3,310.0,0.1,837.0,582.0,StandardMail,1,On-Time,0,0
ORD-12968,2024-04-26,CUST-1040,Consumer,West,PRD-787,Furniture,ErgoPro Executive Desk,1,450.0,0.1,405.0,285.0,ExpressLogistics,1,On-Time,0,0
ORD-12969,2024-04-27,CUST-1317,Corporate,North,PRD-025,Electronics,SmartSync Fitness Tracker,3,90.0,0.0,270.0,165.0,SwiftFreight,1,On-Time,0,0
ORD-12970,2024-04-27,CUST-1122,Small Business,North,PRD-044,Electronics,UltraVision 4K Monitor,3,400.0,0.0,1200.0,870.0,StandardMail,2,On-Time,0,0
ORD-12971,2024-04-27,CUST-1057,Consumer,North,PRD-367,Office Supplies,HeavyDuty Metal Stapler,3,25.0,0.05,71.25,41.25,,0,On-Time,0,0
ORD-12972,2024-04-27,CUST-1128,Corporate,North,PRD-367,Office Supplies,HeavyDuty Metal Stapler,2,25.0,0.05,47.5,27.5,ExpressLogistics,3,Normal,0,0
ORD-12973,2024-04-27,CUST-1308,Corporate,North,PRD-156,Electronics,Apex Gaming Laptop,1,1200.0,0.15,1020.0,720.0,StandardMail,1,On-Time,0,0
ORD-12974,2024-04-27,CUST-1242,Corporate,North,PRD-080,Office Supplies,Gel Ink Pen Multi-Pack,2,18.0,0.05,34.2,22.2,StandardMail,1,On-Time,0,0
ORD-12975,2024-04-27,CUST-1361,Consumer,South,PRD-080,Office Supplies,Gel Ink Pen Multi-Pack,2,18.0,0.15,30.6,18.6,StandardMail,2,On-Time,0,0
ORD-12976,2024-04-27,CUST-1445,Small Business,South,PRD-904,Furniture,Nordic Solid Oak Bookshelf,3,310.0,0.1,837.0,582.0,ApexGlobal,4,Normal,0,0
ORD-12977,2024-04-27,CUST-1401,Corporate,South,PRD-910,Furniture,LumbarComfort Mesh Chair,3,220.0,0.05,627.0,432.0,ApexGlobal,4,Normal,0,0
ORD-12978,2024-04-27,CUST-1423,Small Business,East,PRD-787,Furniture,ErgoPro Executive Desk,2,450.0,0.05,855.0,615.0,ApexGlobal,1,On-Time,0,0
ORD-12979,2024-04-27,CUST-1115,Small Business,East,PRD-506,Electronics,SoundPulse Wireless Headphone,1,150.0,0.0,150.0,100.0,StandardMail,1,On-Time,0,0
ORD-12980,2024-04-27,CUST-1387,Small Business,East,PRD-787,Furniture,ErgoPro Executive Desk,1,450.0,0.05,427.5,307.5,ApexGlobal,1,On-Time,0,0
ORD-12981,2024-04-27,CUST-1138,Small Business,East,PRD-080,Office Supplies,Gel Ink Pen Multi-Pack,2,18.0,0.05,34.2,22.2,StandardMail,1,On-Time,0,0
ORD-12982,2024-04-27,CUST-1137,Corporate,East,PRD-367,Office Supplies,HeavyDuty Metal Stapler,2,25.0,0.15,42.5,22.5,StandardMail,0,On-Time,0,0
ORD-12983,2024-04-27,CUST-1293,Corporate,East,PRD-925,Office Supplies,Premium Recycled Paper (Box),1,45.0,0.0,45.0,31.0,SwiftFreight,2,On-Time,0,0
ORD-12984,2024-04-27,CUST-1234,Consumer,East,PRD-925,Office Supplies,Premium Recycled Paper (Box),1,45.0,0.0,45.0,31.0,ApexGlobal,1,On-Time,0,0
ORD-12985,2024-04-27,CUST-1394,Corporate,West,PRD-367,Office Supplies,HeavyDuty Metal Stapler,1,25.0,0.0,25.0,15.0,ApexGlobal,1,On-Time,0,0
ORD-12986,2024-04-27,CUST-1077,Consumer,West,PRD-925,Office Supplies,Premium Recycled Paper (Box),1,45.0,0.1,40.5,26.5,ExpressLogistics,1,On-Time,0,0
ORD-12987,2024-04-27,CUST-1234,Small Business,West,PRD-925,Office Supplies,Premium Recycled Paper (Box),3,45.0,0.15,114.75,72.75,SwiftFreight,0,On-Time,0,0
ORD-12988,2024-04-27,CUST-1436,Corporate,West,PRD-025,Electronics,SmartSync Fitness Tracker,3,90.0,0.1,243.0,138.0,ApexGlobal,1,On-Time,0,0
ORD-12989,2024-04-27,CUST-1278,Corporate,West,PRD-025,Electronics,SmartSync Fitness Tracker,3,90.0,0.05,256.5,151.5,ApexGlobal,0,On-Time,0,0
ORD-12990,2024-04-27,CUST-1103,Consumer,West,PRD-367,Office Supplies,HeavyDuty Metal Stapler,1,25.0,0.1,22.5,12.5,ExpressLogistics,1,On-Time,0,0
ORD-12991,2024-04-28,CUST-1219,Consumer,North,PRD-367,Office Supplies,HeavyDuty Metal Stapler,3,25.0,0.15,63.75,33.75,SwiftFreight,0,On-Time,0,0
ORD-12992,2024-04-28,CUST-1451,Small Business,North,PRD-506,Electronics,SoundPulse Wireless Headphone,2,150.0,0.05,285.0,185.0,SwiftFreight,1,On-Time,0,0
ORD-12993,2024-04-28,CUST-1362,Consumer,North,PRD-925,Office Supplies,Premium Recycled Paper (Box),2,45.0,0.0,90.0,62.0,ApexGlobal,1,On-Time,0,0
ORD-12994,2024-04-28,CUST-1215,Consumer,North,PRD-025,Electronics,SmartSync Fitness Tracker,1,90.0,0.15,76.5,41.5,StandardMail,0,On-Time,0,0
ORD-12995,2024-04-28,CUST-1082,Corporate,North,PRD-925,Office Supplies,Premium Recycled Paper (Box),3,45.0,0.05,128.25,86.25,ApexGlobal,0,On-Time,0,0
ORD-12996,2024-04-28,CUST-1380,Consumer,North,PRD-044,Electronics,UltraVision 4K Monitor,1,400.0,0.1,360.0,250.0,SwiftFreight,1,On-Time,0,0
ORD-12997,2024-04-28,CUST-1194,Small Business,South,PRD-910,Furniture,LumbarComfort Mesh Chair,1,220.0,0.15,187.0,122.0,ExpressLogistics,4,Normal,0,0
ORD-12998,2024-04-28,CUST-1049,Consumer,South,PRD-910,Furniture,LumbarComfort Mesh Chair,3,220.0,0.05,627.0,432.0,SwiftFreight,5,Delayed,0,0
ORD-12999,2024-04-28,CUST-1489,Corporate,South,PRD-080,Office Supplies,Gel Ink Pen Multi-Pack,1,18.0,0.0,18.0,12.0,ApexGlobal,4,Normal,0,0
ORD-13000,2024-04-28,CUST-1025,Corporate,South,PRD-044,Electronics,UltraVision 4K Monitor,2,400.0,0.0,800.0,580.0,ExpressLogistics,8,Delayed,0,0
ORD-13001,2024-04-28,CUST-1361,Small Business,South,PRD-044,Electronics,UltraVision 4K Monitor,3,400.0,0.0,0.0,-66.0,SwiftFreight,7,Cancelled,1,1
ORD-13002,2024-04-28,CUST-1185,Consumer,East,PRD-367,Office Supplies,HeavyDuty Metal Stapler,1,25.0,0.0,25.0,15.0,ApexGlobal,3,Normal,0,0
ORD-13003,2024-04-28,CUST-1443,Corporate,East,PRD-787,Furniture,ErgoPro Executive Desk,1,450.0,0.1,405.0,285.0,ExpressLogistics,1,On-Time,0,0
ORD-13004,2024-04-28,CUST-1028,Consumer,East,PRD-025,Electronics,SmartSync Fitness Tracker,2,90.0,0.05,171.0,101.0,SwiftFreight,0,On-Time,0,0
ORD-13005,2024-04-28,CUST-1253,Corporate,East,PRD-506,Electronics,SoundPulse Wireless Headphone,3,150.0,0.1,405.0,255.0,SwiftFreight,1,On-Time,0,0
ORD-13006,2024-04-28,CUST-1445,Corporate,East,PRD-367,Office Supplies,HeavyDuty Metal Stapler,3,25.0,0.05,71.25,41.25,StandardMail,1,On-Time,0,0
ORD-13007,2024-04-28,CUST-1300,Consumer,East,PRD-367,Office Supplies,HeavyDuty Metal Stapler,1,25.0,0.0,25.0,15.0,ApexGlobal,0,On-Time,0,0
ORD-13008,2024-04-28,CUST-1344,Corporate,West,PRD-044,Electronics,UltraVision 4K Monitor,1,400.0,0.05,380.0,270.0,SwiftFreight,1,On-Time,0,0
ORD-13009,2024-04-28,CUST-1377,Consumer,West,PRD-787,Furniture,ErgoPro Executive Desk,2,450.0,0.05,855.0,615.0,ApexGlobal,1,On-Time,0,0
ORD-13010,2024-04-28,CUST-1497,Corporate,West,PRD-080,Office Supplies,Gel Ink Pen Multi-Pack,3,18.0,0.15,45.9,27.9,StandardMail,2,On-Time,0,0
ORD-13011,2024-04-28,CUST-1181,Consumer,West,PRD-080,Office Supplies,Gel Ink Pen Multi-Pack,1,18.0,0.0,18.0,12.0,ApexGlobal,1,On-Time,0,0
ORD-13012,2024-04-28,CUST-1110,Consumer,West,PRD-787,Furniture,ErgoPro Executive Desk,1,450.0,0.05,427.5,307.5,StandardMail,0,On-Time,0,0
ORD-13013,2024-04-28,CUST-1083,Consumer,West,PRD-787,Furniture,ErgoPro Executive Desk,2,450.0,0.1,810.0,570.0,ExpressLogistics,1,On-Time,0,0
ORD-13014,2024-04-29,CUST-1171,Corporate,North,PRD-080,Office Supplies,Gel Ink Pen Multi-Pack,2,18.0,0.0,36.0,24.0,ExpressLogistics,1,On-Time,0,0
ORD-13015,2024-04-29,CUST-1400,Small Business,North,PRD-925,Office Supplies,Premium Recycled Paper (Box),2,45.0,0.15,76.5,48.5,SwiftFreight,1,On-Time,0,0
ORD-13016,2024-04-29,CUST-1367,Corporate,North,PRD-787,Furniture,ErgoPro Executive Desk,2,450.0,0.15,765.0,525.0,SwiftFreight,1,On-Time,0,0
ORD-13017,2024-04-29,CUST-1319,Corporate,North,PRD-925,Office Supplies,Premium Recycled Paper (Box),1,45.0,0.15,38.25,24.25,StandardMail,0,On-Time,0,0
ORD-13018,2024-04-29,CUST-1459,Corporate,North,PRD-025,Electronics,SmartSync Fitness Tracker,2,90.0,0.0,180.0,110.0,StandardMail,0,On-Time,0,0
ORD-13019,2024-04-29,CUST-1260,Consumer,North,PRD-904,Furniture,Nordic Solid Oak Bookshelf,2,310.0,0.15,527.0,357.0,StandardMail,2,On-Time,0,0
ORD-13020,2024-04-29,CUST-1148,Corporate,South,PRD-910,Furniture,LumbarComfort Mesh Chair,2,220.0,0.0,0.0,-26.0,ExpressLogistics,4,Cancelled,0,1
ORD-13021,2024-04-29,CUST-1032,Consumer,South,PRD-044,Electronics,UltraVision 4K Monitor,3,400.0,0.05,0.0,-66.0,ApexGlobal,5,Cancelled,0,1
ORD-13022,2024-04-29,CUST-1088,Small Business,South,PRD-156,Electronics,Apex Gaming Laptop,1,1200.0,0.0,0.0,-60.0,ApexGlobal,8,Cancelled,1,1
ORD-13023,2024-04-29,CUST-1097,Corporate,South,PRD-044,Electronics,UltraVision 4K Monitor,2,400.0,0.0,800.0,580.0,StandardMail,6,Delayed,1,0
ORD-13024,2024-04-29,CUST-1195,Small Business,South,PRD-080,Office Supplies,Gel Ink Pen Multi-Pack,2,18.0,0.05,0.0,-2.4,ApexGlobal,7,Cancelled,0,1
ORD-13025,2024-04-29,CUST-1142,Small Business,South,PRD-367,Office Supplies,HeavyDuty Metal Stapler,2,25.0,0.05,47.5,27.5,ExpressLogistics,4,Normal,0,0
ORD-13026,2024-04-29,CUST-1498,Corporate,East,PRD-506,Electronics,SoundPulse Wireless Headphone,2,150.0,0.1,0.0,-20.0,ExpressLogistics,1,Cancelled,0,1
ORD-13027,2024-04-29,CUST-1062,Small Business,East,PRD-025,Electronics,SmartSync Fitness Tracker,1,90.0,0.05,85.5,50.5,ExpressLogistics,1,On-Time,0,0
ORD-13028,2024-04-29,CUST-1042,Consumer,East,PRD-787,Furniture,ErgoPro Executive Desk,1,450.0,0.0,450.0,330.0,ApexGlobal,1,On-Time,0,0
ORD-13029,2024-04-29,CUST-1068,Consumer,East,PRD-044,Electronics,UltraVision 4K Monitor,3,400.0,0.05,1140.0,810.0,StandardMail,1,On-Time,0,0
ORD-13030,2024-04-29,CUST-1262,Consumer,East,PRD-910,Furniture,LumbarComfort Mesh Chair,1,220.0,0.0,220.0,155.0,SwiftFreight,1,On-Time,0,0
ORD-13031,2024-04-29,CUST-1039,Consumer,East,PRD-367,Office Supplies,HeavyDuty Metal Stapler,2,25.0,0.1,45.0,25.0,StandardMail,1,On-Time,0,0
ORD-13032,2024-04-29,CUST-1471,Small Business,East,PRD-080,Office Supplies,Gel Ink Pen Multi-Pack,3,18.0,0.1,48.6,30.6,SwiftFreight,0,On-Time,0,0
ORD-13033,2024-04-29,CUST-1058,Small Business,West,PRD-925,Office Supplies,Premium Recycled Paper (Box),3,45.0,0.15,114.75,72.75,ExpressLogistics,1,On-Time,0,0
ORD-13034,2024-04-29,CUST-1354,Corporate,West,PRD-910,Furniture,LumbarComfort Mesh Chair,1,220.0,0.1,198.0,133.0,SwiftFreight,0,On-Time,0,0
ORD-13035,2024-04-29,CUST-1172,Corporate,West,PRD-904,Furniture,Nordic Solid Oak Bookshelf,1,310.0,0.0,310.0,225.0,StandardMail,1,On-Time,0,0
ORD-13036,2024-04-29,CUST-1345,Consumer,West,PRD-925,Office Supplies,Premium Recycled Paper (Box),2,45.0,0.05,85.5,57.5,SwiftFreight,1,On-Time,0,0
ORD-13037,2024-04-29,CUST-1365,Consumer,West,PRD-367,Office Supplies,HeavyDuty Metal Stapler,3,25.0,0.0,75.0,45.0,SwiftFreight,1,On-Time,0,0
ORD-13038,2024-04-29,CUST-1237,Corporate,West,PRD-506,Electronics,SoundPulse Wireless Headphone,3,150.0,0.1,405.0,255.0,SwiftFreight,1,On-Time,0,0
ORD-13039,2024-04-29,CUST-1183,Small Business,West,PRD-904,Furniture,Nordic Solid Oak Bookshelf,1,310.0,0.15,263.5,178.5,ApexGlobal,2,On-Time,0,0
ORD-13040,2024-04-29,CUST-1038,Small Business,West,PRD-910,Furniture,LumbarComfort Mesh Chair,1,220.0,0.1,198.0,133.0,ExpressLogistics,1,On-Time,0,0
ORD-13041,2024-04-30,CUST-1424,Consumer,North,PRD-787,Furniture,ErgoPro Executive Desk,2,450.0,0.0,900.0,660.0,StandardMail,0,On-Time,0,0
ORD-13042,2024-04-30,CUST-1338,Consumer,North,PRD-156,Electronics,Apex Gaming Laptop,2,1200.0,0.15,2040.0,1440.0,StandardMail,1,On-Time,0,0
ORD-13043,2024-04-30,CUST-1039,Consumer,North,PRD-506,Electronics,SoundPulse Wireless Headphone,2,150.0,0.0,300.0,200.0,StandardMail,1,On-Time,0,0
ORD-13044,2024-04-30,CUST-1251,Consumer,North,PRD-156,Electronics,Apex Gaming Laptop,1,1200.0,0.05,1140.0,840.0,StandardMail,1,On-Time,0,0
ORD-13045,2024-04-30,CUST-1313,Small Business,North,PRD-910,Furniture,LumbarComfort Mesh Chair,1,220.0,0.05,209.0,144.0,StandardMail,1,On-Time,0,0
ORD-13046,2024-04-30,CUST-1057,Small Business,South,PRD-506,Electronics,SoundPulse Wireless Headphone,1,150.0,0.05,0.0,-10.0,ApexGlobal,5,Cancelled,0,1
ORD-13047,2024-04-30,CUST-1375,Consumer,South,PRD-367,Office Supplies,HeavyDuty Metal Stapler,1,25.0,0.05,23.75,13.75,ApexGlobal,4,Normal,0,0
ORD-13048,2024-04-30,CUST-1250,Corporate,South,PRD-044,Electronics,UltraVision 4K Monitor,3,400.0,0.15,1020.0,690.0,SwiftFreight,6,Delayed,1,0
ORD-13049,2024-04-30,CUST-1267,Small Business,South,PRD-025,Electronics,SmartSync Fitness Tracker,3,90.0,0.15,0.0,-21.0,SwiftFreight,13,Cancelled,0,1
ORD-13050,2024-04-30,CUST-1464,Corporate,South,PRD-367,Office Supplies,HeavyDuty Metal Stapler,3,25.0,0.05,71.25,41.25,SwiftFreight,6,Delayed,0,0
ORD-13051,2024-04-30,CUST-1070,Small Business,East,PRD-044,Electronics,UltraVision 4K Monitor,1,400.0,0.15,340.0,230.0,ExpressLogistics,1,On-Time,0,0
ORD-13052,2024-04-30,CUST-1437,Corporate,East,PRD-506,Electronics,SoundPulse Wireless Headphone,3,150.0,0.1,0.0,-30.0,,1,Cancelled,0,1
ORD-13053,2024-04-30,CUST-1432,Consumer,East,PRD-925,Office Supplies,Premium Recycled Paper (Box),2,45.0,0.0,90.0,62.0,ExpressLogistics,2,On-Time,0,0
ORD-13054,2024-04-30,CUST-1373,Small Business,East,PRD-025,Electronics,SmartSync Fitness Tracker,1,90.0,0.0,90.0,55.0,SwiftFreight,2,On-Time,0,0
ORD-13055,2024-04-30,CUST-1201,Small Business,East,PRD-910,Furniture,LumbarComfort Mesh Chair,3,220.0,0.0,660.0,465.0,SwiftFreight,1,On-Time,0,0
ORD-13056,2024-04-30,CUST-1072,Consumer,West,PRD-367,Office Supplies,HeavyDuty Metal Stapler,2,25.0,0.0,50.0,30.0,StandardMail,2,On-Time,0,0
ORD-13057,2024-04-30,CUST-1099,Consumer,West,PRD-367,Office Supplies,HeavyDuty Metal Stapler,2,25.0,0.15,42.5,22.5,ExpressLogistics,1,On-Time,0,0
ORD-13058,2024-04-30,CUST-1115,Consumer,West,PRD-367,Office Supplies,HeavyDuty Metal Stapler,2,25.0,0.0,50.0,30.0,ExpressLogistics,1,On-Time,0,0
ORD-13059,2024-04-30,CUST-1144,Small Business,West,PRD-904,Furniture,Nordic Solid Oak Bookshelf,1,310.0,0.15,263.5,178.5,ApexGlobal,1,On-Time,0,0
ORD-13060,2024-04-30,CUST-1478,Small Business,West,PRD-925,Office Supplies,Premium Recycled Paper (Box),2,45.0,0.15,76.5,48.5,SwiftFreight,1,On-Time,0,0
ORD-13061,2024-05-01,CUST-1037,Small Business,North,PRD-904,Furniture,Nordic Solid Oak Bookshelf,1,310.0,0.1,279.0,194.0,ApexGlobal,1,On-Time,0,0
ORD-13062,2024-05-01,CUST-1206,Small Business,North,PRD-910,Furniture,LumbarComfort Mesh Chair,2,220.0,0.05,418.0,288.0,StandardMail,1,On-Time,0,0
ORD-13063,2024-05-01,CUST-1433,Small Business,North,PRD-787,Furniture,ErgoPro Executive Desk,2,450.0,0.05,855.0,615.0,ApexGlobal,2,On-Time,0,0
ORD-13064,2024-05-01,CUST-1143,Small Business,North,PRD-367,Office Supplies,HeavyDuty Metal Stapler,3,25.0,0.15,63.75,33.75,ApexGlobal,1,On-Time,0,0
ORD-13065,2024-05-01,CUST-1247,Consumer,North,PRD-904,Furniture,Nordic Solid Oak Bookshelf,1,310.0,0.0,310.0,225.0,StandardMail,1,On-Time,0,0
ORD-13066,2024-05-01,CUST-1203,Corporate,North,PRD-156,Electronics,Apex Gaming Laptop,1,1200.0,0.15,1020.0,720.0,StandardMail,1,On-Time,0,0
ORD-13067,2024-05-01,CUST-1046,Small Business,North,PRD-367,Office Supplies,HeavyDuty Metal Stapler,1,25.0,0.15,21.25,11.25,SwiftFreight,2,On-Time,0,0
ORD-13068,2024-05-01,CUST-1123,Small Business,South,PRD-787,Furniture,ErgoPro Executive Desk,1,450.0,0.15,382.5,262.5,StandardMail,4,Normal,0,0
ORD-13069,2024-05-01,CUST-1031,Corporate,South,PRD-904,Furniture,Nordic Solid Oak Bookshelf,1,310.0,0.15,263.5,178.5,StandardMail,5,Delayed,0,0
ORD-13070,2024-05-01,CUST-1262,Corporate,South,PRD-910,Furniture,LumbarComfort Mesh Chair,1,220.0,0.1,198.0,133.0,ApexGlobal,3,Normal,0,0
ORD-13071,2024-05-01,CUST-1213,Small Business,South,PRD-787,Furniture,ErgoPro Executive Desk,3,450.0,0.05,0.0,-72.0,SwiftFreight,5,Cancelled,1,1
ORD-13072,2024-05-01,CUST-1039,Consumer,South,PRD-367,Office Supplies,HeavyDuty Metal Stapler,1,25.0,0.05,23.75,13.75,ApexGlobal,5,Delayed,1,0
ORD-13073,2024-05-01,CUST-1209,Corporate,East,PRD-925,Office Supplies,Premium Recycled Paper (Box),1,45.0,0.1,40.5,26.5,ApexGlobal,1,On-Time,0,0
ORD-13074,2024-05-01,CUST-1040,Consumer,East,PRD-787,Furniture,ErgoPro Executive Desk,1,450.0,0.15,382.5,262.5,ExpressLogistics,1,On-Time,0,0
ORD-13075,2024-05-01,CUST-1050,Small Business,East,PRD-925,Office Supplies,Premium Recycled Paper (Box),1,45.0,0.1,40.5,26.5,StandardMail,2,On-Time,0,0
ORD-13076,2024-05-01,CUST-1361,Consumer,East,PRD-506,Electronics,SoundPulse Wireless Headphone,2,150.0,0.1,270.0,170.0,SwiftFreight,2,On-Time,0,0
ORD-13077,2024-05-01,CUST-1363,Small Business,East,PRD-904,Furniture,Nordic Solid Oak Bookshelf,1,310.0,0.15,263.5,178.5,SwiftFreight,1,On-Time,0,0
ORD-13078,2024-05-01,CUST-1181,Corporate,East,PRD-506,Electronics,SoundPulse Wireless Headphone,3,150.0,0.15,382.5,232.5,SwiftFreight,1,On-Time,1,0
ORD-13079,2024-05-01,CUST-1285,Corporate,East,PRD-080,Office Supplies,Gel Ink Pen Multi-Pack,1,18.0,0.05,17.1,11.1,StandardMail,2,On-Time,0,0
ORD-13080,2024-05-01,CUST-1195,Small Business,West,PRD-506,Electronics,SoundPulse Wireless Headphone,2,150.0,0.15,255.0,155.0,ApexGlobal,0,On-Time,0,0
ORD-13081,2024-05-01,CUST-1383,Corporate,West,PRD-506,Electronics,SoundPulse Wireless Headphone,2,150.0,0.15,255.0,155.0,ApexGlobal,0,On-Time,0,0
ORD-13082,2024-05-01,CUST-1183,Small Business,West,PRD-080,Office Supplies,Gel Ink Pen Multi-Pack,3,18.0,0.0,54.0,36.0,ExpressLogistics,1,On-Time,0,0
ORD-13083,2024-05-01,CUST-1176,Consumer,West,PRD-156,Electronics,Apex Gaming Laptop,1,1200.0,0.0,1200.0,900.0,ExpressLogistics,0,On-Time,0,0
ORD-13084,2024-05-01,CUST-1499,Corporate,West,PRD-044,Electronics,UltraVision 4K Monitor,2,400.0,0.1,720.0,500.0,SwiftFreight,1,On-Time,0,0
ORD-13085,2024-05-02,CUST-1380,Small Business,North,PRD-506,Electronics,SoundPulse Wireless Headphone,3,150.0,0.1,405.0,255.0,ExpressLogistics,1,On-Time,0,0
ORD-13086,2024-05-02,CUST-1440,Corporate,North,PRD-925,Office Supplies,Premium Recycled Paper (Box),3,45.0,0.15,114.75,72.75,StandardMail,1,On-Time,0,0
ORD-13087,2024-05-02,CUST-1453,Corporate,North,PRD-367,Office Supplies,HeavyDuty Metal Stapler,2,25.0,0.1,45.0,25.0,ApexGlobal,1,On-Time,0,0
ORD-13088,2024-05-02,CUST-1187,Consumer,North,PRD-367,Office Supplies,HeavyDuty Metal Stapler,1,25.0,0.05,23.75,13.75,SwiftFreight,1,On-Time,0,0
ORD-13089,2024-05-02,CUST-1497,Corporate,North,PRD-025,Electronics,SmartSync Fitness Tracker,3,90.0,0.05,256.5,151.5,StandardMail,0,On-Time,0,0
ORD-13090,2024-05-02,CUST-1096,Small Business,North,PRD-904,Furniture,Nordic Solid Oak Bookshelf,1,310.0,0.05,294.5,209.5,ExpressLogistics,1,On-Time,0,0
ORD-13091,2024-05-02,CUST-1187,Small Business,South,PRD-025,Electronics,SmartSync Fitness Tracker,2,90.0,0.0,0.0,-14.0,ExpressLogistics,10,Cancelled,1,1
ORD-13092,2024-05-02,CUST-1454,Consumer,South,PRD-910,Furniture,LumbarComfort Mesh Chair,2,220.0,0.15,374.0,244.0,StandardMail,4,Normal,0,0
ORD-13093,2024-05-02,CUST-1138,Consumer,South,PRD-044,Electronics,UltraVision 4K Monitor,3,400.0,0.15,1020.0,690.0,SwiftFreight,7,Delayed,1,0
ORD-13094,2024-05-02,CUST-1260,Corporate,South,PRD-025,Electronics,SmartSync Fitness Tracker,1,90.0,0.1,0.0,-7.0,ApexGlobal,8,Cancelled,1,1
ORD-13095,2024-05-02,CUST-1266,Consumer,East,PRD-787,Furniture,ErgoPro Executive Desk,3,450.0,0.05,1282.5,922.5,SwiftFreight,1,On-Time,0,0
ORD-13096,2024-05-02,CUST-1447,Small Business,East,PRD-904,Furniture,Nordic Solid Oak Bookshelf,1,310.0,0.15,263.5,178.5,SwiftFreight,2,On-Time,0,0
ORD-13097,2024-05-02,CUST-1136,Consumer,East,PRD-367,Office Supplies,HeavyDuty Metal Stapler,1,25.0,0.1,22.5,12.5,ApexGlobal,0,On-Time,0,0
ORD-13098,2024-05-02,CUST-1134,Small Business,East,PRD-044,Electronics,UltraVision 4K Monitor,2,400.0,0.15,680.0,460.0,ExpressLogistics,2,On-Time,0,0
ORD-13099,2024-05-02,CUST-1289,Small Business,East,PRD-925,Office Supplies,Premium Recycled Paper (Box),3,45.0,0.05,128.25,86.25,ApexGlobal,3,Normal,0,0
ORD-13100,2024-05-02,CUST-1003,Corporate,East,PRD-044,Electronics,UltraVision 4K Monitor,1,400.0,0.0,400.0,290.0,StandardMail,1,On-Time,0,0
ORD-13101,2024-05-02,CUST-1265,Corporate,West,PRD-156,Electronics,Apex Gaming Laptop,2,1200.0,0.05,2280.0,1680.0,ApexGlobal,1,On-Time,0,0
ORD-13102,2024-05-02,CUST-1120,Corporate,West,PRD-910,Furniture,LumbarComfort Mesh Chair,1,220.0,0.1,198.0,133.0,ExpressLogistics,0,On-Time,0,0
ORD-13103,2024-05-02,CUST-1441,Corporate,West,PRD-080,Office Supplies,Gel Ink Pen Multi-Pack,1,18.0,0.15,15.3,9.3,ExpressLogistics,0,On-Time,0,0
ORD-13104,2024-05-02,CUST-1488,Corporate,West,PRD-367,Office Supplies,HeavyDuty Metal Stapler,1,25.0,0.05,23.75,13.75,ExpressLogistics,1,On-Time,0,0
ORD-13105,2024-05-02,CUST-1187,Small Business,West,PRD-367,Office Supplies,HeavyDuty Metal Stapler,1,25.0,0.1,22.5,12.5,StandardMail,1,On-Time,0,0
ORD-13106,2024-05-02,CUST-1479,Consumer,West,PRD-910,Furniture,LumbarComfort Mesh Chair,1,220.0,0.15,187.0,122.0,ExpressLogistics,2,On-Time,0,0
ORD-13107,2024-05-02,CUST-1332,Small Business,West,PRD-925,Office Supplies,Premium Recycled Paper (Box),2,45.0,0.15,76.5,48.5,ApexGlobal,1,On-Time,0,0
ORD-13108,2024-05-02,CUST-1016,Corporate,West,PRD-925,Office Supplies,Premium Recycled Paper (Box),3,45.0,0.15,114.75,72.75,ApexGlobal,1,On-Time,0,0
ORD-13109,2024-05-03,CUST-1133,Consumer,North,PRD-904,Furniture,Nordic Solid Oak Bookshelf,2,310.0,0.1,558.0,388.0,SwiftFreight,1,On-Time,0,0
ORD-13110,2024-05-03,CUST-1266,Corporate,North,PRD-910,Furniture,LumbarComfort Mesh Chair,3,220.0,0.0,660.0,465.0,StandardMail,2,On-Time,0,0
ORD-13111,2024-05-03,CUST-1442,Small Business,North,PRD-044,Electronics,UltraVision 4K Monitor,1,400.0,0.0,400.0,290.0,ExpressLogistics,0,On-Time,0,0
ORD-13112,2024-05-03,CUST-1440,Consumer,North,PRD-506,Electronics,SoundPulse Wireless Headphone,1,150.0,0.0,150.0,100.0,SwiftFreight,1,On-Time,0,0
ORD-13113,2024-05-03,CUST-1063,Corporate,North,PRD-506,Electronics,SoundPulse Wireless Headphone,3,150.0,0.05,427.5,277.5,ExpressLogistics,1,On-Time,0,0
ORD-13114,2024-05-03,CUST-1458,Consumer,South,PRD-156,Electronics,Apex Gaming Laptop,2,1200.0,0.1,2160.0,1560.0,ExpressLogistics,7,Delayed,0,0
ORD-13115,2024-05-03,CUST-1332,Consumer,South,PRD-080,Office Supplies,Gel Ink Pen Multi-Pack,3,18.0,0.15,0.0,-3.6,ApexGlobal,2,Cancelled,0,1
ORD-13116,2024-05-03,CUST-1287,Small Business,South,PRD-156,Electronics,Apex Gaming Laptop,2,1200.0,0.0,0.0,-120.0,SwiftFreight,9,Cancelled,1,1
ORD-13117,2024-05-03,CUST-1241,Consumer,South,PRD-367,Office Supplies,HeavyDuty Metal Stapler,2,25.0,0.05,47.5,27.5,ExpressLogistics,6,Delayed,0,0
ORD-13118,2024-05-03,CUST-1373,Small Business,East,PRD-156,Electronics,Apex Gaming Laptop,1,1200.0,0.15,1020.0,720.0,SwiftFreight,1,On-Time,0,0
ORD-13119,2024-05-03,CUST-1079,Consumer,East,PRD-156,Electronics,Apex Gaming Laptop,2,1200.0,0.15,2040.0,1440.0,ApexGlobal,0,On-Time,0,0
ORD-13120,2024-05-03,CUST-1427,Small Business,East,PRD-367,Office Supplies,HeavyDuty Metal Stapler,1,25.0,0.15,21.25,11.25,SwiftFreight,1,On-Time,0,0
ORD-13121,2024-05-03,CUST-1467,Small Business,East,PRD-904,Furniture,Nordic Solid Oak Bookshelf,3,310.0,0.05,883.5,628.5,StandardMail,1,On-Time,0,0
ORD-13122,2024-05-03,CUST-1453,Corporate,East,PRD-080,Office Supplies,Gel Ink Pen Multi-Pack,2,18.0,0.0,36.0,24.0,StandardMail,1,On-Time,0,0
ORD-13123,2024-05-03,CUST-1335,Consumer,East,PRD-367,Office Supplies,HeavyDuty Metal Stapler,2,25.0,0.0,50.0,30.0,SwiftFreight,1,On-Time,0,0
ORD-13124,2024-05-03,CUST-1448,Consumer,West,PRD-787,Furniture,ErgoPro Executive Desk,3,450.0,0.05,1282.5,922.5,ExpressLogistics,1,On-Time,0,0
ORD-13125,2024-05-03,CUST-1313,Small Business,West,PRD-506,Electronics,SoundPulse Wireless Headphone,3,150.0,0.05,427.5,277.5,ApexGlobal,1,On-Time,0,0
ORD-13126,2024-05-03,CUST-1249,Consumer,West,PRD-025,Electronics,SmartSync Fitness Tracker,2,90.0,0.1,162.0,92.0,StandardMail,2,On-Time,0,0
ORD-13127,2024-05-03,CUST-1141,Small Business,West,PRD-925,Office Supplies,Premium Recycled Paper (Box),2,45.0,0.05,85.5,57.5,StandardMail,1,On-Time,0,0
ORD-13128,2024-05-03,CUST-1385,Corporate,West,PRD-904,Furniture,Nordic Solid Oak Bookshelf,3,310.0,0.05,883.5,628.5,ExpressLogistics,0,On-Time,0,0
ORD-13129,2024-05-04,CUST-1203,Small Business,North,PRD-925,Office Supplies,Premium Recycled Paper (Box),3,45.0,0.1,121.5,79.5,SwiftFreight,1,On-Time,0,0
ORD-13130,2024-05-04,CUST-1262,Consumer,North,PRD-156,Electronics,Apex Gaming Laptop,2,1200.0,0.15,2040.0,1440.0,ApexGlobal,2,On-Time,0,0
ORD-13131,2024-05-04,CUST-1075,Small Business,North,PRD-025,Electronics,SmartSync Fitness Tracker,2,90.0,0.0,180.0,110.0,StandardMail,0,On-Time,0,0
ORD-13132,2024-05-04,CUST-1440,Consumer,North,PRD-080,Office Supplies,Gel Ink Pen Multi-Pack,2,18.0,0.0,36.0,24.0,ApexGlobal,2,On-Time,0,0
ORD-13133,2024-05-04,CUST-1299,Small Business,North,PRD-904,Furniture,Nordic Solid Oak Bookshelf,3,310.0,0.0,930.0,675.0,ApexGlobal,1,On-Time,0,0
ORD-13134,2024-05-04,CUST-1201,Small Business,North,PRD-910,Furniture,LumbarComfort Mesh Chair,2,220.0,0.1,396.0,266.0,StandardMail,1,On-Time,0,0
ORD-13135,2024-05-04,CUST-1336,Corporate,North,PRD-910,Furniture,LumbarComfort Mesh Chair,3,220.0,0.15,561.0,366.0,ApexGlobal,1,On-Time,0,0
ORD-13136,2024-05-04,CUST-1225,Small Business,South,PRD-367,Office Supplies,HeavyDuty Metal Stapler,1,25.0,0.05,23.75,13.75,SwiftFreight,4,Normal,0,0
ORD-13137,2024-05-04,CUST-1244,Consumer,South,PRD-925,Office Supplies,Premium Recycled Paper (Box),2,45.0,0.15,0.0,-5.6,StandardMail,4,Cancelled,1,1
ORD-13138,2024-05-04,CUST-1118,Corporate,South,PRD-910,Furniture,LumbarComfort Mesh Chair,2,220.0,0.15,374.0,244.0,StandardMail,4,Normal,0,0
ORD-13139,2024-05-04,CUST-1043,Corporate,South,PRD-506,Electronics,SoundPulse Wireless Headphone,3,150.0,0.15,0.0,-30.0,StandardMail,6,Cancelled,0,1
ORD-13140,2024-05-04,CUST-1055,Consumer,East,PRD-044,Electronics,UltraVision 4K Monitor,1,400.0,0.15,340.0,230.0,SwiftFreight,1,On-Time,0,0
ORD-13141,2024-05-04,CUST-1451,Corporate,East,PRD-787,Furniture,ErgoPro Executive Desk,2,450.0,0.15,765.0,525.0,SwiftFreight,1,On-Time,0,0
ORD-13142,2024-05-04,CUST-1332,Consumer,East,PRD-367,Office Supplies,HeavyDuty Metal Stapler,3,25.0,0.05,71.25,41.25,ExpressLogistics,1,On-Time,0,0
ORD-13143,2024-05-04,CUST-1218,Consumer,East,PRD-910,Furniture,LumbarComfort Mesh Chair,2,220.0,0.05,418.0,288.0,ApexGlobal,1,On-Time,0,0
ORD-13144,2024-05-04,CUST-1364,Corporate,East,PRD-156,Electronics,Apex Gaming Laptop,2,1200.0,0.15,2040.0,1440.0,StandardMail,1,On-Time,0,0
ORD-13145,2024-05-04,CUST-1141,Consumer,East,PRD-904,Furniture,Nordic Solid Oak Bookshelf,1,310.0,0.1,279.0,194.0,SwiftFreight,2,On-Time,0,0
ORD-13146,2024-05-04,CUST-1001,Consumer,West,PRD-904,Furniture,Nordic Solid Oak Bookshelf,3,310.0,0.15,790.5,535.5,StandardMail,0,On-Time,0,0
ORD-13147,2024-05-04,CUST-1076,Corporate,West,PRD-025,Electronics,SmartSync Fitness Tracker,2,90.0,0.0,180.0,110.0,ApexGlobal,1,On-Time,0,0
ORD-13148,2024-05-04,CUST-1001,Consumer,West,PRD-044,Electronics,UltraVision 4K Monitor,1,400.0,0.15,340.0,230.0,ApexGlobal,1,On-Time,0,0
ORD-13149,2024-05-04,CUST-1336,Consumer,West,PRD-025,Electronics,SmartSync Fitness Tracker,2,90.0,0.05,171.0,101.0,StandardMail,0,On-Time,0,0
ORD-13150,2024-05-04,CUST-1307,Corporate,West,PRD-044,Electronics,UltraVision 4K Monitor,3,400.0,0.05,1140.0,810.0,ApexGlobal,1,On-Time,0,0
ORD-13151,2024-05-04,CUST-1020,Small Business,West,PRD-904,Furniture,Nordic Solid Oak Bookshelf,3,310.0,0.15,790.5,535.5,ExpressLogistics,1,On-Time,0,0
ORD-13152,2024-05-04,CUST-1068,Small Business,West,PRD-044,Electronics,UltraVision 4K Monitor,2,400.0,0.1,720.0,500.0,ApexGlobal,1,On-Time,0,0
ORD-13153,2024-05-04,CUST-1411,Small Business,West,PRD-044,Electronics,UltraVision 4K Monitor,2,400.0,0.15,680.0,460.0,ExpressLogistics,0,On-Time,0,0
ORD-13154,2024-05-05,CUST-1269,Consumer,North,PRD-910,Furniture,LumbarComfort Mesh Chair,3,220.0,0.15,561.0,366.0,SwiftFreight,1,On-Time,0,0
ORD-13155,2024-05-05,CUST-1103,Consumer,North,PRD-904,Furniture,Nordic Solid Oak Bookshelf,1,310.0,0.05,0.0,-17.0,ApexGlobal,0,Cancelled,0,1
ORD-13156,2024-05-05,CUST-1155,Small Business,North,PRD-910,Furniture,LumbarComfort Mesh Chair,1,220.0,0.1,198.0,133.0,ApexGlobal,0,On-Time,1,0
ORD-13157,2024-05-05,CUST-1437,Small Business,North,PRD-506,Electronics,SoundPulse Wireless Headphone,1,150.0,0.1,135.0,85.0,SwiftFreight,0,On-Time,0,0
ORD-13158,2024-05-05,CUST-1375,Small Business,North,PRD-080,Office Supplies,Gel Ink Pen Multi-Pack,1,18.0,0.05,17.1,11.1,SwiftFreight,1,On-Time,0,0
ORD-13159,2024-05-05,CUST-1001,Corporate,North,PRD-925,Office Supplies,Premium Recycled Paper (Box),1,45.0,0.0,45.0,31.0,ApexGlobal,1,On-Time,0,0
ORD-13160,2024-05-05,CUST-1350,Small Business,South,PRD-025,Electronics,SmartSync Fitness Tracker,2,90.0,0.05,0.0,-14.0,ApexGlobal,8,Cancelled,0,1
ORD-13161,2024-05-05,CUST-1132,Consumer,South,PRD-925,Office Supplies,Premium Recycled Paper (Box),2,45.0,0.15,0.0,-5.6,ApexGlobal,2,Cancelled,0,1
ORD-13162,2024-05-05,CUST-1120,Consumer,South,PRD-910,Furniture,LumbarComfort Mesh Chair,3,220.0,0.05,627.0,432.0,ApexGlobal,4,Normal,0,0
ORD-13163,2024-05-05,CUST-1230,Small Business,South,PRD-044,Electronics,UltraVision 4K Monitor,1,400.0,0.0,0.0,-22.0,StandardMail,4,Cancelled,1,1
ORD-13164,2024-05-05,CUST-1226,Consumer,South,PRD-156,Electronics,Apex Gaming Laptop,2,1200.0,0.1,2160.0,1560.0,ApexGlobal,4,Normal,1,0
ORD-13165,2024-05-05,CUST-1210,Small Business,East,PRD-904,Furniture,Nordic Solid Oak Bookshelf,1,310.0,0.05,294.5,209.5,ApexGlobal,1,On-Time,1,0
ORD-13166,2024-05-05,CUST-1395,Corporate,East,PRD-910,Furniture,LumbarComfort Mesh Chair,1,220.0,0.05,209.0,144.0,SwiftFreight,1,On-Time,0,0
ORD-13167,2024-05-05,CUST-1281,Small Business,East,PRD-367,Office Supplies,HeavyDuty Metal Stapler,3,25.0,0.1,67.5,37.5,ExpressLogistics,1,On-Time,0,0
ORD-13168,2024-05-05,CUST-1075,Small Business,East,PRD-044,Electronics,UltraVision 4K Monitor,3,400.0,0.05,1140.0,810.0,StandardMail,1,On-Time,0,0
ORD-13169,2024-05-05,CUST-1427,Corporate,East,PRD-367,Office Supplies,HeavyDuty Metal Stapler,1,25.0,0.1,22.5,12.5,ApexGlobal,0,On-Time,0,0
ORD-13170,2024-05-05,CUST-1395,Consumer,East,PRD-044,Electronics,UltraVision 4K Monitor,2,400.0,0.0,800.0,580.0,ExpressLogistics,2,On-Time,0,0
ORD-13171,2024-05-05,CUST-1059,Small Business,East,PRD-925,Office Supplies,Premium Recycled Paper (Box),1,45.0,0.0,45.0,31.0,ApexGlobal,0,On-Time,0,0
ORD-13172,2024-05-05,CUST-1310,Corporate,East,PRD-025,Electronics,SmartSync Fitness Tracker,2,90.0,0.15,153.0,83.0,SwiftFreight,1,On-Time,0,0
ORD-13173,2024-05-05,CUST-1339,Small Business,West,PRD-910,Furniture,LumbarComfort Mesh Chair,2,220.0,0.0,440.0,310.0,ApexGlobal,0,On-Time,0,0
ORD-13174,2024-05-05,CUST-1284,Corporate,West,PRD-787,Furniture,ErgoPro Executive Desk,3,450.0,0.15,1147.5,787.5,ApexGlobal,0,On-Time,0,0
ORD-13175,2024-05-05,CUST-1316,Consumer,West,PRD-367,Office Supplies,HeavyDuty Metal Stapler,1,25.0,0.1,22.5,12.5,ExpressLogistics,1,On-Time,0,0
ORD-13176,2024-05-05,CUST-1238,,West,PRD-044,Electronics,UltraVision 4K Monitor,1,400.0,0.15,340.0,230.0,ApexGlobal,1,On-Time,0,0
ORD-13177,2024-05-05,CUST-1463,Consumer,West,PRD-904,Furniture,Nordic Solid Oak Bookshelf,3,310.0,0.15,790.5,535.5,ExpressLogistics,1,On-Time,0,0
ORD-13178,2024-05-05,CUST-1141,Small Business,West,PRD-904,Furniture,Nordic Solid Oak Bookshelf,2,310.0,0.1,558.0,388.0,StandardMail,1,On-Time,0,0
ORD-13179,2024-05-06,CUST-1308,Consumer,North,PRD-904,Furniture,Nordic Solid Oak Bookshelf,3,310.0,0.0,930.0,675.0,ApexGlobal,1,On-Time,0,0
ORD-13180,2024-05-06,CUST-1310,Corporate,North,PRD-080,Office Supplies,Gel Ink Pen Multi-Pack,3,18.0,0.0,54.0,36.0,ExpressLogistics,1,On-Time,0,0
ORD-13181,2024-05-06,CUST-1068,Small Business,North,PRD-080,Office Supplies,Gel Ink Pen Multi-Pack,2,18.0,0.05,34.2,22.2,StandardMail,1,On-Time,0,0
ORD-13182,2024-05-06,CUST-1093,Consumer,North,PRD-506,Electronics,SoundPulse Wireless Headphone,1,150.0,0.05,142.5,92.5,ExpressLogistics,2,On-Time,0,0
ORD-13183,2024-05-06,CUST-1110,Small Business,North,PRD-506,Electronics,SoundPulse Wireless Headphone,1,150.0,0.0,150.0,100.0,ApexGlobal,1,On-Time,0,0
ORD-13184,2024-05-06,CUST-1077,Corporate,South,PRD-787,Furniture,ErgoPro Executive Desk,2,450.0,0.15,765.0,525.0,ApexGlobal,4,Normal,0,0
ORD-13185,2024-05-06,CUST-1214,Consumer,South,PRD-910,Furniture,LumbarComfort Mesh Chair,3,220.0,0.0,660.0,465.0,StandardMail,2,On-Time,0,0
ORD-13186,2024-05-06,CUST-1063,Small Business,South,PRD-904,Furniture,Nordic Solid Oak Bookshelf,2,310.0,0.05,589.0,419.0,ExpressLogistics,3,Normal,0,0
ORD-13187,2024-05-06,CUST-1150,Consumer,South,PRD-787,Furniture,ErgoPro Executive Desk,2,450.0,0.0,900.0,660.0,ApexGlobal,3,Normal,0,0
ORD-13188,2024-05-06,CUST-1224,Consumer,South,PRD-156,Electronics,Apex Gaming Laptop,1,1200.0,0.0,1200.0,900.0,ExpressLogistics,8,Delayed,0,0
ORD-13189,2024-05-06,CUST-1290,Small Business,South,PRD-367,Office Supplies,HeavyDuty Metal Stapler,2,25.0,0.15,42.5,22.5,ExpressLogistics,3,Normal,0,0
ORD-13190,2024-05-06,CUST-1317,Consumer,East,PRD-506,Electronics,SoundPulse Wireless Headphone,3,150.0,0.05,427.5,277.5,SwiftFreight,1,On-Time,0,0
ORD-13191,2024-05-06,CUST-1448,Small Business,East,PRD-910,Furniture,LumbarComfort Mesh Chair,1,220.0,0.15,187.0,122.0,StandardMail,2,On-Time,0,0
ORD-13192,2024-05-06,CUST-1419,Consumer,East,PRD-925,Office Supplies,Premium Recycled Paper (Box),3,45.0,0.15,114.75,72.75,ExpressLogistics,1,On-Time,0,0
ORD-13193,2024-05-06,CUST-1432,Small Business,East,PRD-080,Office Supplies,Gel Ink Pen Multi-Pack,3,18.0,0.15,45.9,27.9,ExpressLogistics,1,On-Time,0,0
ORD-13194,2024-05-06,CUST-1237,Consumer,East,PRD-156,Electronics,Apex Gaming Laptop,3,1200.0,0.05,3420.0,2520.0,SwiftFreight,0,On-Time,0,0
ORD-13195,2024-05-06,CUST-1435,Small Business,East,PRD-787,Furniture,ErgoPro Executive Desk,1,450.0,0.1,405.0,285.0,ExpressLogistics,1,On-Time,0,0
ORD-13196,2024-05-06,CUST-1287,Small Business,East,PRD-904,Furniture,Nordic Solid Oak Bookshelf,2,310.0,0.05,589.0,419.0,StandardMail,2,On-Time,0,0
ORD-13197,2024-05-06,CUST-1195,Consumer,East,PRD-156,Electronics,Apex Gaming Laptop,2,1200.0,0.1,2160.0,1560.0,ApexGlobal,0,On-Time,0,0
ORD-13198,2024-05-06,CUST-1432,Small Business,West,PRD-904,Furniture,Nordic Solid Oak Bookshelf,3,310.0,0.15,790.5,535.5,SwiftFreight,1,On-Time,0,0
ORD-13199,2024-05-06,CUST-1272,Consumer,West,PRD-925,Office Supplies,Premium Recycled Paper (Box),2,45.0,0.1,81.0,53.0,SwiftFreight,2,On-Time,0,0
ORD-13200,2024-05-06,CUST-1468,Corporate,West,PRD-910,Furniture,LumbarComfort Mesh Chair,1,220.0,0.0,220.0,155.0,ApexGlobal,1,On-Time,0,0
ORD-13201,2024-05-06,CUST-1054,Corporate,West,PRD-025,Electronics,SmartSync Fitness Tracker,3,90.0,0.15,229.5,124.5,SwiftFreight,0,On-Time,0,0
ORD-13202,2024-05-06,CUST-1162,,West,PRD-156,Electronics,Apex Gaming Laptop,2,1200.0,0.15,2040.0,1440.0,ExpressLogistics,1,On-Time,0,0
ORD-13203,2024-05-06,CUST-1441,Small Business,West,PRD-506,Electronics,SoundPulse Wireless Headphone,1,150.0,0.1,135.0,85.0,,1,On-Time,0,0
ORD-13204,2024-05-06,CUST-1196,Small Business,West,PRD-910,Furniture,LumbarComfort Mesh Chair,1,220.0,0.15,187.0,122.0,ExpressLogistics,1,On-Time,0,0
ORD-13205,2024-05-06,CUST-1072,Small Business,West,PRD-367,Office Supplies,HeavyDuty Metal Stapler,1,25.0,0.1,22.5,12.5,SwiftFreight,1,On-Time,0,0
ORD-13206,2024-05-07,CUST-1086,Small Business,North,PRD-044,Electronics,UltraVision 4K Monitor,1,400.0,0.0,400.0,290.0,SwiftFreight,1,On-Time,0,0
ORD-13207,2024-05-07,CUST-1035,Consumer,North,PRD-787,Furniture,ErgoPro Executive Desk,2,450.0,0.15,765.0,525.0,StandardMail,1,On-Time,0,0
ORD-13208,2024-05-07,CUST-1420,Small Business,North,PRD-910,Furniture,LumbarComfort Mesh Chair,1,220.0,0.15,187.0,122.0,SwiftFreight,1,On-Time,0,0
ORD-13209,2024-05-07,CUST-1339,Corporate,North,PRD-904,Furniture,Nordic Solid Oak Bookshelf,2,310.0,0.1,558.0,388.0,SwiftFreight,2,On-Time,0,0
ORD-13210,2024-05-07,CUST-1453,Consumer,North,PRD-367,Office Supplies,HeavyDuty Metal Stapler,3,25.0,0.0,75.0,45.0,ExpressLogistics,0,On-Time,0,0
ORD-13211,2024-05-07,CUST-1117,Small Business,North,PRD-156,Electronics,Apex Gaming Laptop,2,1200.0,0.1,2160.0,1560.0,ExpressLogistics,2,On-Time,0,0
ORD-13212,2024-05-07,CUST-1270,Corporate,North,PRD-910,Furniture,LumbarComfort Mesh Chair,3,220.0,0.05,627.0,432.0,ExpressLogistics,1,On-Time,0,0
ORD-13213,2024-05-07,CUST-1154,Consumer,North,PRD-787,Furniture,ErgoPro Executive Desk,3,450.0,0.05,1282.5,922.5,StandardMail,0,On-Time,0,0
ORD-13214,2024-05-07,CUST-1022,Small Business,South,PRD-787,Furniture,ErgoPro Executive Desk,1,450.0,0.1,405.0,285.0,StandardMail,2,On-Time,0,0
ORD-13215,2024-05-07,CUST-1373,Small Business,South,PRD-044,Electronics,UltraVision 4K Monitor,2,400.0,0.0,800.0,580.0,ExpressLogistics,5,Delayed,1,0
ORD-13216,2024-05-07,CUST-1457,Corporate,South,PRD-044,Electronics,UltraVision 4K Monitor,1,400.0,0.15,0.0,-22.0,SwiftFreight,6,Cancelled,1,1
ORD-13217,2024-05-07,CUST-1222,Consumer,South,PRD-080,Office Supplies,Gel Ink Pen Multi-Pack,1,18.0,0.0,18.0,12.0,StandardMail,4,Normal,0,0
ORD-13218,2024-05-07,CUST-1397,Consumer,East,PRD-156,Electronics,Apex Gaming Laptop,2,1200.0,0.0,2400.0,1800.0,SwiftFreight,0,On-Time,0,0
ORD-13219,2024-05-07,CUST-1363,Corporate,East,PRD-080,Office Supplies,Gel Ink Pen Multi-Pack,3,18.0,0.1,48.6,30.6,ApexGlobal,0,On-Time,0,0
ORD-13220,2024-05-07,CUST-1090,Consumer,East,PRD-080,Office Supplies,Gel Ink Pen Multi-Pack,1,18.0,0.15,15.3,9.3,ExpressLogistics,2,On-Time,0,0
ORD-13221,2024-05-07,CUST-1069,Small Business,East,PRD-367,Office Supplies,HeavyDuty Metal Stapler,1,25.0,0.05,23.75,13.75,ExpressLogistics,2,On-Time,0,0
ORD-13222,2024-05-07,CUST-1345,Corporate,East,PRD-925,Office Supplies,Premium Recycled Paper (Box),3,45.0,0.0,135.0,93.0,ExpressLogistics,2,On-Time,0,0
ORD-13223,2024-05-07,CUST-1220,Corporate,East,PRD-910,Furniture,LumbarComfort Mesh Chair,1,220.0,0.15,187.0,122.0,SwiftFreight,1,On-Time,0,0
ORD-13224,2024-05-07,CUST-1413,Consumer,West,PRD-367,Office Supplies,HeavyDuty Metal Stapler,1,25.0,0.0,25.0,15.0,ApexGlobal,0,On-Time,0,0
ORD-13225,2024-05-07,CUST-1498,Small Business,West,PRD-904,Furniture,Nordic Solid Oak Bookshelf,3,310.0,0.15,790.5,535.5,SwiftFreight,1,On-Time,0,0
ORD-13226,2024-05-07,CUST-1376,Corporate,West,PRD-044,Electronics,UltraVision 4K Monitor,3,400.0,0.05,1140.0,810.0,SwiftFreight,1,On-Time,0,0
ORD-13227,2024-05-07,CUST-1246,Small Business,West,PRD-787,Furniture,ErgoPro Executive Desk,2,450.0,0.0,900.0,660.0,StandardMail,1,On-Time,0,0
ORD-13228,2024-05-07,CUST-1238,Small Business,West,PRD-925,Office Supplies,Premium Recycled Paper (Box),3,45.0,0.05,0.0,-8.4,ExpressLogistics,1,Cancelled,0,1
ORD-13229,2024-05-07,CUST-1065,Corporate,West,PRD-787,Furniture,ErgoPro Executive Desk,3,450.0,0.1,1215.0,855.0,StandardMail,1,On-Time,0,0
ORD-13230,2024-05-07,CUST-1384,Corporate,West,PRD-367,Office Supplies,HeavyDuty Metal Stapler,3,25.0,0.1,67.5,37.5,ApexGlobal,0,On-Time,0,0
ORD-13231,2024-05-07,CUST-1386,Small Business,West,PRD-080,Office Supplies,Gel Ink Pen Multi-Pack,2,18.0,0.05,34.2,22.2,ApexGlobal,1,On-Time,0,0
ORD-13232,2024-05-08,CUST-1117,Small Business,North,PRD-925,Office Supplies,Premium Recycled Paper (Box),2,45.0,0.15,76.5,48.5,SwiftFreight,0,On-Time,0,0
ORD-13233,2024-05-08,CUST-1460,Small Business,North,PRD-910,Furniture,LumbarComfort Mesh Chair,1,220.0,0.15,187.0,122.0,ApexGlobal,2,On-Time,0,0
ORD-13234,2024-05-08,CUST-1194,Corporate,North,PRD-025,Electronics,SmartSync Fitness Tracker,1,90.0,0.15,76.5,41.5,ApexGlobal,2,On-Time,0,0
ORD-13235,2024-05-08,CUST-1319,Corporate,North,PRD-044,Electronics,UltraVision 4K Monitor,2,400.0,0.05,760.0,540.0,ApexGlobal,1,On-Time,0,0
ORD-13236,2024-05-08,CUST-1281,Corporate,North,PRD-925,Office Supplies,Premium Recycled Paper (Box),1,45.0,0.15,38.25,24.25,SwiftFreight,0,On-Time,0,0
ORD-13237,2024-05-08,CUST-1139,Consumer,North,PRD-904,Furniture,Nordic Solid Oak Bookshelf,2,310.0,0.05,589.0,419.0,ApexGlobal,2,On-Time,0,0
ORD-13238,2024-05-08,CUST-1466,Small Business,North,PRD-080,Office Supplies,Gel Ink Pen Multi-Pack,3,18.0,0.05,51.3,33.3,SwiftFreight,1,On-Time,0,0
ORD-13239,2024-05-08,CUST-1007,Consumer,South,PRD-925,Office Supplies,Premium Recycled Paper (Box),2,45.0,0.0,90.0,62.0,StandardMail,3,Normal,0,0
ORD-13240,2024-05-08,CUST-1014,Consumer,South,PRD-080,Office Supplies,Gel Ink Pen Multi-Pack,2,18.0,0.0,36.0,24.0,ExpressLogistics,2,On-Time,0,0
ORD-13241,2024-05-08,CUST-1076,Small Business,South,PRD-044,Electronics,UltraVision 4K Monitor,1,400.0,0.05,380.0,270.0,SwiftFreight,5,Delayed,0,0
ORD-13242,2024-05-08,CUST-1355,Small Business,South,PRD-925,Office Supplies,Premium Recycled Paper (Box),3,45.0,0.15,114.75,72.75,ExpressLogistics,3,Normal,1,0
ORD-13243,2024-05-08,CUST-1477,Corporate,South,PRD-925,Office Supplies,Premium Recycled Paper (Box),3,45.0,0.15,0.0,-8.4,StandardMail,5,Cancelled,0,1
ORD-13244,2024-05-08,CUST-1227,Consumer,South,PRD-925,Office Supplies,Premium Recycled Paper (Box),3,45.0,0.15,114.75,72.75,ExpressLogistics,2,On-Time,0,0
ORD-13245,2024-05-08,CUST-1444,Consumer,East,PRD-080,Office Supplies,Gel Ink Pen Multi-Pack,2,18.0,0.15,30.6,18.6,SwiftFreight,2,On-Time,0,0
ORD-13246,2024-05-08,CUST-1086,Small Business,East,PRD-156,Electronics,Apex Gaming Laptop,1,1200.0,0.0,1200.0,900.0,StandardMail,1,On-Time,0,0
ORD-13247,2024-05-08,CUST-1243,Consumer,East,PRD-044,Electronics,UltraVision 4K Monitor,1,400.0,0.05,380.0,270.0,StandardMail,2,On-Time,0,0
ORD-13248,2024-05-08,CUST-1110,Corporate,East,PRD-156,Electronics,Apex Gaming Laptop,3,1200.0,0.05,3420.0,2520.0,ExpressLogistics,1,On-Time,0,0
ORD-13249,2024-05-08,CUST-1452,Consumer,East,PRD-044,Electronics,UltraVision 4K Monitor,1,400.0,0.0,400.0,290.0,SwiftFreight,2,On-Time,0,0
ORD-13250,2024-05-08,CUST-1239,Consumer,East,PRD-367,Office Supplies,HeavyDuty Metal Stapler,2,25.0,0.0,50.0,30.0,ApexGlobal,0,On-Time,0,0
ORD-13251,2024-05-08,CUST-1110,Corporate,West,PRD-025,Electronics,SmartSync Fitness Tracker,2,90.0,0.1,162.0,92.0,StandardMail,0,On-Time,1,0
ORD-13252,2024-05-08,CUST-1112,Consumer,West,PRD-080,Office Supplies,Gel Ink Pen Multi-Pack,3,18.0,0.1,48.6,30.6,ApexGlobal,1,On-Time,0,0
ORD-13253,2024-05-08,CUST-1112,Corporate,West,PRD-787,Furniture,ErgoPro Executive Desk,2,450.0,0.1,810.0,570.0,StandardMail,1,On-Time,0,0
ORD-13254,2024-05-08,CUST-1017,Small Business,West,PRD-925,Office Supplies,Premium Recycled Paper (Box),1,45.0,0.0,45.0,31.0,StandardMail,2,On-Time,0,0
ORD-13255,2024-05-08,CUST-1190,Consumer,West,PRD-910,Furniture,LumbarComfort Mesh Chair,2,220.0,0.1,396.0,266.0,ExpressLogistics,2,On-Time,0,0
ORD-13256,2024-05-08,CUST-1342,Corporate,West,PRD-925,Office Supplies,Premium Recycled Paper (Box),1,45.0,0.15,0.0,-2.8,ExpressLogistics,0,Cancelled,0,1
ORD-13257,2024-05-08,CUST-1215,Corporate,West,PRD-080,Office Supplies,Gel Ink Pen Multi-Pack,3,18.0,0.1,48.6,30.6,StandardMail,1,On-Time,0,0
ORD-13258,2024-05-09,CUST-1037,Consumer,North,PRD-787,Furniture,ErgoPro Executive Desk,3,450.0,0.15,1147.5,787.5,ExpressLogistics,2,On-Time,0,0
ORD-13259,2024-05-09,CUST-1434,Corporate,North,PRD-904,Furniture,Nordic Solid Oak Bookshelf,3,310.0,0.0,0.0,-51.0,ExpressLogistics,1,Cancelled,0,1
ORD-13260,2024-05-09,CUST-1037,Consumer,North,PRD-080,Office Supplies,Gel Ink Pen Multi-Pack,2,18.0,0.0,36.0,24.0,StandardMail,1,On-Time,0,0
ORD-13261,2024-05-09,CUST-1096,Corporate,North,PRD-925,Office Supplies,Premium Recycled Paper (Box),3,45.0,0.05,128.25,86.25,StandardMail,1,On-Time,0,0
ORD-13262,2024-05-09,CUST-1334,Consumer,North,PRD-910,Furniture,LumbarComfort Mesh Chair,3,220.0,0.15,561.0,366.0,SwiftFreight,1,On-Time,0,0
ORD-13263,2024-05-09,CUST-1465,Small Business,North,PRD-787,Furniture,ErgoPro Executive Desk,2,450.0,0.0,900.0,660.0,SwiftFreight,1,On-Time,0,0
ORD-13264,2024-05-09,CUST-1480,Small Business,South,PRD-367,Office Supplies,HeavyDuty Metal Stapler,2,25.0,0.15,42.5,22.5,ExpressLogistics,4,Normal,0,0
ORD-13265,2024-05-09,CUST-1254,Small Business,South,PRD-025,Electronics,SmartSync Fitness Tracker,1,90.0,0.1,81.0,46.0,StandardMail,8,Delayed,1,0
ORD-13266,2024-05-09,CUST-1032,Small Business,South,PRD-080,Office Supplies,Gel Ink Pen Multi-Pack,1,18.0,0.0,18.0,12.0,ApexGlobal,5,Delayed,0,0
ORD-13267,2024-05-09,CUST-1360,Small Business,East,PRD-025,Electronics,SmartSync Fitness Tracker,1,90.0,0.05,85.5,50.5,StandardMail,0,On-Time,0,0
ORD-13268,2024-05-09,CUST-1173,Corporate,East,PRD-156,Electronics,Apex Gaming Laptop,2,1200.0,0.1,2160.0,1560.0,ApexGlobal,1,On-Time,0,0
ORD-13269,2024-05-09,CUST-1185,Corporate,East,PRD-506,Electronics,SoundPulse Wireless Headphone,3,150.0,0.0,450.0,300.0,SwiftFreight,1,On-Time,0,0
ORD-13270,2024-05-09,CUST-1134,Corporate,East,PRD-787,Furniture,ErgoPro Executive Desk,1,450.0,0.0,450.0,330.0,StandardMail,1,On-Time,0,0
ORD-13271,2024-05-09,CUST-1093,,East,PRD-367,Office Supplies,HeavyDuty Metal Stapler,3,25.0,0.15,63.75,33.75,ExpressLogistics,1,On-Time,0,0
ORD-13272,2024-05-09,CUST-1111,Corporate,East,PRD-506,Electronics,SoundPulse Wireless Headphone,2,150.0,0.1,270.0,170.0,StandardMail,1,On-Time,0,0
ORD-13273,2024-05-09,CUST-1029,Consumer,East,PRD-925,Office Supplies,Premium Recycled Paper (Box),1,45.0,0.0,45.0,31.0,ExpressLogistics,1,On-Time,0,0
ORD-13274,2024-05-09,CUST-1131,Consumer,East,PRD-506,Electronics,SoundPulse Wireless Headphone,2,150.0,0.0,300.0,200.0,StandardMail,0,On-Time,0,0
ORD-13275,2024-05-09,CUST-1229,Corporate,West,PRD-904,Furniture,Nordic Solid Oak Bookshelf,3,310.0,0.15,790.5,535.5,ExpressLogistics,0,On-Time,0,0
ORD-13276,2024-05-09,CUST-1079,Small Business,West,PRD-080,Office Supplies,Gel Ink Pen Multi-Pack,1,18.0,0.1,16.2,10.2,ExpressLogistics,0,On-Time,0,0
ORD-13277,2024-05-09,CUST-1237,Corporate,West,PRD-787,Furniture,ErgoPro Executive Desk,2,450.0,0.1,810.0,570.0,StandardMail,0,On-Time,0,0
ORD-13278,2024-05-09,CUST-1348,Small Business,West,PRD-925,Office Supplies,Premium Recycled Paper (Box),3,45.0,0.0,135.0,93.0,ExpressLogistics,3,Normal,0,0
ORD-13279,2024-05-09,CUST-1159,Consumer,West,PRD-904,Furniture,Nordic Solid Oak Bookshelf,2,310.0,0.1,558.0,388.0,StandardMail,3,Normal,0,0
ORD-13280,2024-05-09,CUST-1273,Corporate,West,PRD-367,Office Supplies,HeavyDuty Metal Stapler,1,25.0,0.05,23.75,13.75,ExpressLogistics,1,On-Time,0,0
ORD-13281,2024-05-09,CUST-1003,Consumer,West,PRD-156,Electronics,Apex Gaming Laptop,1,1200.0,0.05,1140.0,840.0,SwiftFreight,2,On-Time,0,0
ORD-13282,2024-05-10,CUST-1182,Corporate,North,PRD-080,Office Supplies,Gel Ink Pen Multi-Pack,3,18.0,0.1,48.6,30.6,ApexGlobal,1,On-Time,0,0
ORD-13283,2024-05-10,CUST-1374,Corporate,North,PRD-506,Electronics,SoundPulse Wireless Headphone,1,150.0,0.15,127.5,77.5,ExpressLogistics,1,On-Time,0,0
ORD-13284,2024-05-10,CUST-1307,Small Business,North,PRD-506,Electronics,SoundPulse Wireless Headphone,2,150.0,0.05,285.0,185.0,SwiftFreight,1,On-Time,0,0
ORD-13285,2024-05-10,CUST-1424,Corporate,North,PRD-025,Electronics,SmartSync Fitness Tracker,2,90.0,0.0,180.0,110.0,ApexGlobal,1,On-Time,0,0
ORD-13286,2024-05-10,CUST-1263,Consumer,North,PRD-367,Office Supplies,HeavyDuty Metal Stapler,2,25.0,0.0,50.0,30.0,ApexGlobal,0,On-Time,0,0
ORD-13287,2024-05-10,CUST-1241,Small Business,North,PRD-367,Office Supplies,HeavyDuty Metal Stapler,3,25.0,0.1,67.5,37.5,SwiftFreight,1,On-Time,0,0
ORD-13288,2024-05-10,CUST-1491,Corporate,South,PRD-025,Electronics,SmartSync Fitness Tracker,2,90.0,0.05,171.0,101.0,SwiftFreight,7,Delayed,1,0
ORD-13289,2024-05-10,CUST-1336,Small Business,South,PRD-910,Furniture,LumbarComfort Mesh Chair,3,220.0,0.15,561.0,366.0,SwiftFreight,4,Normal,0,0
ORD-13290,2024-05-10,CUST-1048,Consumer,South,PRD-025,Electronics,SmartSync Fitness Tracker,3,90.0,0.0,270.0,165.0,SwiftFreight,9,Delayed,0,0
ORD-13291,2024-05-10,CUST-1394,Small Business,South,PRD-506,Electronics,SoundPulse Wireless Headphone,1,150.0,0.0,0.0,-10.0,StandardMail,6,Cancelled,0,1
ORD-13292,2024-05-10,CUST-1187,Small Business,South,PRD-506,Electronics,SoundPulse Wireless Headphone,3,150.0,0.05,0.0,-30.0,StandardMail,6,Cancelled,1,1
ORD-13293,2024-05-10,CUST-1123,Small Business,South,PRD-787,Furniture,ErgoPro Executive Desk,2,450.0,0.1,810.0,570.0,StandardMail,3,Normal,1,0
ORD-13294,2024-05-10,CUST-1291,Consumer,East,PRD-787,Furniture,ErgoPro Executive Desk,1,450.0,0.1,405.0,285.0,StandardMail,2,On-Time,0,0
ORD-13295,2024-05-10,CUST-1277,Consumer,East,PRD-044,Electronics,UltraVision 4K Monitor,2,400.0,0.15,680.0,460.0,StandardMail,0,On-Time,0,0
ORD-13296,2024-05-10,CUST-1290,Small Business,East,PRD-506,Electronics,SoundPulse Wireless Headphone,1,150.0,0.15,127.5,77.5,StandardMail,1,On-Time,0,0
ORD-13297,2024-05-10,CUST-1255,,East,PRD-367,Office Supplies,HeavyDuty Metal Stapler,3,25.0,0.05,71.25,41.25,ApexGlobal,0,On-Time,0,0
ORD-13298,2024-05-10,CUST-1064,Corporate,East,PRD-025,Electronics,SmartSync Fitness Tracker,3,90.0,0.0,270.0,165.0,StandardMail,1,On-Time,0,0
ORD-13299,2024-05-10,CUST-1182,Consumer,East,PRD-367,Office Supplies,HeavyDuty Metal Stapler,3,25.0,0.05,71.25,41.25,ExpressLogistics,1,On-Time,0,0
ORD-13300,2024-05-10,CUST-1173,Corporate,East,PRD-910,Furniture,LumbarComfort Mesh Chair,1,220.0,0.1,198.0,133.0,StandardMail,2,On-Time,0,0
ORD-13301,2024-05-10,CUST-1259,Small Business,East,PRD-910,Furniture,LumbarComfort Mesh Chair,3,220.0,0.1,594.0,399.0,ApexGlobal,0,On-Time,0,0
ORD-13302,2024-05-10,CUST-1487,Corporate,West,PRD-925,Office Supplies,Premium Recycled Paper (Box),1,45.0,0.15,38.25,24.25,SwiftFreight,1,On-Time,0,0
ORD-13303,2024-05-10,CUST-1343,Corporate,West,PRD-787,Furniture,ErgoPro Executive Desk,1,450.0,0.15,382.5,262.5,ApexGlobal,1,On-Time,0,0
ORD-13304,2024-05-10,CUST-1145,Small Business,West,PRD-080,Office Supplies,Gel Ink Pen Multi-Pack,2,18.0,0.0,36.0,24.0,ApexGlobal,0,On-Time,0,0
ORD-13305,2024-05-10,CUST-1233,Small Business,West,PRD-910,Furniture,LumbarComfort Mesh Chair,1,220.0,0.1,0.0,-13.0,SwiftFreight,0,Cancelled,0,1
ORD-13306,2024-05-10,CUST-1043,Corporate,West,PRD-787,Furniture,ErgoPro Executive Desk,3,450.0,0.05,1282.5,922.5,ApexGlobal,1,On-Time,0,0
ORD-13307,2024-05-10,CUST-1494,Corporate,West,PRD-044,Electronics,UltraVision 4K Monitor,1,400.0,0.15,340.0,230.0,ApexGlobal,0,On-Time,0,0
ORD-13308,2024-05-10,CUST-1129,Corporate,West,PRD-925,Office Supplies,Premium Recycled Paper (Box),3,45.0,0.05,128.25,86.25,SwiftFreight,2,On-Time,0,0
ORD-13309,2024-05-11,CUST-1274,Small Business,North,PRD-787,Furniture,ErgoPro Executive Desk,2,450.0,0.1,810.0,570.0,ApexGlobal,2,On-Time,0,0
ORD-13310,2024-05-11,CUST-1442,Consumer,North,PRD-904,Furniture,Nordic Solid Oak Bookshelf,3,310.0,0.05,883.5,628.5,ExpressLogistics,1,On-Time,0,0
ORD-13311,2024-05-11,CUST-1056,Small Business,North,PRD-925,Office Supplies,Premium Recycled Paper (Box),2,45.0,0.05,85.5,57.5,SwiftFreight,1,On-Time,0,0
ORD-13312,2024-05-11,CUST-1201,Small Business,North,PRD-925,Office Supplies,Premium Recycled Paper (Box),3,45.0,0.05,128.25,86.25,StandardMail,1,On-Time,0,0
ORD-13313,2024-05-11,CUST-1393,Corporate,North,PRD-025,Electronics,SmartSync Fitness Tracker,2,90.0,0.15,153.0,83.0,ApexGlobal,2,On-Time,0,0
ORD-13314,2024-05-11,CUST-1377,Small Business,North,PRD-904,Furniture,Nordic Solid Oak Bookshelf,1,310.0,0.1,279.0,194.0,SwiftFreight,1,On-Time,0,0
ORD-13315,2024-05-11,CUST-1315,Corporate,South,PRD-367,Office Supplies,HeavyDuty Metal Stapler,1,25.0,0.1,22.5,12.5,ExpressLogistics,2,On-Time,0,0
ORD-13316,2024-05-11,CUST-1210,Corporate,South,PRD-925,Office Supplies,Premium Recycled Paper (Box),2,45.0,0.0,90.0,62.0,ExpressLogistics,3,Normal,1,0
ORD-13317,2024-05-11,CUST-1048,Consumer,South,PRD-910,Furniture,LumbarComfort Mesh Chair,3,220.0,0.15,0.0,-39.0,ApexGlobal,5,Cancelled,0,1
ORD-13318,2024-05-11,CUST-1263,Small Business,East,PRD-925,Office Supplies,Premium Recycled Paper (Box),3,45.0,0.05,128.25,86.25,ApexGlobal,2,On-Time,0,0
ORD-13319,2024-05-11,CUST-1003,Consumer,East,PRD-904,Furniture,Nordic Solid Oak Bookshelf,1,310.0,0.15,263.5,178.5,ExpressLogistics,0,On-Time,0,0
ORD-13320,2024-05-11,CUST-1192,Corporate,East,PRD-910,Furniture,LumbarComfort Mesh Chair,3,220.0,0.1,594.0,399.0,ExpressLogistics,2,On-Time,0,0
ORD-13321,2024-05-11,CUST-1158,Consumer,East,PRD-156,Electronics,Apex Gaming Laptop,2,1200.0,0.1,2160.0,1560.0,ExpressLogistics,1,On-Time,0,0
ORD-13322,2024-05-11,CUST-1198,Consumer,East,PRD-044,Electronics,UltraVision 4K Monitor,3,400.0,0.0,1200.0,870.0,ApexGlobal,1,On-Time,0,0
ORD-13323,2024-05-11,CUST-1008,Consumer,West,PRD-025,Electronics,SmartSync Fitness Tracker,1,90.0,0.05,85.5,50.5,ExpressLogistics,1,On-Time,0,0
ORD-13324,2024-05-11,CUST-1152,Small Business,West,PRD-367,Office Supplies,HeavyDuty Metal Stapler,2,25.0,0.0,0.0,-4.0,ExpressLogistics,1,Cancelled,0,1
ORD-13325,2024-05-11,CUST-1414,Corporate,West,PRD-080,Office Supplies,Gel Ink Pen Multi-Pack,3,18.0,0.1,48.6,30.6,ApexGlobal,1,On-Time,0,0
ORD-13326,2024-05-11,CUST-1175,Corporate,West,PRD-506,Electronics,SoundPulse Wireless Headphone,1,150.0,0.05,142.5,92.5,ApexGlobal,1,On-Time,0,0
ORD-13327,2024-05-11,CUST-1075,Small Business,West,PRD-787,Furniture,ErgoPro Executive Desk,2,450.0,0.05,855.0,615.0,ExpressLogistics,1,On-Time,0,0
ORD-13328,2024-05-12,CUST-1023,Small Business,North,PRD-925,Office Supplies,Premium Recycled Paper (Box),2,45.0,0.05,85.5,57.5,SwiftFreight,2,On-Time,0,0
ORD-13329,2024-05-12,CUST-1417,Corporate,North,PRD-156,Electronics,Apex Gaming Laptop,1,1200.0,0.05,1140.0,840.0,ExpressLogistics,2,On-Time,0,0
ORD-13330,2024-05-12,CUST-1145,Small Business,North,PRD-080,Office Supplies,Gel Ink Pen Multi-Pack,3,18.0,0.1,48.6,30.6,StandardMail,1,On-Time,0,0
ORD-13331,2024-05-12,CUST-1302,Consumer,North,PRD-506,Electronics,SoundPulse Wireless Headphone,1,150.0,0.15,127.5,77.5,SwiftFreight,0,On-Time,0,0
ORD-13332,2024-05-12,CUST-1215,Consumer,North,PRD-904,Furniture,Nordic Solid Oak Bookshelf,1,310.0,0.05,294.5,209.5,SwiftFreight,0,On-Time,0,0
ORD-13333,2024-05-12,CUST-1093,Consumer,North,PRD-787,Furniture,ErgoPro Executive Desk,2,450.0,0.0,900.0,660.0,SwiftFreight,1,On-Time,0,0
ORD-13334,2024-05-12,CUST-1365,Small Business,North,PRD-910,Furniture,LumbarComfort Mesh Chair,3,220.0,0.15,561.0,366.0,StandardMail,1,On-Time,0,0
ORD-13335,2024-05-12,CUST-1301,Consumer,North,PRD-156,Electronics,Apex Gaming Laptop,2,1200.0,0.0,2400.0,1800.0,StandardMail,1,On-Time,0,0
ORD-13336,2024-05-12,CUST-1346,Small Business,South,PRD-910,Furniture,LumbarComfort Mesh Chair,2,220.0,0.05,418.0,288.0,StandardMail,4,Normal,0,0
ORD-13337,2024-05-12,CUST-1061,Small Business,South,PRD-787,Furniture,ErgoPro Executive Desk,2,450.0,0.1,810.0,570.0,SwiftFreight,4,Normal,0,0
ORD-13338,2024-05-12,CUST-1275,Small Business,South,PRD-910,Furniture,LumbarComfort Mesh Chair,3,220.0,0.1,594.0,399.0,ApexGlobal,3,Normal,0,0
ORD-13339,2024-05-12,CUST-1472,Consumer,South,PRD-904,Furniture,Nordic Solid Oak Bookshelf,3,310.0,0.15,790.5,535.5,StandardMail,3,Normal,1,0
ORD-13340,2024-05-12,CUST-1010,Small Business,South,PRD-044,Electronics,UltraVision 4K Monitor,2,400.0,0.05,760.0,540.0,ExpressLogistics,10,Delayed,1,0
ORD-13341,2024-05-12,CUST-1023,Small Business,East,PRD-080,Office Supplies,Gel Ink Pen Multi-Pack,3,18.0,0.15,45.9,27.9,SwiftFreight,1,On-Time,0,0
ORD-13342,2024-05-12,CUST-1303,Corporate,East,PRD-506,Electronics,SoundPulse Wireless Headphone,1,150.0,0.1,135.0,85.0,,1,On-Time,0,0
ORD-13343,2024-05-12,CUST-1393,Corporate,East,PRD-787,Furniture,ErgoPro Executive Desk,3,450.0,0.1,1215.0,855.0,SwiftFreight,2,On-Time,0,0
ORD-13344,2024-05-12,CUST-1335,Corporate,East,PRD-925,Office Supplies,Premium Recycled Paper (Box),2,45.0,0.0,90.0,62.0,SwiftFreight,0,On-Time,0,0
ORD-13345,2024-05-12,CUST-1257,Small Business,East,PRD-367,Office Supplies,HeavyDuty Metal Stapler,3,25.0,0.15,63.75,33.75,ExpressLogistics,1,On-Time,0,0
ORD-13346,2024-05-12,CUST-1391,Corporate,East,PRD-925,Office Supplies,Premium Recycled Paper (Box),3,45.0,0.1,121.5,79.5,StandardMail,1,On-Time,0,0
ORD-13347,2024-05-12,CUST-1356,Consumer,West,PRD-910,Furniture,LumbarComfort Mesh Chair,1,220.0,0.15,187.0,122.0,,2,On-Time,0,0
ORD-13348,2024-05-12,CUST-1030,,West,PRD-910,Furniture,LumbarComfort Mesh Chair,2,220.0,0.1,396.0,266.0,SwiftFreight,1,On-Time,0,0
ORD-13349,2024-05-12,CUST-1399,Corporate,West,PRD-910,Furniture,LumbarComfort Mesh Chair,1,220.0,0.15,187.0,122.0,SwiftFreight,2,On-Time,0,0
ORD-13350,2024-05-12,CUST-1079,Consumer,West,PRD-506,Electronics,SoundPulse Wireless Headphone,1,150.0,0.0,150.0,100.0,StandardMail,0,On-Time,0,0
ORD-13351,2024-05-12,CUST-1053,Corporate,West,PRD-506,Electronics,SoundPulse Wireless Headphone,1,150.0,0.0,150.0,100.0,SwiftFreight,1,On-Time,0,0
ORD-13352,2024-05-13,CUST-1215,Consumer,North,PRD-080,Office Supplies,Gel Ink Pen Multi-Pack,1,18.0,0.0,18.0,12.0,ApexGlobal,2,On-Time,0,0
ORD-13353,2024-05-13,CUST-1236,,North,PRD-925,Office Supplies,Premium Recycled Paper (Box),2,45.0,0.15,76.5,48.5,SwiftFreight,0,On-Time,0,0
ORD-13354,2024-05-13,CUST-1414,Corporate,North,PRD-025,Electronics,SmartSync Fitness Tracker,3,90.0,0.1,243.0,138.0,SwiftFreight,1,On-Time,0,0
ORD-13355,2024-05-13,CUST-1302,Consumer,North,PRD-910,Furniture,LumbarComfort Mesh Chair,3,220.0,0.05,627.0,432.0,ExpressLogistics,3,Normal,0,0
ORD-13356,2024-05-13,CUST-1386,Consumer,North,PRD-156,Electronics,Apex Gaming Laptop,2,1200.0,0.05,2280.0,1680.0,ApexGlobal,0,On-Time,0,0
ORD-13357,2024-05-13,CUST-1379,Small Business,North,PRD-910,Furniture,LumbarComfort Mesh Chair,2,220.0,0.05,418.0,288.0,SwiftFreight,1,On-Time,0,0
ORD-13358,2024-05-13,CUST-1323,Consumer,South,PRD-156,Electronics,Apex Gaming Laptop,2,1200.0,0.0,0.0,-120.0,ExpressLogistics,7,Cancelled,1,1
ORD-13359,2024-05-13,CUST-1297,Corporate,South,PRD-156,Electronics,Apex Gaming Laptop,2,1200.0,0.15,2040.0,1440.0,ApexGlobal,6,Delayed,1,0
ORD-13360,2024-05-13,CUST-1197,Small Business,South,PRD-506,Electronics,SoundPulse Wireless Headphone,2,150.0,0.05,285.0,185.0,,6,Delayed,1,0
ORD-13361,2024-05-13,CUST-1135,Consumer,South,PRD-787,Furniture,ErgoPro Executive Desk,1,450.0,0.1,405.0,285.0,ExpressLogistics,3,Normal,0,0
ORD-13362,2024-05-13,CUST-1269,Small Business,South,PRD-367,Office Supplies,HeavyDuty Metal Stapler,1,25.0,0.15,21.25,11.25,SwiftFreight,4,Normal,0,0
ORD-13363,2024-05-13,CUST-1141,Consumer,East,PRD-025,Electronics,SmartSync Fitness Tracker,3,90.0,0.05,256.5,151.5,SwiftFreight,1,On-Time,0,0
ORD-13364,2024-05-13,CUST-1087,Consumer,East,PRD-925,Office Supplies,Premium Recycled Paper (Box),2,45.0,0.1,81.0,53.0,StandardMail,1,On-Time,0,0
ORD-13365,2024-05-13,CUST-1411,Consumer,East,PRD-787,Furniture,ErgoPro Executive Desk,2,450.0,0.0,900.0,660.0,SwiftFreight,1,On-Time,0,0
ORD-13366,2024-05-13,CUST-1145,Consumer,East,PRD-080,Office Supplies,Gel Ink Pen Multi-Pack,2,18.0,0.0,36.0,24.0,ExpressLogistics,0,On-Time,0,0
ORD-13367,2024-05-13,CUST-1118,Corporate,East,PRD-156,Electronics,Apex Gaming Laptop,1,1200.0,0.1,1080.0,780.0,StandardMail,1,On-Time,0,0
ORD-13368,2024-05-13,CUST-1357,Small Business,East,PRD-904,Furniture,Nordic Solid Oak Bookshelf,3,310.0,0.15,790.5,535.5,StandardMail,1,On-Time,0,0
ORD-13369,2024-05-13,CUST-1133,Small Business,East,PRD-904,Furniture,Nordic Solid Oak Bookshelf,1,310.0,0.1,279.0,194.0,StandardMail,1,On-Time,0,0
ORD-13370,2024-05-13,CUST-1357,,East,PRD-925,Office Supplies,Premium Recycled Paper (Box),1,45.0,0.05,42.75,28.75,StandardMail,1,On-Time,0,0
ORD-13371,2024-05-13,CUST-1122,Consumer,West,PRD-506,Electronics,SoundPulse Wireless Headphone,2,150.0,0.0,300.0,200.0,ApexGlobal,1,On-Time,0,0
ORD-13372,2024-05-13,CUST-1476,Corporate,West,PRD-025,Electronics,SmartSync Fitness Tracker,1,90.0,0.15,76.5,41.5,StandardMail,1,On-Time,0,0
ORD-13373,2024-05-13,CUST-1027,Corporate,West,PRD-787,Furniture,ErgoPro Executive Desk,3,450.0,0.1,1215.0,855.0,StandardMail,1,On-Time,0,0
ORD-13374,2024-05-13,CUST-1297,Consumer,West,PRD-506,Electronics,SoundPulse Wireless Headphone,2,150.0,0.15,255.0,155.0,SwiftFreight,1,On-Time,0,0
ORD-13375,2024-05-13,CUST-1443,Corporate,West,PRD-080,Office Supplies,Gel Ink Pen Multi-Pack,1,18.0,0.05,17.1,11.1,ApexGlobal,0,On-Time,0,0
ORD-13376,2024-05-13,CUST-1430,Corporate,West,PRD-506,Electronics,SoundPulse Wireless Headphone,1,150.0,0.0,150.0,100.0,SwiftFreight,0,On-Time,0,0
ORD-13377,2024-05-13,CUST-1295,Corporate,West,PRD-910,Furniture,LumbarComfort Mesh Chair,2,220.0,0.15,374.0,244.0,StandardMail,1,On-Time,0,0
ORD-13378,2024-05-13,CUST-1472,Small Business,West,PRD-910,Furniture,LumbarComfort Mesh Chair,2,220.0,0.05,418.0,288.0,StandardMail,1,On-Time,0,0
ORD-13379,2024-05-14,CUST-1356,Consumer,North,PRD-787,Furniture,ErgoPro Executive Desk,3,450.0,0.05,1282.5,922.5,SwiftFreight,2,On-Time,0,0
ORD-13380,2024-05-14,CUST-1239,Small Business,North,PRD-044,Electronics,UltraVision 4K Monitor,3,400.0,0.1,1080.0,750.0,ExpressLogistics,1,On-Time,0,0
ORD-13381,2024-05-14,CUST-1107,Corporate,North,PRD-910,Furniture,LumbarComfort Mesh Chair,3,220.0,0.15,561.0,366.0,ExpressLogistics,0,On-Time,0,0
ORD-13382,2024-05-14,CUST-1164,Small Business,North,PRD-910,Furniture,LumbarComfort Mesh Chair,2,220.0,0.15,374.0,244.0,ExpressLogistics,1,On-Time,0,0
ORD-13383,2024-05-14,CUST-1176,Corporate,North,PRD-044,Electronics,UltraVision 4K Monitor,1,400.0,0.1,360.0,250.0,SwiftFreight,1,On-Time,0,0
ORD-13384,2024-05-14,CUST-1382,Corporate,North,PRD-367,Office Supplies,HeavyDuty Metal Stapler,2,25.0,0.0,50.0,30.0,ExpressLogistics,1,On-Time,0,0
ORD-13385,2024-05-14,CUST-1497,Consumer,North,PRD-080,Office Supplies,Gel Ink Pen Multi-Pack,2,18.0,0.1,32.4,20.4,ExpressLogistics,2,On-Time,0,0
ORD-13386,2024-05-14,CUST-1223,Consumer,North,PRD-367,Office Supplies,HeavyDuty Metal Stapler,3,25.0,0.1,67.5,37.5,ExpressLogistics,2,On-Time,0,0
ORD-13387,2024-05-14,CUST-1322,Corporate,South,PRD-910,Furniture,LumbarComfort Mesh Chair,3,220.0,0.15,0.0,-39.0,,2,Cancelled,1,1
ORD-13388,2024-05-14,CUST-1234,Small Business,South,PRD-910,Furniture,LumbarComfort Mesh Chair,2,220.0,0.1,396.0,266.0,ExpressLogistics,6,Delayed,0,0
ORD-13389,2024-05-14,CUST-1256,Small Business,South,PRD-367,Office Supplies,HeavyDuty Metal Stapler,1,25.0,0.15,21.25,11.25,StandardMail,6,Delayed,1,0
ORD-13390,2024-05-14,CUST-1066,Corporate,East,PRD-367,Office Supplies,HeavyDuty Metal Stapler,2,25.0,0.0,50.0,30.0,SwiftFreight,1,On-Time,0,0
ORD-13391,2024-05-14,CUST-1234,Corporate,East,PRD-904,Furniture,Nordic Solid Oak Bookshelf,3,310.0,0.15,790.5,535.5,ApexGlobal,0,On-Time,0,0
ORD-13392,2024-05-14,CUST-1111,Consumer,East,PRD-506,Electronics,SoundPulse Wireless Headphone,1,150.0,0.0,150.0,100.0,StandardMail,0,On-Time,0,0
ORD-13393,2024-05-14,CUST-1273,Corporate,East,PRD-787,Furniture,ErgoPro Executive Desk,2,450.0,0.0,900.0,660.0,ExpressLogistics,1,On-Time,0,0
ORD-13394,2024-05-14,CUST-1358,Corporate,East,PRD-506,Electronics,SoundPulse Wireless Headphone,3,150.0,0.05,427.5,277.5,StandardMail,0,On-Time,0,0
ORD-13395,2024-05-14,CUST-1438,,West,PRD-025,Electronics,SmartSync Fitness Tracker,2,90.0,0.05,171.0,101.0,StandardMail,1,On-Time,0,0
ORD-13396,2024-05-14,CUST-1064,Small Business,West,PRD-925,Office Supplies,Premium Recycled Paper (Box),1,45.0,0.05,42.75,28.75,ExpressLogistics,2,On-Time,0,0
ORD-13397,2024-05-14,CUST-1024,Consumer,West,PRD-156,Electronics,Apex Gaming Laptop,3,1200.0,0.1,3240.0,2340.0,StandardMail,1,On-Time,0,0
ORD-13398,2024-05-14,CUST-1233,Consumer,West,PRD-025,Electronics,SmartSync Fitness Tracker,2,90.0,0.05,171.0,101.0,StandardMail,1,On-Time,0,0
ORD-13399,2024-05-14,CUST-1440,Consumer,West,PRD-025,Electronics,SmartSync Fitness Tracker,2,90.0,0.1,162.0,92.0,ApexGlobal,1,On-Time,0,0
ORD-13400,2024-05-14,CUST-1171,Corporate,West,PRD-904,Furniture,Nordic Solid Oak Bookshelf,1,310.0,0.1,279.0,194.0,ApexGlobal,0,On-Time,0,0
ORD-13401,2024-05-14,CUST-1293,Small Business,West,PRD-044,Electronics,UltraVision 4K Monitor,1,400.0,0.05,380.0,270.0,SwiftFreight,0,On-Time,0,0
ORD-13402,2024-05-14,CUST-1079,Consumer,West,PRD-910,Furniture,LumbarComfort Mesh Chair,3,220.0,0.1,594.0,399.0,ApexGlobal,1,On-Time,0,0
ORD-13403,2024-05-15,CUST-1389,Small Business,North,PRD-910,Furniture,LumbarComfort Mesh Chair,1,220.0,0.15,187.0,122.0,ExpressLogistics,1,On-Time,0,0
ORD-13404,2024-05-15,CUST-1245,Small Business,North,PRD-910,Furniture,LumbarComfort Mesh Chair,3,220.0,0.0,660.0,465.0,SwiftFreight,1,On-Time,0,0
ORD-13405,2024-05-15,CUST-1440,Small Business,North,PRD-506,Electronics,SoundPulse Wireless Headphone,1,150.0,0.05,142.5,92.5,StandardMail,0,On-Time,0,0
ORD-13406,2024-05-15,CUST-1092,Consumer,North,PRD-044,Electronics,UltraVision 4K Monitor,3,400.0,0.15,1020.0,690.0,StandardMail,1,On-Time,0,0
ORD-13407,2024-05-15,CUST-1448,Corporate,North,PRD-925,Office Supplies,Premium Recycled Paper (Box),1,45.0,0.1,40.5,26.5,ExpressLogistics,0,On-Time,0,0
ORD-13408,2024-05-15,CUST-1391,Consumer,South,PRD-025,Electronics,SmartSync Fitness Tracker,3,90.0,0.0,0.0,-21.0,ApexGlobal,7,Cancelled,1,1
ORD-13409,2024-05-15,CUST-1187,Consumer,South,PRD-910,Furniture,LumbarComfort Mesh Chair,1,220.0,0.15,187.0,122.0,SwiftFreight,4,Normal,0,0
ORD-13410,2024-05-15,CUST-1053,Corporate,South,PRD-787,Furniture,ErgoPro Executive Desk,1,450.0,0.1,0.0,-24.0,ApexGlobal,4,Cancelled,0,1
ORD-13411,2024-05-15,CUST-1365,Consumer,South,PRD-787,Furniture,ErgoPro Executive Desk,3,450.0,0.15,1147.5,787.5,StandardMail,4,Normal,1,0
ORD-13412,2024-05-15,CUST-1400,Corporate,South,PRD-367,Office Supplies,HeavyDuty Metal Stapler,1,25.0,0.15,21.25,11.25,,3,Normal,0,0
ORD-13413,2024-05-15,CUST-1010,Consumer,East,PRD-787,Furniture,ErgoPro Executive Desk,2,450.0,0.05,855.0,615.0,ApexGlobal,1,On-Time,0,0
ORD-13414,2024-05-15,CUST-1181,Consumer,East,PRD-925,Office Supplies,Premium Recycled Paper (Box),2,45.0,0.15,76.5,48.5,ExpressLogistics,1,On-Time,0,0
ORD-13415,2024-05-15,CUST-1260,Consumer,East,PRD-156,Electronics,Apex Gaming Laptop,2,1200.0,0.0,2400.0,1800.0,SwiftFreight,1,On-Time,0,0
ORD-13416,2024-05-15,CUST-1216,Small Business,East,PRD-910,Furniture,LumbarComfort Mesh Chair,2,220.0,0.0,0.0,-26.0,SwiftFreight,0,Cancelled,0,1
ORD-13417,2024-05-15,CUST-1138,Consumer,East,PRD-025,Electronics,SmartSync Fitness Tracker,1,90.0,0.05,85.5,50.5,,2,On-Time,0,0
ORD-13418,2024-05-15,CUST-1245,Consumer,East,PRD-910,Furniture,LumbarComfort Mesh Chair,2,220.0,0.1,396.0,266.0,ExpressLogistics,1,On-Time,0,0
ORD-13419,2024-05-15,CUST-1357,Consumer,East,PRD-044,Electronics,UltraVision 4K Monitor,2,400.0,0.1,720.0,500.0,ExpressLogistics,2,On-Time,0,0
ORD-13420,2024-05-15,CUST-1238,Consumer,East,PRD-367,Office Supplies,HeavyDuty Metal Stapler,3,25.0,0.0,75.0,45.0,ExpressLogistics,0,On-Time,0,0
ORD-13421,2024-05-15,CUST-1069,Consumer,West,PRD-025,Electronics,SmartSync Fitness Tracker,1,90.0,0.15,76.5,41.5,ExpressLogistics,1,On-Time,0,0
ORD-13422,2024-05-15,CUST-1481,Corporate,West,PRD-925,Office Supplies,Premium Recycled Paper (Box),2,45.0,0.0,90.0,62.0,ApexGlobal,2,On-Time,0,0
ORD-13423,2024-05-15,CUST-1484,Consumer,West,PRD-025,Electronics,SmartSync Fitness Tracker,3,90.0,0.1,243.0,138.0,SwiftFreight,2,On-Time,0,0
ORD-13424,2024-05-15,CUST-1114,Small Business,West,PRD-080,Office Supplies,Gel Ink Pen Multi-Pack,1,18.0,0.0,18.0,12.0,StandardMail,1,On-Time,0,0
ORD-13425,2024-05-15,CUST-1124,Small Business,West,PRD-044,Electronics,UltraVision 4K Monitor,3,400.0,0.0,1200.0,870.0,StandardMail,1,On-Time,0,0
ORD-13426,2024-05-15,CUST-1115,Corporate,West,PRD-367,Office Supplies,HeavyDuty Metal Stapler,1,25.0,0.15,21.25,11.25,StandardMail,1,On-Time,0,0
ORD-13427,2024-05-16,CUST-1488,Corporate,North,PRD-925,Office Supplies,Premium Recycled Paper (Box),1,45.0,0.1,40.5,26.5,StandardMail,0,On-Time,0,0
ORD-13428,2024-05-16,CUST-1455,Corporate,North,PRD-044,Electronics,UltraVision 4K Monitor,3,400.0,0.1,1080.0,750.0,SwiftFreight,0,On-Time,0,0
ORD-13429,2024-05-16,CUST-1051,Consumer,North,PRD-787,Furniture,ErgoPro Executive Desk,2,450.0,0.05,855.0,615.0,ExpressLogistics,0,On-Time,0,0
ORD-13430,2024-05-16,CUST-1212,Consumer,North,PRD-156,Electronics,Apex Gaming Laptop,2,1200.0,0.05,2280.0,1680.0,ExpressLogistics,0,On-Time,0,0
ORD-13431,2024-05-16,CUST-1461,Corporate,North,PRD-506,Electronics,SoundPulse Wireless Headphone,2,150.0,0.0,300.0,200.0,ApexGlobal,1,On-Time,0,0
ORD-13432,2024-05-16,CUST-1002,Corporate,North,PRD-925,Office Supplies,Premium Recycled Paper (Box),2,45.0,0.05,85.5,57.5,StandardMail,0,On-Time,0,0
ORD-13433,2024-05-16,CUST-1286,Corporate,South,PRD-787,Furniture,ErgoPro Executive Desk,2,450.0,0.1,810.0,570.0,SwiftFreight,4,Normal,0,0
ORD-13434,2024-05-16,CUST-1004,Corporate,South,PRD-367,Office Supplies,HeavyDuty Metal Stapler,1,25.0,0.1,0.0,-2.0,SwiftFreight,6,Cancelled,0,1
ORD-13435,2024-05-16,CUST-1411,Corporate,South,PRD-044,Electronics,UltraVision 4K Monitor,3,400.0,0.0,1200.0,870.0,ExpressLogistics,6,Delayed,0,0
ORD-13436,2024-05-16,CUST-1016,Consumer,South,PRD-910,Furniture,LumbarComfort Mesh Chair,3,220.0,0.05,627.0,432.0,StandardMail,3,Normal,0,0
ORD-13437,2024-05-16,CUST-1289,Corporate,South,PRD-925,Office Supplies,Premium Recycled Paper (Box),1,45.0,0.1,40.5,26.5,StandardMail,3,Normal,0,0
ORD-13438,2024-05-16,CUST-1461,Consumer,South,PRD-904,Furniture,Nordic Solid Oak Bookshelf,1,310.0,0.15,263.5,178.5,ApexGlobal,5,Delayed,0,0
ORD-13439,2024-05-16,CUST-1048,Small Business,East,PRD-367,Office Supplies,HeavyDuty Metal Stapler,2,25.0,0.0,50.0,30.0,SwiftFreight,2,On-Time,0,0
ORD-13440,2024-05-16,CUST-1200,Corporate,East,PRD-787,Furniture,ErgoPro Executive Desk,2,450.0,0.15,765.0,525.0,ApexGlobal,0,On-Time,0,0
ORD-13441,2024-05-16,CUST-1236,Consumer,East,PRD-506,Electronics,SoundPulse Wireless Headphone,1,150.0,0.05,142.5,92.5,,1,On-Time,0,0
ORD-13442,2024-05-16,CUST-1367,Corporate,East,PRD-506,Electronics,SoundPulse Wireless Headphone,3,150.0,0.15,382.5,232.5,ExpressLogistics,0,On-Time,0,0
ORD-13443,2024-05-16,CUST-1166,Consumer,East,PRD-925,Office Supplies,Premium Recycled Paper (Box),3,45.0,0.1,121.5,79.5,ApexGlobal,2,On-Time,0,0
ORD-13444,2024-05-16,CUST-1406,Corporate,East,PRD-156,Electronics,Apex Gaming Laptop,2,1200.0,0.15,2040.0,1440.0,SwiftFreight,1,On-Time,0,0
ORD-13445,2024-05-16,CUST-1155,Consumer,West,PRD-044,Electronics,UltraVision 4K Monitor,2,400.0,0.1,720.0,500.0,StandardMail,0,On-Time,0,0
ORD-13446,2024-05-16,CUST-1093,Small Business,West,PRD-080,Office Supplies,Gel Ink Pen Multi-Pack,1,18.0,0.05,0.0,-1.2,StandardMail,1,Cancelled,0,1
ORD-13447,2024-05-16,CUST-1251,Small Business,West,PRD-025,Electronics,SmartSync Fitness Tracker,2,90.0,0.1,162.0,92.0,StandardMail,1,On-Time,0,0
ORD-13448,2024-05-16,CUST-1328,Consumer,West,PRD-910,Furniture,LumbarComfort Mesh Chair,2,220.0,0.0,440.0,310.0,StandardMail,2,On-Time,0,0
ORD-13449,2024-05-16,CUST-1148,Small Business,West,PRD-367,Office Supplies,HeavyDuty Metal Stapler,2,25.0,0.15,42.5,22.5,StandardMail,1,On-Time,1,0
ORD-13450,2024-05-16,CUST-1409,Corporate,West,PRD-080,Office Supplies,Gel Ink Pen Multi-Pack,1,18.0,0.05,17.1,11.1,ApexGlobal,0,On-Time,0,0
ORD-13451,2024-05-16,CUST-1127,Small Business,West,PRD-025,Electronics,SmartSync Fitness Tracker,2,90.0,0.1,162.0,92.0,ApexGlobal,2,On-Time,1,0
ORD-13452,2024-05-17,CUST-1067,Small Business,North,PRD-506,Electronics,SoundPulse Wireless Headphone,3,150.0,0.1,0.0,-30.0,StandardMail,1,Cancelled,0,1
ORD-13453,2024-05-17,CUST-1380,Corporate,North,PRD-506,Electronics,SoundPulse Wireless Headphone,2,150.0,0.0,300.0,200.0,SwiftFreight,0,On-Time,0,0
ORD-13454,2024-05-17,CUST-1277,Corporate,North,PRD-025,Electronics,SmartSync Fitness Tracker,1,90.0,0.0,90.0,55.0,StandardMail,1,On-Time,0,0
ORD-13455,2024-05-17,CUST-1425,Consumer,North,PRD-044,Electronics,UltraVision 4K Monitor,3,400.0,0.15,1020.0,690.0,ExpressLogistics,2,On-Time,0,0
ORD-13456,2024-05-17,CUST-1357,Small Business,North,PRD-080,Office Supplies,Gel Ink Pen Multi-Pack,3,18.0,0.1,48.6,30.6,ExpressLogistics,2,On-Time,0,0
ORD-13457,2024-05-17,CUST-1202,Corporate,North,PRD-367,Office Supplies,HeavyDuty Metal Stapler,2,25.0,0.1,45.0,25.0,,0,On-Time,0,0
ORD-13458,2024-05-17,CUST-1160,Consumer,North,PRD-904,Furniture,Nordic Solid Oak Bookshelf,1,310.0,0.1,279.0,194.0,SwiftFreight,0,On-Time,0,0
ORD-13459,2024-05-17,CUST-1292,Small Business,North,PRD-367,Office Supplies,HeavyDuty Metal Stapler,2,25.0,0.0,50.0,30.0,StandardMail,0,On-Time,1,0
ORD-13460,2024-05-17,CUST-1132,Consumer,South,PRD-904,Furniture,Nordic Solid Oak Bookshelf,2,310.0,0.05,0.0,-34.0,StandardMail,7,Cancelled,1,1
ORD-13461,2024-05-17,CUST-1067,Consumer,South,PRD-506,Electronics,SoundPulse Wireless Headphone,3,150.0,0.1,405.0,255.0,SwiftFreight,5,Delayed,1,0
ORD-13462,2024-05-17,CUST-1243,Small Business,South,PRD-904,Furniture,Nordic Solid Oak Bookshelf,2,310.0,0.1,558.0,388.0,StandardMail,4,Normal,0,0
ORD-13463,2024-05-17,CUST-1498,Consumer,East,PRD-787,Furniture,ErgoPro Executive Desk,1,450.0,0.05,427.5,307.5,ApexGlobal,1,On-Time,0,0
ORD-13464,2024-05-17,CUST-1012,Consumer,East,PRD-910,Furniture,LumbarComfort Mesh Chair,2,220.0,0.0,440.0,310.0,ExpressLogistics,0,On-Time,0,0
ORD-13465,2024-05-17,CUST-1096,Consumer,East,PRD-156,Electronics,Apex Gaming Laptop,2,1200.0,0.05,2280.0,1680.0,ExpressLogistics,1,On-Time,0,0
ORD-13466,2024-05-17,CUST-1424,Corporate,East,PRD-156,Electronics,Apex Gaming Laptop,3,1200.0,0.15,3060.0,2160.0,ApexGlobal,1,On-Time,0,0
ORD-13467,2024-05-17,CUST-1496,Consumer,East,PRD-080,Office Supplies,Gel Ink Pen Multi-Pack,2,18.0,0.15,30.6,18.6,ExpressLogistics,2,On-Time,0,0
ORD-13468,2024-05-17,CUST-1113,Corporate,East,PRD-080,Office Supplies,Gel Ink Pen Multi-Pack,1,18.0,0.1,16.2,10.2,ExpressLogistics,1,On-Time,0,0
ORD-13469,2024-05-17,CUST-1492,Corporate,East,PRD-044,Electronics,UltraVision 4K Monitor,3,400.0,0.05,1140.0,810.0,StandardMail,1,On-Time,0,0
ORD-13470,2024-05-17,CUST-1371,Consumer,West,PRD-925,Office Supplies,Premium Recycled Paper (Box),3,45.0,0.0,135.0,93.0,ExpressLogistics,1,On-Time,0,0
ORD-13471,2024-05-17,CUST-1088,Consumer,West,PRD-506,Electronics,SoundPulse Wireless Headphone,1,150.0,0.1,135.0,85.0,SwiftFreight,1,On-Time,0,0
ORD-13472,2024-05-17,CUST-1229,Small Business,West,PRD-080,Office Supplies,Gel Ink Pen Multi-Pack,1,18.0,0.05,17.1,11.1,StandardMail,1,On-Time,0,0
ORD-13473,2024-05-17,CUST-1099,Small Business,West,PRD-787,Furniture,ErgoPro Executive Desk,1,450.0,0.1,405.0,285.0,StandardMail,2,On-Time,0,0
ORD-13474,2024-05-17,CUST-1059,Corporate,West,PRD-025,Electronics,SmartSync Fitness Tracker,1,90.0,0.05,85.5,50.5,SwiftFreight,2,On-Time,0,0
ORD-13475,2024-05-18,CUST-1363,Consumer,North,PRD-080,Office Supplies,Gel Ink Pen Multi-Pack,2,18.0,0.15,30.6,18.6,ExpressLogistics,2,On-Time,0,0
ORD-13476,2024-05-18,CUST-1006,Small Business,North,PRD-025,Electronics,SmartSync Fitness Tracker,3,90.0,0.15,229.5,124.5,StandardMail,3,Normal,0,0
ORD-13477,2024-05-18,CUST-1185,Corporate,North,PRD-925,Office Supplies,Premium Recycled Paper (Box),3,45.0,0.05,128.25,86.25,ExpressLogistics,0,On-Time,0,0
ORD-13478,2024-05-18,CUST-1306,Consumer,North,PRD-787,Furniture,ErgoPro Executive Desk,2,450.0,0.0,900.0,660.0,ApexGlobal,0,On-Time,0,0
ORD-13479,2024-05-18,CUST-1009,Consumer,North,PRD-925,Office Supplies,Premium Recycled Paper (Box),2,45.0,0.1,81.0,53.0,StandardMail,1,On-Time,0,0
ORD-13480,2024-05-18,CUST-1378,Small Business,North,PRD-044,Electronics,UltraVision 4K Monitor,3,400.0,0.15,1020.0,690.0,ExpressLogistics,1,On-Time,0,0
ORD-13481,2024-05-18,CUST-1471,Consumer,South,PRD-156,Electronics,Apex Gaming Laptop,3,1200.0,0.05,3420.0,2520.0,StandardMail,7,Delayed,1,0
ORD-13482,2024-05-18,CUST-1143,Corporate,South,PRD-080,Office Supplies,Gel Ink Pen Multi-Pack,2,18.0,0.1,32.4,20.4,ExpressLogistics,4,Normal,0,0
ORD-13483,2024-05-18,CUST-1394,,South,PRD-044,Electronics,UltraVision 4K Monitor,2,400.0,0.05,760.0,540.0,ApexGlobal,8,Delayed,1,0
ORD-13484,2024-05-18,CUST-1226,Small Business,East,PRD-910,Furniture,LumbarComfort Mesh Chair,3,220.0,0.0,660.0,465.0,ExpressLogistics,0,On-Time,0,0
ORD-13485,2024-05-18,CUST-1249,Consumer,East,PRD-904,Furniture,Nordic Solid Oak Bookshelf,1,310.0,0.05,294.5,209.5,ApexGlobal,3,Normal,0,0
ORD-13486,2024-05-18,CUST-1042,Corporate,East,PRD-044,Electronics,UltraVision 4K Monitor,3,400.0,0.1,1080.0,750.0,StandardMail,1,On-Time,0,0
ORD-13487,2024-05-18,CUST-1013,Consumer,East,PRD-925,Office Supplies,Premium Recycled Paper (Box),3,45.0,0.0,135.0,93.0,StandardMail,1,On-Time,0,0
ORD-13488,2024-05-18,CUST-1227,Corporate,East,PRD-925,Office Supplies,Premium Recycled Paper (Box),1,45.0,0.15,38.25,24.25,ExpressLogistics,2,On-Time,0,0
ORD-13489,2024-05-18,CUST-1157,Consumer,East,PRD-910,Furniture,LumbarComfort Mesh Chair,3,220.0,0.05,627.0,432.0,ExpressLogistics,1,On-Time,0,0
ORD-13490,2024-05-18,CUST-1230,Consumer,East,PRD-080,Office Supplies,Gel Ink Pen Multi-Pack,2,18.0,0.0,36.0,24.0,ApexGlobal,0,On-Time,0,0
ORD-13491,2024-05-18,CUST-1019,Consumer,East,PRD-044,Electronics,UltraVision 4K Monitor,2,400.0,0.1,720.0,500.0,ApexGlobal,1,On-Time,0,0
ORD-13492,2024-05-18,CUST-1260,Consumer,West,PRD-506,Electronics,SoundPulse Wireless Headphone,2,150.0,0.0,300.0,200.0,SwiftFreight,0,On-Time,0,0
ORD-13493,2024-05-18,CUST-1050,Consumer,West,PRD-910,Furniture,LumbarComfort Mesh Chair,2,220.0,0.0,440.0,310.0,ApexGlobal,1,On-Time,0,0
ORD-13494,2024-05-18,CUST-1253,Small Business,West,PRD-925,Office Supplies,Premium Recycled Paper (Box),2,45.0,0.0,0.0,-5.6,StandardMail,1,Cancelled,0,1
ORD-13495,2024-05-18,CUST-1142,Consumer,West,PRD-910,Furniture,LumbarComfort Mesh Chair,2,220.0,0.0,440.0,310.0,ApexGlobal,1,On-Time,0,0
ORD-13496,2024-05-18,CUST-1426,Corporate,West,PRD-367,Office Supplies,HeavyDuty Metal Stapler,2,25.0,0.05,47.5,27.5,ExpressLogistics,0,On-Time,0,0
ORD-13497,2024-05-18,CUST-1230,Consumer,West,PRD-367,Office Supplies,HeavyDuty Metal Stapler,1,25.0,0.0,25.0,15.0,StandardMail,1,On-Time,0,0
ORD-13498,2024-05-18,CUST-1296,Consumer,West,PRD-910,Furniture,LumbarComfort Mesh Chair,3,220.0,0.15,561.0,366.0,ExpressLogistics,1,On-Time,0,0
ORD-13499,2024-05-19,CUST-1468,Corporate,North,PRD-506,Electronics,SoundPulse Wireless Headphone,2,150.0,0.0,300.0,200.0,ApexGlobal,1,On-Time,0,0
ORD-13500,2024-05-19,CUST-1205,Consumer,North,PRD-156,Electronics,Apex Gaming Laptop,3,1200.0,0.0,3600.0,2700.0,StandardMail,0,On-Time,0,0
ORD-13501,2024-05-19,CUST-1168,Consumer,North,PRD-080,Office Supplies,Gel Ink Pen Multi-Pack,3,18.0,0.05,51.3,33.3,SwiftFreight,0,On-Time,0,0
ORD-13502,2024-05-19,CUST-1402,Small Business,North,PRD-080,Office Supplies,Gel Ink Pen Multi-Pack,1,18.0,0.05,17.1,11.1,StandardMail,2,On-Time,0,0
ORD-13503,2024-05-19,CUST-1479,Consumer,North,PRD-080,Office Supplies,Gel Ink Pen Multi-Pack,2,18.0,0.1,32.4,20.4,SwiftFreight,1,On-Time,0,0
ORD-13504,2024-05-19,CUST-1314,Corporate,North,PRD-367,Office Supplies,HeavyDuty Metal Stapler,1,25.0,0.0,25.0,15.0,StandardMail,1,On-Time,0,0
ORD-13505,2024-05-19,CUST-1299,Consumer,South,PRD-080,Office Supplies,Gel Ink Pen Multi-Pack,3,18.0,0.15,45.9,27.9,SwiftFreight,3,Normal,1,0
ORD-13506,2024-05-19,CUST-1030,Small Business,South,PRD-910,Furniture,LumbarComfort Mesh Chair,1,220.0,0.05,209.0,144.0,StandardMail,4,Normal,0,0
ORD-13507,2024-05-19,CUST-1080,Small Business,South,PRD-904,Furniture,Nordic Solid Oak Bookshelf,2,310.0,0.1,0.0,-34.0,ApexGlobal,4,Cancelled,0,1
ORD-13508,2024-05-19,CUST-1499,Consumer,East,PRD-367,Office Supplies,HeavyDuty Metal Stapler,2,25.0,0.15,42.5,22.5,ApexGlobal,0,On-Time,0,0
ORD-13509,2024-05-19,CUST-1438,,East,PRD-925,Office Supplies,Premium Recycled Paper (Box),2,45.0,0.0,90.0,62.0,ExpressLogistics,1,On-Time,0,0
ORD-13510,2024-05-19,CUST-1233,Corporate,East,PRD-367,Office Supplies,HeavyDuty Metal Stapler,1,25.0,0.1,22.5,12.5,SwiftFreight,2,On-Time,0,0
ORD-13511,2024-05-19,CUST-1043,Small Business,East,PRD-156,Electronics,Apex Gaming Laptop,1,1200.0,0.05,1140.0,840.0,SwiftFreight,1,On-Time,0,0
ORD-13512,2024-05-19,CUST-1295,Small Business,East,PRD-506,Electronics,SoundPulse Wireless Headphone,3,150.0,0.05,427.5,277.5,ExpressLogistics,1,On-Time,0,0
ORD-13513,2024-05-19,CUST-1198,Small Business,East,PRD-025,Electronics,SmartSync Fitness Tracker,2,90.0,0.05,171.0,101.0,SwiftFreight,1,On-Time,0,0
ORD-13514,2024-05-19,CUST-1450,Corporate,East,PRD-156,Electronics,Apex Gaming Laptop,2,1200.0,0.05,2280.0,1680.0,ExpressLogistics,2,On-Time,0,0
ORD-13515,2024-05-19,CUST-1170,Small Business,West,PRD-025,Electronics,SmartSync Fitness Tracker,2,90.0,0.0,180.0,110.0,ApexGlobal,2,On-Time,0,0
ORD-13516,2024-05-19,CUST-1383,Consumer,West,PRD-787,Furniture,ErgoPro Executive Desk,3,450.0,0.05,1282.5,922.5,ExpressLogistics,1,On-Time,0,0
ORD-13517,2024-05-19,CUST-1206,Corporate,West,PRD-910,Furniture,LumbarComfort Mesh Chair,3,220.0,0.15,561.0,366.0,ApexGlobal,1,On-Time,0,0
ORD-13518,2024-05-19,CUST-1103,Corporate,West,PRD-367,Office Supplies,HeavyDuty Metal Stapler,2,25.0,0.05,47.5,27.5,SwiftFreight,2,On-Time,0,0
ORD-13519,2024-05-19,CUST-1063,Corporate,West,PRD-787,Furniture,ErgoPro Executive Desk,3,450.0,0.05,1282.5,922.5,StandardMail,1,On-Time,0,0
ORD-13520,2024-05-19,CUST-1147,Corporate,West,PRD-910,Furniture,LumbarComfort Mesh Chair,3,220.0,0.0,660.0,465.0,ApexGlobal,1,On-Time,0,0
ORD-13521,2024-05-19,CUST-1225,Consumer,West,PRD-910,Furniture,LumbarComfort Mesh Chair,2,220.0,0.05,418.0,288.0,ExpressLogistics,2,On-Time,0,0
ORD-13522,2024-05-19,CUST-1405,Consumer,West,PRD-925,Office Supplies,Premium Recycled Paper (Box),2,45.0,0.1,81.0,53.0,SwiftFreight,1,On-Time,0,0
ORD-13523,2024-05-20,CUST-1063,Corporate,North,PRD-044,Electronics,UltraVision 4K Monitor,1,400.0,0.05,380.0,270.0,ApexGlobal,0,On-Time,0,0
ORD-13524,2024-05-20,CUST-1320,Corporate,North,PRD-025,Electronics,SmartSync Fitness Tracker,2,90.0,0.0,180.0,110.0,StandardMail,1,On-Time,0,0
ORD-13525,2024-05-20,CUST-1477,Small Business,North,PRD-025,Electronics,SmartSync Fitness Tracker,2,90.0,0.1,162.0,92.0,ApexGlobal,1,On-Time,0,0
ORD-13526,2024-05-20,CUST-1491,Small Business,North,PRD-025,Electronics,SmartSync Fitness Tracker,2,90.0,0.05,171.0,101.0,ApexGlobal,3,Normal,0,0
ORD-13527,2024-05-20,CUST-1209,Corporate,North,PRD-910,Furniture,LumbarComfort Mesh Chair,3,220.0,0.05,627.0,432.0,StandardMail,0,On-Time,0,0
ORD-13528,2024-05-20,CUST-1149,Consumer,North,PRD-787,Furniture,ErgoPro Executive Desk,2,450.0,0.0,900.0,660.0,SwiftFreight,0,On-Time,0,0
ORD-13529,2024-05-20,CUST-1222,Small Business,South,PRD-910,Furniture,LumbarComfort Mesh Chair,1,220.0,0.05,209.0,144.0,SwiftFreight,5,Delayed,0,0
ORD-13530,2024-05-20,CUST-1132,Consumer,South,PRD-904,Furniture,Nordic Solid Oak Bookshelf,1,310.0,0.1,279.0,194.0,ApexGlobal,4,Normal,0,0
ORD-13531,2024-05-20,CUST-1451,Small Business,South,PRD-044,Electronics,UltraVision 4K Monitor,3,400.0,0.1,0.0,-66.0,StandardMail,9,Cancelled,1,1
ORD-13532,2024-05-20,CUST-1231,Consumer,South,PRD-156,Electronics,Apex Gaming Laptop,1,1200.0,0.05,0.0,-60.0,ApexGlobal,10,Cancelled,1,1
ORD-13533,2024-05-20,CUST-1040,Corporate,South,PRD-506,Electronics,SoundPulse Wireless Headphone,2,150.0,0.15,255.0,155.0,ExpressLogistics,8,Delayed,0,0
ORD-13534,2024-05-20,CUST-1450,Consumer,South,PRD-044,Electronics,UltraVision 4K Monitor,1,400.0,0.15,0.0,-22.0,ApexGlobal,10,Cancelled,0,1
ORD-13535,2024-05-20,CUST-1120,Consumer,East,PRD-787,Furniture,ErgoPro Executive Desk,3,450.0,0.05,1282.5,922.5,ExpressLogistics,2,On-Time,0,0
ORD-13536,2024-05-20,CUST-1493,Small Business,East,PRD-904,Furniture,Nordic Solid Oak Bookshelf,2,310.0,0.15,527.0,357.0,,0,On-Time,0,0
ORD-13537,2024-05-20,CUST-1373,Small Business,East,PRD-904,Furniture,Nordic Solid Oak Bookshelf,3,310.0,0.05,883.5,628.5,StandardMail,1,On-Time,0,0
ORD-13538,2024-05-20,CUST-1407,Small Business,East,PRD-080,Office Supplies,Gel Ink Pen Multi-Pack,2,18.0,0.1,32.4,20.4,ExpressLogistics,2,On-Time,0,0
ORD-13539,2024-05-20,CUST-1486,Corporate,East,PRD-904,Furniture,Nordic Solid Oak Bookshelf,2,310.0,0.05,589.0,419.0,SwiftFreight,1,On-Time,0,0
ORD-13540,2024-05-20,CUST-1208,Corporate,East,PRD-044,Electronics,UltraVision 4K Monitor,3,400.0,0.1,1080.0,750.0,StandardMail,1,On-Time,0,0
ORD-13541,2024-05-20,CUST-1045,Consumer,East,PRD-925,Office Supplies,Premium Recycled Paper (Box),1,45.0,0.15,38.25,24.25,SwiftFreight,1,On-Time,0,0
ORD-13542,2024-05-20,CUST-1369,Corporate,East,PRD-367,Office Supplies,HeavyDuty Metal Stapler,2,25.0,0.0,50.0,30.0,ExpressLogistics,1,On-Time,0,0
ORD-13543,2024-05-20,CUST-1092,Small Business,West,PRD-506,Electronics,SoundPulse Wireless Headphone,1,150.0,0.15,127.5,77.5,ExpressLogistics,3,Normal,0,0
ORD-13544,2024-05-20,CUST-1171,Consumer,West,PRD-910,Furniture,LumbarComfort Mesh Chair,3,220.0,0.0,660.0,465.0,ExpressLogistics,1,On-Time,0,0
ORD-13545,2024-05-20,CUST-1084,Small Business,West,PRD-925,Office Supplies,Premium Recycled Paper (Box),2,45.0,0.05,85.5,57.5,SwiftFreight,1,On-Time,0,0
ORD-13546,2024-05-20,CUST-1265,Small Business,West,PRD-506,Electronics,SoundPulse Wireless Headphone,3,150.0,0.1,405.0,255.0,ExpressLogistics,1,On-Time,0,0
ORD-13547,2024-05-20,CUST-1483,Consumer,West,PRD-787,Furniture,ErgoPro Executive Desk,2,450.0,0.15,765.0,525.0,ExpressLogistics,1,On-Time,0,0
ORD-13548,2024-05-20,CUST-1283,Corporate,West,PRD-080,Office Supplies,Gel Ink Pen Multi-Pack,1,18.0,0.15,15.3,9.3,SwiftFreight,1,On-Time,0,0
ORD-13549,2024-05-21,CUST-1116,Consumer,North,PRD-787,Furniture,ErgoPro Executive Desk,1,450.0,0.0,450.0,330.0,ExpressLogistics,1,On-Time,0,0
ORD-13550,2024-05-21,CUST-1477,Corporate,North,PRD-080,Office Supplies,Gel Ink Pen Multi-Pack,2,18.0,0.05,34.2,22.2,ExpressLogistics,1,On-Time,0,0
ORD-13551,2024-05-21,CUST-1448,Corporate,North,PRD-925,Office Supplies,Premium Recycled Paper (Box),1,45.0,0.05,42.75,28.75,ExpressLogistics,2,On-Time,0,0
ORD-13552,2024-05-21,CUST-1358,Corporate,North,PRD-025,Electronics,SmartSync Fitness Tracker,1,90.0,0.1,81.0,46.0,ExpressLogistics,1,On-Time,0,0
ORD-13553,2024-05-21,CUST-1414,Consumer,North,PRD-080,Office Supplies,Gel Ink Pen Multi-Pack,2,18.0,0.05,34.2,22.2,ApexGlobal,1,On-Time,0,0
ORD-13554,2024-05-21,CUST-1017,Consumer,North,PRD-904,Furniture,Nordic Solid Oak Bookshelf,3,310.0,0.1,837.0,582.0,ApexGlobal,0,On-Time,0,0
ORD-13555,2024-05-21,CUST-1154,Corporate,North,PRD-080,Office Supplies,Gel Ink Pen Multi-Pack,3,18.0,0.05,51.3,33.3,ExpressLogistics,1,On-Time,0,0
ORD-13556,2024-05-21,CUST-1206,Small Business,South,PRD-156,Electronics,Apex Gaming Laptop,3,1200.0,0.1,3240.0,2340.0,SwiftFreight,0,On-Time,0,0
ORD-13557,2024-05-21,CUST-1411,Consumer,South,PRD-506,Electronics,SoundPulse Wireless Headphone,1,150.0,0.0,150.0,100.0,SwiftFreight,0,On-Time,0,0
ORD-13558,2024-05-21,CUST-1230,Consumer,South,PRD-506,Electronics,SoundPulse Wireless Headphone,3,150.0,0.05,427.5,277.5,ApexGlobal,1,On-Time,0,0
ORD-13559,2024-05-21,CUST-1386,Corporate,South,PRD-025,Electronics,SmartSync Fitness Tracker,1,90.0,0.05,85.5,50.5,SwiftFreight,2,On-Time,0,0
ORD-13560,2024-05-21,CUST-1073,Consumer,South,PRD-506,Electronics,SoundPulse Wireless Headphone,1,150.0,0.1,135.0,85.0,,0,On-Time,0,0
ORD-13561,2024-05-21,CUST-1030,Small Business,South,PRD-787,Furniture,ErgoPro Executive Desk,2,450.0,0.0,900.0,660.0,SwiftFreight,2,On-Time,0,0
ORD-13562,2024-05-21,CUST-1086,Corporate,South,PRD-787,Furniture,ErgoPro Executive Desk,2,450.0,0.05,855.0,615.0,ApexGlobal,0,On-Time,0,0
ORD-13563,2024-05-21,CUST-1199,Consumer,East,PRD-367,Office Supplies,HeavyDuty Metal Stapler,3,25.0,0.15,63.75,33.75,ExpressLogistics,0,On-Time,0,0
ORD-13564,2024-05-21,CUST-1444,Consumer,East,PRD-506,Electronics,SoundPulse Wireless Headphone,3,150.0,0.0,450.0,300.0,SwiftFreight,0,On-Time,0,0
ORD-13565,2024-05-21,CUST-1198,Corporate,East,PRD-025,Electronics,SmartSync Fitness Tracker,1,90.0,0.05,85.5,50.5,SwiftFreight,1,On-Time,0,0
ORD-13566,2024-05-21,CUST-1351,,East,PRD-080,Office Supplies,Gel Ink Pen Multi-Pack,2,18.0,0.1,32.4,20.4,StandardMail,1,On-Time,0,0
ORD-13567,2024-05-21,CUST-1358,Consumer,East,PRD-080,Office Supplies,Gel Ink Pen Multi-Pack,1,18.0,0.05,17.1,11.1,StandardMail,0,On-Time,0,0
ORD-13568,2024-05-21,CUST-1081,Corporate,West,PRD-025,Electronics,SmartSync Fitness Tracker,3,90.0,0.1,243.0,138.0,ApexGlobal,1,On-Time,0,0
ORD-13569,2024-05-21,CUST-1471,Corporate,West,PRD-367,Office Supplies,HeavyDuty Metal Stapler,3,25.0,0.0,75.0,45.0,SwiftFreight,0,On-Time,0,0
ORD-13570,2024-05-21,CUST-1097,Corporate,West,PRD-910,Furniture,LumbarComfort Mesh Chair,1,220.0,0.15,187.0,122.0,ExpressLogistics,1,On-Time,0,0
ORD-13571,2024-05-21,CUST-1468,Small Business,West,PRD-506,Electronics,SoundPulse Wireless Headphone,2,150.0,0.0,300.0,200.0,,2,On-Time,0,0
ORD-13572,2024-05-21,CUST-1427,Small Business,West,PRD-080,Office Supplies,Gel Ink Pen Multi-Pack,2,18.0,0.0,36.0,24.0,StandardMail,1,On-Time,0,0
ORD-13573,2024-05-21,CUST-1111,Corporate,West,PRD-080,Office Supplies,Gel Ink Pen Multi-Pack,3,18.0,0.05,51.3,33.3,ExpressLogistics,1,On-Time,0,0
ORD-13574,2024-05-22,CUST-1395,Small Business,North,PRD-506,Electronics,SoundPulse Wireless Headphone,3,150.0,0.05,427.5,277.5,SwiftFreight,1,On-Time,0,0
ORD-13575,2024-05-22,CUST-1290,Consumer,North,PRD-080,Office Supplies,Gel Ink Pen Multi-Pack,3,18.0,0.0,54.0,36.0,SwiftFreight,1,On-Time,0,0
ORD-13576,2024-05-22,CUST-1142,Small Business,North,PRD-367,Office Supplies,HeavyDuty Metal Stapler,3,25.0,0.1,67.5,37.5,ExpressLogistics,1,On-Time,0,0
ORD-13577,2024-05-22,CUST-1449,Corporate,North,PRD-910,Furniture,LumbarComfort Mesh Chair,2,220.0,0.05,418.0,288.0,SwiftFreight,2,On-Time,0,0
ORD-13578,2024-05-22,CUST-1069,Consumer,North,PRD-910,Furniture,LumbarComfort Mesh Chair,2,220.0,0.05,418.0,288.0,SwiftFreight,2,On-Time,0,0
ORD-13579,2024-05-22,CUST-1218,Consumer,North,PRD-080,Office Supplies,Gel Ink Pen Multi-Pack,1,18.0,0.0,18.0,12.0,SwiftFreight,1,On-Time,0,0
ORD-13580,2024-05-22,CUST-1009,Small Business,North,PRD-787,Furniture,ErgoPro Executive Desk,2,450.0,0.15,765.0,525.0,ExpressLogistics,1,On-Time,0,0
ORD-13581,2024-05-22,CUST-1052,Small Business,North,PRD-910,Furniture,LumbarComfort Mesh Chair,2,220.0,0.05,418.0,288.0,ApexGlobal,0,On-Time,0,0
ORD-13582,2024-05-22,CUST-1480,Corporate,South,PRD-156,Electronics,Apex Gaming Laptop,3,1200.0,0.0,3600.0,2700.0,ExpressLogistics,0,On-Time,0,0
ORD-13583,2024-05-22,CUST-1240,Small Business,South,PRD-367,Office Supplies,HeavyDuty Metal Stapler,2,25.0,0.0,50.0,30.0,ExpressLogistics,2,On-Time,0,0
ORD-13584,2024-05-22,CUST-1049,Corporate,South,PRD-156,Electronics,Apex Gaming Laptop,2,1200.0,0.0,2400.0,1800.0,SwiftFreight,2,On-Time,0,0
ORD-13585,2024-05-22,CUST-1422,Corporate,South,PRD-025,Electronics,SmartSync Fitness Tracker,3,90.0,0.1,243.0,138.0,ExpressLogistics,2,On-Time,0,0
ORD-13586,2024-05-22,CUST-1333,Small Business,South,PRD-080,Office Supplies,Gel Ink Pen Multi-Pack,3,18.0,0.0,54.0,36.0,SwiftFreight,1,On-Time,0,0
ORD-13587,2024-05-22,CUST-1422,Corporate,South,PRD-910,Furniture,LumbarComfort Mesh Chair,2,220.0,0.0,440.0,310.0,ApexGlobal,1,On-Time,0,0
ORD-13588,2024-05-22,CUST-1272,Corporate,South,PRD-787,Furniture,ErgoPro Executive Desk,1,450.0,0.0,450.0,330.0,SwiftFreight,1,On-Time,0,0
ORD-13589,2024-05-22,CUST-1352,Small Business,East,PRD-080,Office Supplies,Gel Ink Pen Multi-Pack,2,18.0,0.15,30.6,18.6,ApexGlobal,1,On-Time,0,0
ORD-13590,2024-05-22,CUST-1121,Corporate,East,PRD-367,Office Supplies,HeavyDuty Metal Stapler,3,25.0,0.05,71.25,41.25,SwiftFreight,1,On-Time,0,0
ORD-13591,2024-05-22,CUST-1426,Corporate,East,PRD-080,Office Supplies,Gel Ink Pen Multi-Pack,1,18.0,0.0,18.0,12.0,ApexGlobal,2,On-Time,0,0
ORD-13592,2024-05-22,CUST-1458,Corporate,East,PRD-787,Furniture,ErgoPro Executive Desk,1,450.0,0.15,382.5,262.5,StandardMail,1,On-Time,0,0
ORD-13593,2024-05-22,CUST-1070,Consumer,East,PRD-156,Electronics,Apex Gaming Laptop,2,1200.0,0.0,2400.0,1800.0,ApexGlobal,1,On-Time,0,0
ORD-13594,2024-05-22,CUST-1352,Consumer,East,PRD-910,Furniture,LumbarComfort Mesh Chair,1,220.0,0.1,198.0,133.0,ExpressLogistics,0,On-Time,0,0
ORD-13595,2024-05-22,CUST-1369,Corporate,West,PRD-080,Office Supplies,Gel Ink Pen Multi-Pack,1,18.0,0.1,16.2,10.2,SwiftFreight,1,On-Time,0,0
ORD-13596,2024-05-22,CUST-1396,Corporate,West,PRD-904,Furniture,Nordic Solid Oak Bookshelf,1,310.0,0.0,310.0,225.0,SwiftFreight,3,Normal,0,0
ORD-13597,2024-05-22,CUST-1060,,West,PRD-044,Electronics,UltraVision 4K Monitor,1,400.0,0.05,0.0,-22.0,ApexGlobal,1,Cancelled,0,1
ORD-13598,2024-05-22,CUST-1491,Corporate,West,PRD-367,Office Supplies,HeavyDuty Metal Stapler,3,25.0,0.1,67.5,37.5,ApexGlobal,1,On-Time,0,0
ORD-13599,2024-05-22,CUST-1309,Consumer,West,PRD-925,Office Supplies,Premium Recycled Paper (Box),1,45.0,0.0,45.0,31.0,ExpressLogistics,2,On-Time,0,0
ORD-13600,2024-05-22,CUST-1092,Small Business,West,PRD-787,Furniture,ErgoPro Executive Desk,1,450.0,0.15,382.5,262.5,SwiftFreight,0,On-Time,0,0
ORD-13601,2024-05-22,CUST-1292,Consumer,West,PRD-904,Furniture,Nordic Solid Oak Bookshelf,1,310.0,0.15,263.5,178.5,ApexGlobal,2,On-Time,0,0
ORD-13602,2024-05-22,CUST-1445,Consumer,West,PRD-080,Office Supplies,Gel Ink Pen Multi-Pack,1,18.0,0.05,0.0,-1.2,SwiftFreight,1,Cancelled,0,1
ORD-13603,2024-05-23,CUST-1027,Consumer,North,PRD-044,Electronics,UltraVision 4K Monitor,1,400.0,0.0,400.0,290.0,ExpressLogistics,1,On-Time,0,0
ORD-13604,2024-05-23,CUST-1086,Corporate,North,PRD-904,Furniture,Nordic Solid Oak Bookshelf,2,310.0,0.0,620.0,450.0,ExpressLogistics,1,On-Time,0,0
ORD-13605,2024-05-23,CUST-1284,Corporate,North,PRD-080,Office Supplies,Gel Ink Pen Multi-Pack,2,18.0,0.1,32.4,20.4,SwiftFreight,1,On-Time,0,0
ORD-13606,2024-05-23,CUST-1349,Small Business,North,PRD-910,Furniture,LumbarComfort Mesh Chair,3,220.0,0.05,627.0,432.0,SwiftFreight,1,On-Time,0,0
ORD-13607,2024-05-23,CUST-1097,Corporate,North,PRD-367,Office Supplies,HeavyDuty Metal Stapler,2,25.0,0.0,50.0,30.0,StandardMail,0,On-Time,0,0
ORD-13608,2024-05-23,CUST-1105,Corporate,South,PRD-506,Electronics,SoundPulse Wireless Headphone,2,150.0,0.0,300.0,200.0,SwiftFreight,1,On-Time,0,0
ORD-13609,2024-05-23,CUST-1034,Small Business,South,PRD-904,Furniture,Nordic Solid Oak Bookshelf,3,310.0,0.1,837.0,582.0,SwiftFreight,1,On-Time,0,0
ORD-13610,2024-05-23,CUST-1279,Small Business,South,PRD-080,Office Supplies,Gel Ink Pen Multi-Pack,2,18.0,0.1,32.4,20.4,StandardMail,0,On-Time,0,0
ORD-13611,2024-05-23,CUST-1330,Corporate,South,PRD-156,Electronics,Apex Gaming Laptop,3,1200.0,0.05,3420.0,2520.0,StandardMail,2,On-Time,0,0
ORD-13612,2024-05-23,CUST-1413,Small Business,South,PRD-044,Electronics,UltraVision 4K Monitor,3,400.0,0.15,1020.0,690.0,SwiftFreight,1,On-Time,0,0
ORD-13613,2024-05-23,CUST-1083,Consumer,East,PRD-910,Furniture,LumbarComfort Mesh Chair,2,220.0,0.0,440.0,310.0,StandardMail,1,On-Time,0,0
ORD-13614,2024-05-23,CUST-1101,Consumer,East,PRD-910,Furniture,LumbarComfort Mesh Chair,3,220.0,0.15,561.0,366.0,SwiftFreight,1,On-Time,0,0
ORD-13615,2024-05-23,CUST-1287,Corporate,East,PRD-910,Furniture,LumbarComfort Mesh Chair,3,220.0,0.0,660.0,465.0,SwiftFreight,0,On-Time,0,0
ORD-13616,2024-05-23,CUST-1021,Corporate,East,PRD-044,Electronics,UltraVision 4K Monitor,3,400.0,0.1,1080.0,750.0,SwiftFreight,2,On-Time,0,0
ORD-13617,2024-05-23,CUST-1385,Corporate,East,PRD-156,Electronics,Apex Gaming Laptop,3,1200.0,0.0,3600.0,2700.0,StandardMail,0,On-Time,0,0
ORD-13618,2024-05-23,CUST-1198,Corporate,West,PRD-910,Furniture,LumbarComfort Mesh Chair,1,220.0,0.1,198.0,133.0,ApexGlobal,1,On-Time,0,0
ORD-13619,2024-05-23,CUST-1146,Small Business,West,PRD-080,Office Supplies,Gel Ink Pen Multi-Pack,2,18.0,0.0,36.0,24.0,SwiftFreight,1,On-Time,0,0
ORD-13620,2024-05-23,CUST-1326,Small Business,West,PRD-044,Electronics,UltraVision 4K Monitor,3,400.0,0.05,1140.0,810.0,SwiftFreight,1,On-Time,0,0
ORD-13621,2024-05-23,CUST-1182,Corporate,West,PRD-904,Furniture,Nordic Solid Oak Bookshelf,3,310.0,0.05,883.5,628.5,StandardMail,1,On-Time,0,0
ORD-13622,2024-05-23,CUST-1127,Small Business,West,PRD-367,Office Supplies,HeavyDuty Metal Stapler,2,25.0,0.1,45.0,25.0,ExpressLogistics,2,On-Time,0,0
ORD-13623,2024-05-23,CUST-1275,Corporate,West,PRD-080,Office Supplies,Gel Ink Pen Multi-Pack,3,18.0,0.0,54.0,36.0,ApexGlobal,0,On-Time,0,0
ORD-13624,2024-05-24,CUST-1433,Consumer,North,PRD-506,Electronics,SoundPulse Wireless Headphone,1,150.0,0.05,142.5,92.5,ApexGlobal,0,On-Time,0,0
ORD-13625,2024-05-24,CUST-1148,Consumer,North,PRD-925,Office Supplies,Premium Recycled Paper (Box),1,45.0,0.1,40.5,26.5,ExpressLogistics,1,On-Time,0,0
ORD-13626,2024-05-24,CUST-1389,Corporate,North,PRD-367,Office Supplies,HeavyDuty Metal Stapler,2,25.0,0.05,47.5,27.5,ExpressLogistics,0,On-Time,0,0
ORD-13627,2024-05-24,CUST-1478,Consumer,North,PRD-025,Electronics,SmartSync Fitness Tracker,2,90.0,0.15,153.0,83.0,ExpressLogistics,2,On-Time,0,0
ORD-13628,2024-05-24,CUST-1418,Small Business,North,PRD-506,Electronics,SoundPulse Wireless Headphone,2,150.0,0.05,285.0,185.0,ExpressLogistics,1,On-Time,0,0
ORD-13629,2024-05-24,CUST-1276,Small Business,North,PRD-367,Office Supplies,HeavyDuty Metal Stapler,1,25.0,0.15,21.25,11.25,SwiftFreight,2,On-Time,0,0
ORD-13630,2024-05-24,CUST-1006,Consumer,South,PRD-904,Furniture,Nordic Solid Oak Bookshelf,3,310.0,0.1,837.0,582.0,SwiftFreight,1,On-Time,0,0
ORD-13631,2024-05-24,CUST-1409,Consumer,South,PRD-787,Furniture,ErgoPro Executive Desk,3,450.0,0.0,1350.0,990.0,ExpressLogistics,1,On-Time,0,0
ORD-13632,2024-05-24,CUST-1080,Small Business,South,PRD-925,Office Supplies,Premium Recycled Paper (Box),2,45.0,0.1,81.0,53.0,StandardMail,2,On-Time,0,0
ORD-13633,2024-05-24,CUST-1013,Consumer,South,PRD-904,Furniture,Nordic Solid Oak Bookshelf,1,310.0,0.15,263.5,178.5,ExpressLogistics,1,On-Time,0,0
ORD-13634,2024-05-24,CUST-1484,Consumer,South,PRD-506,Electronics,SoundPulse Wireless Headphone,3,150.0,0.0,450.0,300.0,ExpressLogistics,0,On-Time,0,0
ORD-13635,2024-05-24,CUST-1106,Small Business,South,PRD-044,Electronics,UltraVision 4K Monitor,1,400.0,0.15,340.0,230.0,ExpressLogistics,2,On-Time,0,0
ORD-13636,2024-05-24,CUST-1150,Small Business,South,PRD-156,Electronics,Apex Gaming Laptop,3,1200.0,0.05,3420.0,2520.0,StandardMail,2,On-Time,0,0
ORD-13637,2024-05-24,CUST-1349,Corporate,South,PRD-904,Furniture,Nordic Solid Oak Bookshelf,1,310.0,0.15,263.5,178.5,ApexGlobal,1,On-Time,0,0
ORD-13638,2024-05-24,CUST-1210,Small Business,East,PRD-904,Furniture,Nordic Solid Oak Bookshelf,3,310.0,0.0,930.0,675.0,StandardMail,1,On-Time,0,0
ORD-13639,2024-05-24,CUST-1417,Consumer,East,PRD-080,Office Supplies,Gel Ink Pen Multi-Pack,3,18.0,0.05,51.3,33.3,,1,On-Time,0,0
ORD-13640,2024-05-24,CUST-1129,Corporate,East,PRD-925,Office Supplies,Premium Recycled Paper (Box),3,45.0,0.05,128.25,86.25,ExpressLogistics,0,On-Time,0,0
ORD-13641,2024-05-24,CUST-1473,Consumer,East,PRD-904,Furniture,Nordic Solid Oak Bookshelf,3,310.0,0.0,930.0,675.0,ExpressLogistics,2,On-Time,0,0
ORD-13642,2024-05-24,CUST-1330,Small Business,East,PRD-080,Office Supplies,Gel Ink Pen Multi-Pack,2,18.0,0.1,32.4,20.4,ExpressLogistics,2,On-Time,0,0
ORD-13643,2024-05-24,CUST-1486,Small Business,East,PRD-787,Furniture,ErgoPro Executive Desk,3,450.0,0.05,1282.5,922.5,StandardMail,0,On-Time,0,0
ORD-13644,2024-05-24,CUST-1307,Small Business,West,PRD-910,Furniture,LumbarComfort Mesh Chair,3,220.0,0.0,660.0,465.0,SwiftFreight,1,On-Time,0,0
ORD-13645,2024-05-24,CUST-1301,Corporate,West,PRD-506,Electronics,SoundPulse Wireless Headphone,3,150.0,0.05,427.5,277.5,SwiftFreight,2,On-Time,0,0
ORD-13646,2024-05-24,CUST-1029,Small Business,West,PRD-080,Office Supplies,Gel Ink Pen Multi-Pack,3,18.0,0.05,51.3,33.3,ExpressLogistics,2,On-Time,0,0
ORD-13647,2024-05-24,CUST-1365,Consumer,West,PRD-910,Furniture,LumbarComfort Mesh Chair,3,220.0,0.1,594.0,399.0,ApexGlobal,1,On-Time,0,0
ORD-13648,2024-05-24,CUST-1397,Corporate,West,PRD-156,Electronics,Apex Gaming Laptop,2,1200.0,0.1,2160.0,1560.0,ExpressLogistics,0,On-Time,0,0
ORD-13649,2024-05-24,CUST-1307,Small Business,West,PRD-080,Office Supplies,Gel Ink Pen Multi-Pack,1,18.0,0.1,16.2,10.2,SwiftFreight,0,On-Time,0,0
ORD-13650,2024-05-24,CUST-1445,Small Business,West,PRD-925,Office Supplies,Premium Recycled Paper (Box),1,45.0,0.0,45.0,31.0,ApexGlobal,1,On-Time,0,0
ORD-13651,2024-05-25,CUST-1014,Small Business,North,PRD-044,Electronics,UltraVision 4K Monitor,2,400.0,0.05,760.0,540.0,StandardMail,1,On-Time,0,0
ORD-13652,2024-05-25,CUST-1006,Corporate,North,PRD-910,Furniture,LumbarComfort Mesh Chair,2,220.0,0.0,440.0,310.0,ExpressLogistics,0,On-Time,0,0
ORD-13653,2024-05-25,CUST-1088,Consumer,North,PRD-367,Office Supplies,HeavyDuty Metal Stapler,2,25.0,0.15,42.5,22.5,ExpressLogistics,2,On-Time,0,0
ORD-13654,2024-05-25,CUST-1058,Consumer,North,PRD-156,Electronics,Apex Gaming Laptop,3,1200.0,0.05,3420.0,2520.0,ApexGlobal,1,On-Time,0,0
ORD-13655,2024-05-25,CUST-1007,Corporate,North,PRD-904,Furniture,Nordic Solid Oak Bookshelf,2,310.0,0.0,620.0,450.0,ExpressLogistics,1,On-Time,0,0
ORD-13656,2024-05-25,CUST-1113,Corporate,North,PRD-025,Electronics,SmartSync Fitness Tracker,2,90.0,0.0,180.0,110.0,ApexGlobal,2,On-Time,0,0
ORD-13657,2024-05-25,CUST-1356,Small Business,North,PRD-156,Electronics,Apex Gaming Laptop,3,1200.0,0.05,3420.0,2520.0,SwiftFreight,0,On-Time,1,0
ORD-13658,2024-05-25,CUST-1098,Corporate,North,PRD-910,Furniture,LumbarComfort Mesh Chair,2,220.0,0.0,440.0,310.0,StandardMail,1,On-Time,0,0
ORD-13659,2024-05-25,CUST-1324,Small Business,South,PRD-367,Office Supplies,HeavyDuty Metal Stapler,2,25.0,0.15,42.5,22.5,ExpressLogistics,0,On-Time,0,0
ORD-13660,2024-05-25,CUST-1009,Corporate,South,PRD-925,Office Supplies,Premium Recycled Paper (Box),2,45.0,0.15,76.5,48.5,SwiftFreight,0,On-Time,0,0
ORD-13661,2024-05-25,CUST-1051,Small Business,South,PRD-044,Electronics,UltraVision 4K Monitor,3,400.0,0.1,1080.0,750.0,ExpressLogistics,1,On-Time,0,0
ORD-13662,2024-05-25,CUST-1415,Consumer,South,PRD-044,Electronics,UltraVision 4K Monitor,3,400.0,0.0,1200.0,870.0,StandardMail,0,On-Time,0,0
ORD-13663,2024-05-25,CUST-1372,Consumer,South,PRD-910,Furniture,LumbarComfort Mesh Chair,1,220.0,0.05,209.0,144.0,StandardMail,0,On-Time,0,0
ORD-13664,2024-05-25,CUST-1387,Small Business,South,PRD-080,Office Supplies,Gel Ink Pen Multi-Pack,3,18.0,0.05,51.3,33.3,StandardMail,1,On-Time,0,0
ORD-13665,2024-05-25,CUST-1256,Consumer,South,PRD-506,Electronics,SoundPulse Wireless Headphone,1,150.0,0.1,135.0,85.0,ExpressLogistics,0,On-Time,0,0
ORD-13666,2024-05-25,CUST-1216,Consumer,South,PRD-044,Electronics,UltraVision 4K Monitor,2,400.0,0.15,680.0,460.0,ExpressLogistics,1,On-Time,0,0
ORD-13667,2024-05-25,CUST-1275,,East,PRD-044,Electronics,UltraVision 4K Monitor,2,400.0,0.0,800.0,580.0,ApexGlobal,1,On-Time,0,0
ORD-13668,2024-05-25,CUST-1385,Corporate,East,PRD-367,Office Supplies,HeavyDuty Metal Stapler,1,25.0,0.0,25.0,15.0,StandardMail,0,On-Time,0,0
ORD-13669,2024-05-25,CUST-1367,Corporate,East,PRD-367,Office Supplies,HeavyDuty Metal Stapler,2,25.0,0.15,42.5,22.5,StandardMail,1,On-Time,0,0
ORD-13670,2024-05-25,CUST-1459,Small Business,East,PRD-925,Office Supplies,Premium Recycled Paper (Box),1,45.0,0.1,40.5,26.5,StandardMail,0,On-Time,0,0
ORD-13671,2024-05-25,CUST-1353,Consumer,East,PRD-925,Office Supplies,Premium Recycled Paper (Box),3,45.0,0.05,128.25,86.25,ApexGlobal,1,On-Time,0,0
ORD-13672,2024-05-25,CUST-1347,Small Business,East,PRD-904,Furniture,Nordic Solid Oak Bookshelf,2,310.0,0.05,589.0,419.0,SwiftFreight,2,On-Time,0,0
ORD-13673,2024-05-25,CUST-1394,Corporate,East,PRD-367,Office Supplies,HeavyDuty Metal Stapler,2,25.0,0.1,45.0,25.0,ExpressLogistics,2,On-Time,0,0
ORD-13674,2024-05-25,CUST-1438,Small Business,West,PRD-904,Furniture,Nordic Solid Oak Bookshelf,1,310.0,0.05,294.5,209.5,SwiftFreight,0,On-Time,0,0
ORD-13675,2024-05-25,CUST-1401,Consumer,West,PRD-506,Electronics,SoundPulse Wireless Headphone,2,150.0,0.05,285.0,185.0,ApexGlobal,0,On-Time,0,0
ORD-13676,2024-05-25,CUST-1252,Consumer,West,PRD-910,Furniture,LumbarComfort Mesh Chair,1,220.0,0.0,220.0,155.0,StandardMail,2,On-Time,0,0
ORD-13677,2024-05-25,CUST-1297,Small Business,West,PRD-367,Office Supplies,HeavyDuty Metal Stapler,1,25.0,0.15,21.25,11.25,SwiftFreight,1,On-Time,0,0
ORD-13678,2024-05-25,CUST-1391,Corporate,West,PRD-367,Office Supplies,HeavyDuty Metal Stapler,3,25.0,0.15,63.75,33.75,StandardMail,1,On-Time,0,0
ORD-13679,2024-05-26,CUST-1439,Consumer,North,PRD-925,Office Supplies,Premium Recycled Paper (Box),1,45.0,0.05,42.75,28.75,SwiftFreight,1,On-Time,0,0
ORD-13680,2024-05-26,CUST-1081,Corporate,North,PRD-080,Office Supplies,Gel Ink Pen Multi-Pack,3,18.0,0.05,51.3,33.3,SwiftFreight,1,On-Time,0,0
ORD-13681,2024-05-26,CUST-1060,Corporate,North,PRD-080,Office Supplies,Gel Ink Pen Multi-Pack,3,18.0,0.1,48.6,30.6,SwiftFreight,1,On-Time,0,0
ORD-13682,2024-05-26,CUST-1073,Small Business,North,PRD-156,Electronics,Apex Gaming Laptop,1,1200.0,0.1,1080.0,780.0,ExpressLogistics,0,On-Time,0,0
ORD-13683,2024-05-26,CUST-1444,Corporate,North,PRD-904,Furniture,Nordic Solid Oak Bookshelf,2,310.0,0.0,620.0,450.0,SwiftFreight,0,On-Time,0,0
ORD-13684,2024-05-26,CUST-1211,Small Business,North,PRD-080,Office Supplies,Gel Ink Pen Multi-Pack,3,18.0,0.15,45.9,27.9,ApexGlobal,1,On-Time,0,0
ORD-13685,2024-05-26,CUST-1229,Consumer,North,PRD-367,Office Supplies,HeavyDuty Metal Stapler,3,25.0,0.15,63.75,33.75,ApexGlobal,1,On-Time,0,0
ORD-13686,2024-05-26,CUST-1184,Small Business,North,PRD-367,Office Supplies,HeavyDuty Metal Stapler,3,25.0,0.15,63.75,33.75,ApexGlobal,2,On-Time,1,0
ORD-13687,2024-05-26,CUST-1205,Consumer,South,PRD-925,Office Supplies,Premium Recycled Paper (Box),1,45.0,0.15,38.25,24.25,ApexGlobal,1,On-Time,0,0
ORD-13688,2024-05-26,CUST-1033,Corporate,South,PRD-367,Office Supplies,HeavyDuty Metal Stapler,2,25.0,0.05,47.5,27.5,ExpressLogistics,0,On-Time,0,0
ORD-13689,2024-05-26,CUST-1387,Small Business,South,PRD-910,Furniture,LumbarComfort Mesh Chair,2,220.0,0.0,0.0,-26.0,SwiftFreight,0,Cancelled,0,1
ORD-13690,2024-05-26,CUST-1163,Consumer,South,PRD-925,Office Supplies,Premium Recycled Paper (Box),3,45.0,0.1,121.5,79.5,ExpressLogistics,1,On-Time,0,0
ORD-13691,2024-05-26,CUST-1224,Corporate,South,PRD-044,Electronics,UltraVision 4K Monitor,2,400.0,0.15,680.0,460.0,SwiftFreight,1,On-Time,0,0
ORD-13692,2024-05-26,CUST-1313,Consumer,East,PRD-925,Office Supplies,Premium Recycled Paper (Box),2,45.0,0.1,81.0,53.0,ExpressLogistics,3,Normal,0,0
ORD-13693,2024-05-26,CUST-1441,Consumer,East,PRD-025,Electronics,SmartSync Fitness Tracker,3,90.0,0.05,256.5,151.5,ExpressLogistics,0,On-Time,0,0
ORD-13694,2024-05-26,CUST-1247,Consumer,East,PRD-080,Office Supplies,Gel Ink Pen Multi-Pack,1,18.0,0.15,15.3,9.3,StandardMail,1,On-Time,0,0
ORD-13695,2024-05-26,CUST-1029,Corporate,East,PRD-156,Electronics,Apex Gaming Laptop,1,1200.0,0.0,1200.0,900.0,StandardMail,2,On-Time,0,0
ORD-13696,2024-05-26,CUST-1473,Small Business,East,PRD-156,Electronics,Apex Gaming Laptop,2,1200.0,0.0,2400.0,1800.0,SwiftFreight,1,On-Time,0,0
ORD-13697,2024-05-26,CUST-1174,Small Business,East,PRD-787,Furniture,ErgoPro Executive Desk,2,450.0,0.0,900.0,660.0,ExpressLogistics,1,On-Time,0,0
ORD-13698,2024-05-26,CUST-1131,Corporate,West,PRD-367,Office Supplies,HeavyDuty Metal Stapler,1,25.0,0.1,22.5,12.5,ExpressLogistics,0,On-Time,0,0
ORD-13699,2024-05-26,CUST-1240,Corporate,West,PRD-080,Office Supplies,Gel Ink Pen Multi-Pack,2,18.0,0.0,36.0,24.0,ApexGlobal,1,On-Time,0,0
ORD-13700,2024-05-26,CUST-1095,Consumer,West,PRD-910,Furniture,LumbarComfort Mesh Chair,2,220.0,0.05,418.0,288.0,SwiftFreight,1,On-Time,0,0
ORD-13701,2024-05-26,CUST-1281,Small Business,West,PRD-904,Furniture,Nordic Solid Oak Bookshelf,1,310.0,0.15,263.5,178.5,SwiftFreight,0,On-Time,0,0
ORD-13702,2024-05-26,CUST-1065,Consumer,West,PRD-925,Office Supplies,Premium Recycled Paper (Box),3,45.0,0.05,0.0,-8.4,ApexGlobal,0,Cancelled,0,1
ORD-13703,2024-05-27,CUST-1281,Corporate,North,PRD-025,Electronics,SmartSync Fitness Tracker,1,90.0,0.15,76.5,41.5,StandardMail,1,On-Time,0,0
ORD-13704,2024-05-27,CUST-1056,Small Business,North,PRD-910,Furniture,LumbarComfort Mesh Chair,2,220.0,0.05,418.0,288.0,ExpressLogistics,0,On-Time,0,0
ORD-13705,2024-05-27,CUST-1323,Small Business,North,PRD-787,Furniture,ErgoPro Executive Desk,3,450.0,0.15,1147.5,787.5,StandardMail,1,On-Time,0,0
ORD-13706,2024-05-27,CUST-1000,Small Business,North,PRD-506,Electronics,SoundPulse Wireless Headphone,3,150.0,0.1,405.0,255.0,ExpressLogistics,1,On-Time,0,0
ORD-13707,2024-05-27,CUST-1461,Small Business,North,PRD-025,Electronics,SmartSync Fitness Tracker,2,90.0,0.15,153.0,83.0,StandardMail,1,On-Time,0,0
ORD-13708,2024-05-27,CUST-1212,Consumer,North,PRD-156,Electronics,Apex Gaming Laptop,3,1200.0,0.1,3240.0,2340.0,ExpressLogistics,2,On-Time,0,0
ORD-13709,2024-05-27,CUST-1051,Corporate,North,PRD-080,Office Supplies,Gel Ink Pen Multi-Pack,3,18.0,0.1,48.6,30.6,ExpressLogistics,0,On-Time,0,0
ORD-13710,2024-05-27,CUST-1043,Consumer,South,PRD-506,Electronics,SoundPulse Wireless Headphone,1,150.0,0.15,127.5,77.5,SwiftFreight,2,On-Time,0,0
ORD-13711,2024-05-27,CUST-1032,Consumer,South,PRD-044,Electronics,UltraVision 4K Monitor,2,400.0,0.1,720.0,500.0,SwiftFreight,2,On-Time,0,0
ORD-13712,2024-05-27,CUST-1418,Consumer,South,PRD-910,Furniture,LumbarComfort Mesh Chair,1,220.0,0.0,220.0,155.0,StandardMail,1,On-Time,0,0
ORD-13713,2024-05-27,CUST-1241,Small Business,South,PRD-025,Electronics,SmartSync Fitness Tracker,2,90.0,0.0,180.0,110.0,SwiftFreight,2,On-Time,0,0
ORD-13714,2024-05-27,CUST-1010,Consumer,South,PRD-367,Office Supplies,HeavyDuty Metal Stapler,1,25.0,0.0,25.0,15.0,SwiftFreight,0,On-Time,0,0
ORD-13715,2024-05-27,CUST-1240,Consumer,East,PRD-787,Furniture,ErgoPro Executive Desk,1,450.0,0.05,427.5,307.5,StandardMail,2,On-Time,0,0
ORD-13716,2024-05-27,CUST-1461,Consumer,East,PRD-080,Office Supplies,Gel Ink Pen Multi-Pack,3,18.0,0.1,48.6,30.6,SwiftFreight,0,On-Time,0,0
ORD-13717,2024-05-27,CUST-1383,Corporate,East,PRD-904,Furniture,Nordic Solid Oak Bookshelf,1,310.0,0.1,279.0,194.0,StandardMail,1,On-Time,0,0
ORD-13718,2024-05-27,CUST-1111,Consumer,East,PRD-506,Electronics,SoundPulse Wireless Headphone,1,150.0,0.15,127.5,77.5,ExpressLogistics,1,On-Time,0,0
ORD-13719,2024-05-27,CUST-1083,Small Business,East,PRD-925,Office Supplies,Premium Recycled Paper (Box),2,45.0,0.1,81.0,53.0,ApexGlobal,1,On-Time,0,0
ORD-13720,2024-05-27,CUST-1164,Small Business,East,PRD-506,Electronics,SoundPulse Wireless Headphone,1,150.0,0.1,135.0,85.0,ExpressLogistics,1,On-Time,0,0
ORD-13721,2024-05-27,CUST-1427,Consumer,East,PRD-910,Furniture,LumbarComfort Mesh Chair,2,220.0,0.0,440.0,310.0,ExpressLogistics,1,On-Time,0,0
ORD-13722,2024-05-27,CUST-1367,Corporate,West,PRD-910,Furniture,LumbarComfort Mesh Chair,2,220.0,0.0,440.0,310.0,SwiftFreight,0,On-Time,0,0
ORD-13723,2024-05-27,CUST-1043,Corporate,West,PRD-044,Electronics,UltraVision 4K Monitor,1,400.0,0.0,400.0,290.0,StandardMail,1,On-Time,0,0
ORD-13724,2024-05-27,CUST-1340,Corporate,West,PRD-367,Office Supplies,HeavyDuty Metal Stapler,3,25.0,0.05,71.25,41.25,StandardMail,1,On-Time,0,0
ORD-13725,2024-05-27,CUST-1017,Small Business,West,PRD-904,Furniture,Nordic Solid Oak Bookshelf,1,310.0,0.05,294.5,209.5,SwiftFreight,1,On-Time,0,0
ORD-13726,2024-05-27,CUST-1363,Consumer,West,PRD-506,Electronics,SoundPulse Wireless Headphone,2,150.0,0.0,300.0,200.0,StandardMail,0,On-Time,0,0
ORD-13727,2024-05-27,CUST-1359,Small Business,West,PRD-367,Office Supplies,HeavyDuty Metal Stapler,2,25.0,0.0,50.0,30.0,SwiftFreight,0,On-Time,0,0
ORD-13728,2024-05-27,CUST-1204,Corporate,West,PRD-925,Office Supplies,Premium Recycled Paper (Box),1,45.0,0.05,0.0,-2.8,ApexGlobal,1,Cancelled,0,1
ORD-13729,2024-05-28,CUST-1240,Small Business,North,PRD-904,Furniture,Nordic Solid Oak Bookshelf,3,310.0,0.15,790.5,535.5,SwiftFreight,2,On-Time,0,0
ORD-13730,2024-05-28,CUST-1122,Corporate,North,PRD-506,Electronics,SoundPulse Wireless Headphone,3,150.0,0.0,450.0,300.0,SwiftFreight,1,On-Time,0,0
ORD-13731,2024-05-28,CUST-1258,Small Business,North,PRD-925,Office Supplies,Premium Recycled Paper (Box),2,45.0,0.15,76.5,48.5,ExpressLogistics,0,On-Time,0,0
ORD-13732,2024-05-28,CUST-1238,Corporate,North,PRD-025,Electronics,SmartSync Fitness Tracker,3,90.0,0.0,270.0,165.0,StandardMail,1,On-Time,0,0
ORD-13733,2024-05-28,CUST-1396,Small Business,North,PRD-080,Office Supplies,Gel Ink Pen Multi-Pack,2,18.0,0.15,30.6,18.6,StandardMail,1,On-Time,0,0
ORD-13734,2024-05-28,CUST-1314,Small Business,South,PRD-025,Electronics,SmartSync Fitness Tracker,1,90.0,0.15,76.5,41.5,ExpressLogistics,1,On-Time,0,0
ORD-13735,2024-05-28,CUST-1011,Corporate,South,PRD-787,Furniture,ErgoPro Executive Desk,2,450.0,0.15,765.0,525.0,SwiftFreight,1,On-Time,0,0
ORD-13736,2024-05-28,CUST-1455,Consumer,South,PRD-787,Furniture,ErgoPro Executive Desk,3,450.0,0.15,0.0,-72.0,SwiftFreight,0,Cancelled,0,1
ORD-13737,2024-05-28,CUST-1000,Consumer,South,PRD-367,Office Supplies,HeavyDuty Metal Stapler,1,25.0,0.05,23.75,13.75,SwiftFreight,1,On-Time,0,0
ORD-13738,2024-05-28,CUST-1195,Small Business,South,PRD-910,Furniture,LumbarComfort Mesh Chair,3,220.0,0.05,627.0,432.0,ExpressLogistics,1,On-Time,0,0
ORD-13739,2024-05-28,CUST-1455,Corporate,South,PRD-080,Office Supplies,Gel Ink Pen Multi-Pack,2,18.0,0.1,32.4,20.4,ExpressLogistics,1,On-Time,0,0
ORD-13740,2024-05-28,CUST-1091,Corporate,East,PRD-925,Office Supplies,Premium Recycled Paper (Box),2,45.0,0.0,90.0,62.0,ApexGlobal,2,On-Time,0,0
ORD-13741,2024-05-28,CUST-1044,Corporate,East,PRD-367,Office Supplies,HeavyDuty Metal Stapler,1,25.0,0.0,25.0,15.0,SwiftFreight,0,On-Time,0,0
ORD-13742,2024-05-28,CUST-1406,Consumer,East,PRD-367,Office Supplies,HeavyDuty Metal Stapler,2,25.0,0.1,45.0,25.0,StandardMail,1,On-Time,0,0
ORD-13743,2024-05-28,CUST-1211,Corporate,East,PRD-367,Office Supplies,HeavyDuty Metal Stapler,2,25.0,0.1,45.0,25.0,SwiftFreight,1,On-Time,0,0
ORD-13744,2024-05-28,CUST-1328,Corporate,East,PRD-080,Office Supplies,Gel Ink Pen Multi-Pack,2,18.0,0.1,32.4,20.4,ExpressLogistics,2,On-Time,0,0
ORD-13745,2024-05-28,CUST-1431,Consumer,West,PRD-156,Electronics,Apex Gaming Laptop,1,1200.0,0.1,1080.0,780.0,ExpressLogistics,0,On-Time,0,0
ORD-13746,2024-05-28,CUST-1264,Small Business,West,PRD-080,Office Supplies,Gel Ink Pen Multi-Pack,3,18.0,0.05,51.3,33.3,StandardMail,2,On-Time,0,0
ORD-13747,2024-05-28,CUST-1335,Small Business,West,PRD-080,Office Supplies,Gel Ink Pen Multi-Pack,2,18.0,0.1,32.4,20.4,ApexGlobal,2,On-Time,0,0
ORD-13748,2024-05-28,CUST-1247,Small Business,West,PRD-044,Electronics,UltraVision 4K Monitor,3,400.0,0.1,1080.0,750.0,ExpressLogistics,1,On-Time,0,0
ORD-13749,2024-05-28,CUST-1102,Small Business,West,PRD-044,Electronics,UltraVision 4K Monitor,3,400.0,0.1,1080.0,750.0,StandardMail,1,On-Time,0,0
ORD-13750,2024-05-28,CUST-1361,Small Business,West,PRD-080,Office Supplies,Gel Ink Pen Multi-Pack,3,18.0,0.15,45.9,27.9,ExpressLogistics,1,On-Time,0,0
ORD-13751,2024-05-28,CUST-1343,Small Business,West,PRD-925,Office Supplies,Premium Recycled Paper (Box),3,45.0,0.0,135.0,93.0,ApexGlobal,1,On-Time,0,0
ORD-13752,2024-05-28,CUST-1122,Consumer,West,PRD-025,Electronics,SmartSync Fitness Tracker,1,90.0,0.15,76.5,41.5,StandardMail,0,On-Time,0,0
ORD-13753,2024-05-29,CUST-1308,Corporate,North,PRD-506,Electronics,SoundPulse Wireless Headphone,2,150.0,0.0,300.0,200.0,StandardMail,1,On-Time,0,0
ORD-13754,2024-05-29,CUST-1143,Corporate,North,PRD-787,Furniture,ErgoPro Executive Desk,2,450.0,0.0,900.0,660.0,StandardMail,1,On-Time,0,0
ORD-13755,2024-05-29,CUST-1291,Corporate,North,PRD-080,Office Supplies,Gel Ink Pen Multi-Pack,2,18.0,0.15,30.6,18.6,StandardMail,1,On-Time,0,0
ORD-13756,2024-05-29,CUST-1250,Small Business,North,PRD-025,Electronics,SmartSync Fitness Tracker,2,90.0,0.15,153.0,83.0,SwiftFreight,1,On-Time,0,0
ORD-13757,2024-05-29,CUST-1346,Consumer,North,PRD-904,Furniture,Nordic Solid Oak Bookshelf,2,310.0,0.05,589.0,419.0,StandardMail,0,On-Time,0,0
ORD-13758,2024-05-29,CUST-1057,Small Business,North,PRD-044,Electronics,UltraVision 4K Monitor,2,400.0,0.0,800.0,580.0,StandardMail,1,On-Time,0,0
ORD-13759,2024-05-29,CUST-1061,Small Business,North,PRD-506,Electronics,SoundPulse Wireless Headphone,2,150.0,0.1,270.0,170.0,ExpressLogistics,1,On-Time,0,0
ORD-13760,2024-05-29,CUST-1480,Small Business,South,PRD-787,Furniture,ErgoPro Executive Desk,2,450.0,0.1,810.0,570.0,StandardMail,1,On-Time,0,0
ORD-13761,2024-05-29,CUST-1464,Corporate,South,PRD-080,Office Supplies,Gel Ink Pen Multi-Pack,3,18.0,0.1,48.6,30.6,StandardMail,2,On-Time,0,0
ORD-13762,2024-05-29,CUST-1096,Small Business,South,PRD-156,Electronics,Apex Gaming Laptop,3,1200.0,0.0,3600.0,2700.0,SwiftFreight,0,On-Time,0,0
ORD-13763,2024-05-29,CUST-1289,Corporate,South,PRD-367,Office Supplies,HeavyDuty Metal Stapler,1,25.0,0.1,22.5,12.5,ApexGlobal,2,On-Time,0,0
ORD-13764,2024-05-29,CUST-1141,Corporate,South,PRD-787,Furniture,ErgoPro Executive Desk,3,450.0,0.15,1147.5,787.5,StandardMail,1,On-Time,0,0
ORD-13765,2024-05-29,CUST-1366,Small Business,East,PRD-787,Furniture,ErgoPro Executive Desk,1,450.0,0.05,427.5,307.5,ApexGlobal,0,On-Time,0,0
ORD-13766,2024-05-29,CUST-1258,Small Business,East,PRD-787,Furniture,ErgoPro Executive Desk,1,450.0,0.05,427.5,307.5,SwiftFreight,2,On-Time,1,0
ORD-13767,2024-05-29,CUST-1159,Small Business,East,PRD-080,Office Supplies,Gel Ink Pen Multi-Pack,1,18.0,0.1,16.2,10.2,StandardMail,2,On-Time,0,0
ORD-13768,2024-05-29,CUST-1085,Consumer,East,PRD-156,Electronics,Apex Gaming Laptop,3,1200.0,0.1,3240.0,2340.0,StandardMail,1,On-Time,0,0
ORD-13769,2024-05-29,CUST-1063,Consumer,East,PRD-787,Furniture,ErgoPro Executive Desk,2,450.0,0.1,810.0,570.0,SwiftFreight,1,On-Time,0,0
ORD-13770,2024-05-29,CUST-1278,Small Business,East,PRD-904,Furniture,Nordic Solid Oak Bookshelf,2,310.0,0.15,527.0,357.0,SwiftFreight,0,On-Time,0,0
ORD-13771,2024-05-29,CUST-1018,Corporate,West,PRD-787,Furniture,ErgoPro Executive Desk,2,450.0,0.05,855.0,615.0,StandardMail,1,On-Time,0,0
ORD-13772,2024-05-29,CUST-1252,Small Business,West,PRD-506,Electronics,SoundPulse Wireless Headphone,3,150.0,0.1,405.0,255.0,ApexGlobal,1,On-Time,0,0
ORD-13773,2024-05-29,CUST-1357,Consumer,West,PRD-156,Electronics,Apex Gaming Laptop,2,1200.0,0.15,2040.0,1440.0,ApexGlobal,1,On-Time,0,0
ORD-13774,2024-05-29,CUST-1237,Corporate,West,PRD-025,Electronics,SmartSync Fitness Tracker,2,90.0,0.1,162.0,92.0,StandardMail,1,On-Time,0,0
ORD-13775,2024-05-29,CUST-1106,Small Business,West,PRD-787,Furniture,ErgoPro Executive Desk,2,450.0,0.1,810.0,570.0,StandardMail,0,On-Time,0,0
ORD-13776,2024-05-29,CUST-1285,Small Business,West,PRD-910,Furniture,LumbarComfort Mesh Chair,1,220.0,0.05,209.0,144.0,ExpressLogistics,1,On-Time,0,0
ORD-13777,2024-05-29,CUST-1215,Consumer,West,PRD-904,Furniture,Nordic Solid Oak Bookshelf,3,310.0,0.0,930.0,675.0,,0,On-Time,0,0
ORD-13778,2024-05-30,CUST-1041,Consumer,North,PRD-904,Furniture,Nordic Solid Oak Bookshelf,3,310.0,0.15,790.5,535.5,SwiftFreight,1,On-Time,0,0
ORD-13779,2024-05-30,CUST-1251,Consumer,North,PRD-044,Electronics,UltraVision 4K Monitor,1,400.0,0.05,380.0,270.0,ApexGlobal,2,On-Time,0,0
ORD-13780,2024-05-30,CUST-1276,Consumer,North,PRD-044,Electronics,UltraVision 4K Monitor,1,400.0,0.05,380.0,270.0,StandardMail,1,On-Time,0,0
ORD-13781,2024-05-30,CUST-1070,Corporate,North,PRD-044,Electronics,UltraVision 4K Monitor,1,400.0,0.1,360.0,250.0,StandardMail,2,On-Time,0,0
ORD-13782,2024-05-30,CUST-1008,Consumer,North,PRD-910,Furniture,LumbarComfort Mesh Chair,2,220.0,0.05,418.0,288.0,ExpressLogistics,1,On-Time,0,0
ORD-13783,2024-05-30,CUST-1330,Consumer,North,PRD-367,Office Supplies,HeavyDuty Metal Stapler,3,25.0,0.1,67.5,37.5,SwiftFreight,1,On-Time,0,0
ORD-13784,2024-05-30,CUST-1080,Corporate,South,PRD-904,Furniture,Nordic Solid Oak Bookshelf,3,310.0,0.0,930.0,675.0,SwiftFreight,1,On-Time,0,0
ORD-13785,2024-05-30,CUST-1000,Corporate,South,PRD-910,Furniture,LumbarComfort Mesh Chair,1,220.0,0.0,220.0,155.0,ExpressLogistics,1,On-Time,0,0
ORD-13786,2024-05-30,CUST-1461,Small Business,South,PRD-787,Furniture,ErgoPro Executive Desk,3,450.0,0.0,1350.0,990.0,ApexGlobal,1,On-Time,0,0
ORD-13787,2024-05-30,CUST-1430,Consumer,South,PRD-044,Electronics,UltraVision 4K Monitor,2,400.0,0.05,760.0,540.0,StandardMail,1,On-Time,0,0
ORD-13788,2024-05-30,CUST-1165,Corporate,South,PRD-080,Office Supplies,Gel Ink Pen Multi-Pack,3,18.0,0.0,54.0,36.0,StandardMail,2,On-Time,0,0
ORD-13789,2024-05-30,CUST-1470,Small Business,South,PRD-506,Electronics,SoundPulse Wireless Headphone,1,150.0,0.15,127.5,77.5,,1,On-Time,0,0
ORD-13790,2024-05-30,CUST-1259,Corporate,South,PRD-787,Furniture,ErgoPro Executive Desk,1,450.0,0.05,427.5,307.5,ApexGlobal,1,On-Time,0,0
ORD-13791,2024-05-30,CUST-1379,Corporate,East,PRD-506,Electronics,SoundPulse Wireless Headphone,1,150.0,0.1,135.0,85.0,StandardMail,0,On-Time,0,0
ORD-13792,2024-05-30,CUST-1408,Corporate,East,PRD-044,Electronics,UltraVision 4K Monitor,1,400.0,0.15,340.0,230.0,StandardMail,0,On-Time,0,0
ORD-13793,2024-05-30,CUST-1468,Small Business,East,PRD-910,Furniture,LumbarComfort Mesh Chair,2,220.0,0.1,396.0,266.0,SwiftFreight,1,On-Time,0,0
ORD-13794,2024-05-30,CUST-1452,Consumer,East,PRD-904,Furniture,Nordic Solid Oak Bookshelf,3,310.0,0.1,837.0,582.0,ApexGlobal,1,On-Time,0,0
ORD-13795,2024-05-30,CUST-1034,Small Business,East,PRD-925,Office Supplies,Premium Recycled Paper (Box),1,45.0,0.1,40.5,26.5,StandardMail,1,On-Time,0,0
ORD-13796,2024-05-30,CUST-1229,Corporate,East,PRD-904,Furniture,Nordic Solid Oak Bookshelf,1,310.0,0.1,279.0,194.0,SwiftFreight,1,On-Time,0,0
ORD-13797,2024-05-30,CUST-1107,Small Business,East,PRD-044,Electronics,UltraVision 4K Monitor,1,400.0,0.0,400.0,290.0,ExpressLogistics,2,On-Time,0,0
ORD-13798,2024-05-30,CUST-1231,Small Business,East,PRD-910,Furniture,LumbarComfort Mesh Chair,1,220.0,0.0,220.0,155.0,SwiftFreight,1,On-Time,0,0
ORD-13799,2024-05-30,CUST-1487,Consumer,West,PRD-156,Electronics,Apex Gaming Laptop,1,1200.0,0.05,1140.0,840.0,ApexGlobal,1,On-Time,0,0
ORD-13800,2024-05-30,CUST-1169,Corporate,West,PRD-367,Office Supplies,HeavyDuty Metal Stapler,1,25.0,0.05,23.75,13.75,ExpressLogistics,1,On-Time,0,0
ORD-13801,2024-05-30,CUST-1062,Consumer,West,PRD-156,Electronics,Apex Gaming Laptop,2,1200.0,0.1,2160.0,1560.0,ApexGlobal,3,Normal,0,0
ORD-13802,2024-05-30,CUST-1495,Consumer,West,PRD-156,Electronics,Apex Gaming Laptop,2,1200.0,0.1,2160.0,1560.0,ApexGlobal,1,On-Time,0,0
ORD-13803,2024-05-30,CUST-1208,Corporate,West,PRD-506,Electronics,SoundPulse Wireless Headphone,2,150.0,0.15,255.0,155.0,SwiftFreight,1,On-Time,0,0
ORD-13804,2024-05-30,CUST-1185,Small Business,West,PRD-044,Electronics,UltraVision 4K Monitor,1,400.0,0.1,360.0,250.0,ApexGlobal,1,On-Time,0,0
ORD-13805,2024-05-30,CUST-1347,Small Business,West,PRD-080,Office Supplies,Gel Ink Pen Multi-Pack,3,18.0,0.15,45.9,27.9,StandardMail,1,On-Time,0,0
ORD-13806,2024-05-30,CUST-1163,Small Business,West,PRD-080,Office Supplies,Gel Ink Pen Multi-Pack,1,18.0,0.15,15.3,9.3,SwiftFreight,2,On-Time,0,0
ORD-13807,2024-05-31,CUST-1021,Corporate,North,PRD-367,Office Supplies,HeavyDuty Metal Stapler,2,25.0,0.15,42.5,22.5,StandardMail,1,On-Time,0,0
ORD-13808,2024-05-31,CUST-1471,Small Business,North,PRD-904,Furniture,Nordic Solid Oak Bookshelf,2,310.0,0.1,558.0,388.0,StandardMail,2,On-Time,0,0
ORD-13809,2024-05-31,CUST-1484,Consumer,North,PRD-367,Office Supplies,HeavyDuty Metal Stapler,2,25.0,0.05,47.5,27.5,ApexGlobal,1,On-Time,0,0
ORD-13810,2024-05-31,CUST-1148,Small Business,North,PRD-080,Office Supplies,Gel Ink Pen Multi-Pack,2,18.0,0.05,34.2,22.2,ApexGlobal,1,On-Time,0,0
ORD-13811,2024-05-31,CUST-1359,Corporate,North,PRD-156,Electronics,Apex Gaming Laptop,3,1200.0,0.05,3420.0,2520.0,SwiftFreight,1,On-Time,0,0
ORD-13812,2024-05-31,CUST-1195,Small Business,North,PRD-367,Office Supplies,HeavyDuty Metal Stapler,1,25.0,0.05,23.75,13.75,SwiftFreight,0,On-Time,0,0
ORD-13813,2024-05-31,CUST-1253,Consumer,North,PRD-506,Electronics,SoundPulse Wireless Headphone,1,150.0,0.05,142.5,92.5,ExpressLogistics,2,On-Time,0,0
ORD-13814,2024-05-31,CUST-1192,Small Business,North,PRD-904,Furniture,Nordic Solid Oak Bookshelf,1,310.0,0.0,310.0,225.0,ExpressLogistics,1,On-Time,0,0
ORD-13815,2024-05-31,CUST-1269,Corporate,South,PRD-367,Office Supplies,HeavyDuty Metal Stapler,1,25.0,0.0,25.0,15.0,SwiftFreight,0,On-Time,0,0
ORD-13816,2024-05-31,CUST-1433,Corporate,South,PRD-910,Furniture,LumbarComfort Mesh Chair,1,220.0,0.05,209.0,144.0,SwiftFreight,2,On-Time,0,0
ORD-13817,2024-05-31,CUST-1133,Small Business,South,PRD-925,Office Supplies,Premium Recycled Paper (Box),3,45.0,0.1,121.5,79.5,ExpressLogistics,0,On-Time,0,0
ORD-13818,2024-05-31,CUST-1319,Small Business,South,PRD-025,Electronics,SmartSync Fitness Tracker,1,90.0,0.15,76.5,41.5,ExpressLogistics,0,On-Time,0,0
ORD-13819,2024-05-31,CUST-1055,Small Business,South,PRD-787,Furniture,ErgoPro Executive Desk,1,450.0,0.05,427.5,307.5,ApexGlobal,1,On-Time,0,0
ORD-13820,2024-05-31,CUST-1028,Corporate,South,PRD-910,Furniture,LumbarComfort Mesh Chair,3,220.0,0.1,594.0,399.0,ApexGlobal,0,On-Time,0,0
ORD-13821,2024-05-31,CUST-1035,Small Business,South,PRD-925,Office Supplies,Premium Recycled Paper (Box),3,45.0,0.15,114.75,72.75,SwiftFreight,1,On-Time,0,0
ORD-13822,2024-05-31,CUST-1284,Corporate,East,PRD-156,Electronics,Apex Gaming Laptop,3,1200.0,0.1,3240.0,2340.0,SwiftFreight,0,On-Time,0,0
ORD-13823,2024-05-31,CUST-1047,Small Business,East,PRD-025,Electronics,SmartSync Fitness Tracker,2,90.0,0.15,153.0,83.0,SwiftFreight,1,On-Time,0,0
ORD-13824,2024-05-31,CUST-1261,Small Business,East,PRD-025,Electronics,SmartSync Fitness Tracker,3,90.0,0.0,270.0,165.0,SwiftFreight,1,On-Time,0,0
ORD-13825,2024-05-31,CUST-1437,Small Business,East,PRD-787,Furniture,ErgoPro Executive Desk,1,450.0,0.15,382.5,262.5,SwiftFreight,1,On-Time,0,0
ORD-13826,2024-05-31,CUST-1280,Consumer,East,PRD-904,Furniture,Nordic Solid Oak Bookshelf,3,310.0,0.05,883.5,628.5,SwiftFreight,2,On-Time,0,0
ORD-13827,2024-05-31,CUST-1105,Corporate,West,PRD-080,Office Supplies,Gel Ink Pen Multi-Pack,1,18.0,0.05,17.1,11.1,SwiftFreight,0,On-Time,0,0
ORD-13828,2024-05-31,CUST-1454,Consumer,West,PRD-787,Furniture,ErgoPro Executive Desk,1,450.0,0.05,427.5,307.5,SwiftFreight,0,On-Time,0,0
ORD-13829,2024-05-31,CUST-1103,Small Business,West,PRD-080,Office Supplies,Gel Ink Pen Multi-Pack,2,18.0,0.05,34.2,22.2,StandardMail,1,On-Time,0,0
ORD-13830,2024-05-31,CUST-1084,Consumer,West,PRD-025,Electronics,SmartSync Fitness Tracker,1,90.0,0.1,81.0,46.0,ExpressLogistics,2,On-Time,0,0
ORD-13831,2024-05-31,CUST-1055,Small Business,West,PRD-787,Furniture,ErgoPro Executive Desk,2,450.0,0.05,855.0,615.0,SwiftFreight,2,On-Time,0,0
ORD-13832,2024-05-31,CUST-1308,Consumer,West,PRD-904,Furniture,Nordic Solid Oak Bookshelf,1,310.0,0.1,0.0,-17.0,SwiftFreight,1,Cancelled,0,1
ORD-13833,2024-06-01,CUST-1012,Small Business,North,PRD-367,Office Supplies,HeavyDuty Metal Stapler,2,25.0,0.1,45.0,25.0,ApexGlobal,2,On-Time,0,0
ORD-13834,2024-06-01,CUST-1081,Corporate,North,PRD-787,Furniture,ErgoPro Executive Desk,1,450.0,0.15,382.5,262.5,StandardMail,2,On-Time,0,0
ORD-13835,2024-06-01,CUST-1236,Small Business,North,PRD-925,Office Supplies,Premium Recycled Paper (Box),3,45.0,0.05,128.25,86.25,SwiftFreight,2,On-Time,0,0
ORD-13836,2024-06-01,CUST-1247,Corporate,North,PRD-787,Furniture,ErgoPro Executive Desk,2,450.0,0.0,900.0,660.0,ApexGlobal,0,On-Time,0,0
ORD-13837,2024-06-01,CUST-1483,Corporate,North,PRD-904,Furniture,Nordic Solid Oak Bookshelf,1,310.0,0.15,263.5,178.5,ExpressLogistics,2,On-Time,0,0
ORD-13838,2024-06-01,CUST-1309,Consumer,North,PRD-904,Furniture,Nordic Solid Oak Bookshelf,3,310.0,0.15,790.5,535.5,ExpressLogistics,0,On-Time,0,0
ORD-13839,2024-06-01,CUST-1474,Consumer,South,PRD-367,Office Supplies,HeavyDuty Metal Stapler,1,25.0,0.15,21.25,11.25,ExpressLogistics,2,On-Time,0,0
ORD-13840,2024-06-01,CUST-1103,,South,PRD-044,Electronics,UltraVision 4K Monitor,3,400.0,0.05,1140.0,810.0,StandardMail,0,On-Time,0,0
ORD-13841,2024-06-01,CUST-1396,Small Business,South,PRD-904,Furniture,Nordic Solid Oak Bookshelf,3,310.0,0.0,930.0,675.0,SwiftFreight,1,On-Time,0,0
ORD-13842,2024-06-01,CUST-1485,Corporate,South,PRD-925,Office Supplies,Premium Recycled Paper (Box),1,45.0,0.05,42.75,28.75,SwiftFreight,2,On-Time,0,0
ORD-13843,2024-06-01,CUST-1348,Consumer,South,PRD-156,Electronics,Apex Gaming Laptop,1,1200.0,0.0,1200.0,900.0,SwiftFreight,0,On-Time,0,0
ORD-13844,2024-06-01,CUST-1254,Corporate,South,PRD-904,Furniture,Nordic Solid Oak Bookshelf,2,310.0,0.0,620.0,450.0,SwiftFreight,1,On-Time,0,0
ORD-13845,2024-06-01,CUST-1327,Consumer,South,PRD-156,Electronics,Apex Gaming Laptop,1,1200.0,0.1,1080.0,780.0,StandardMail,0,On-Time,0,0
ORD-13846,2024-06-01,CUST-1212,Small Business,East,PRD-925,Office Supplies,Premium Recycled Paper (Box),1,45.0,0.15,38.25,24.25,ApexGlobal,1,On-Time,0,0
ORD-13847,2024-06-01,CUST-1305,Small Business,East,PRD-044,Electronics,UltraVision 4K Monitor,1,400.0,0.1,360.0,250.0,SwiftFreight,1,On-Time,0,0
ORD-13848,2024-06-01,CUST-1149,Consumer,East,PRD-080,Office Supplies,Gel Ink Pen Multi-Pack,2,18.0,0.15,30.6,18.6,ExpressLogistics,1,On-Time,1,0
ORD-13849,2024-06-01,CUST-1386,Consumer,East,PRD-156,Electronics,Apex Gaming Laptop,1,1200.0,0.1,1080.0,780.0,ApexGlobal,0,On-Time,0,0
ORD-13850,2024-06-01,CUST-1348,Consumer,East,PRD-904,Furniture,Nordic Solid Oak Bookshelf,1,310.0,0.0,310.0,225.0,ApexGlobal,1,On-Time,0,0
ORD-13851,2024-06-01,CUST-1001,Consumer,East,PRD-787,Furniture,ErgoPro Executive Desk,1,450.0,0.1,405.0,285.0,SwiftFreight,1,On-Time,0,0
ORD-13852,2024-06-01,CUST-1186,Consumer,East,PRD-080,Office Supplies,Gel Ink Pen Multi-Pack,2,18.0,0.0,36.0,24.0,ExpressLogistics,2,On-Time,0,0
ORD-13853,2024-06-01,CUST-1166,Consumer,East,PRD-080,Office Supplies,Gel Ink Pen Multi-Pack,1,18.0,0.05,17.1,11.1,ApexGlobal,1,On-Time,0,0
ORD-13854,2024-06-01,CUST-1395,Small Business,West,PRD-156,Electronics,Apex Gaming Laptop,1,1200.0,0.1,1080.0,780.0,SwiftFreight,2,On-Time,0,0
ORD-13855,2024-06-01,CUST-1476,Corporate,West,PRD-904,Furniture,Nordic Solid Oak Bookshelf,1,310.0,0.05,294.5,209.5,ExpressLogistics,0,On-Time,0,0
ORD-13856,2024-06-01,CUST-1159,Small Business,West,PRD-156,Electronics,Apex Gaming Laptop,2,1200.0,0.15,2040.0,1440.0,StandardMail,1,On-Time,0,0
ORD-13857,2024-06-01,CUST-1020,Consumer,West,PRD-025,Electronics,SmartSync Fitness Tracker,3,90.0,0.0,270.0,165.0,ExpressLogistics,2,On-Time,0,0
ORD-13858,2024-06-01,CUST-1271,Consumer,West,PRD-787,Furniture,ErgoPro Executive Desk,3,450.0,0.05,1282.5,922.5,SwiftFreight,0,On-Time,0,0
ORD-13859,2024-06-01,CUST-1109,Consumer,West,PRD-506,Electronics,SoundPulse Wireless Headphone,2,150.0,0.0,300.0,200.0,StandardMail,1,On-Time,0,0
ORD-13860,2024-06-02,CUST-1099,Corporate,North,PRD-904,Furniture,Nordic Solid Oak Bookshelf,1,310.0,0.05,294.5,209.5,ExpressLogistics,1,On-Time,0,0
ORD-13861,2024-06-02,CUST-1490,Consumer,North,PRD-080,Office Supplies,Gel Ink Pen Multi-Pack,2,18.0,0.0,36.0,24.0,ExpressLogistics,1,On-Time,0,0
ORD-13862,2024-06-02,CUST-1285,Consumer,North,PRD-910,Furniture,LumbarComfort Mesh Chair,2,220.0,0.0,440.0,310.0,SwiftFreight,2,On-Time,0,0
ORD-13863,2024-06-02,CUST-1090,Consumer,North,PRD-156,Electronics,Apex Gaming Laptop,3,1200.0,0.0,3600.0,2700.0,StandardMail,2,On-Time,0,0
ORD-13864,2024-06-02,CUST-1457,Consumer,North,PRD-925,Office Supplies,Premium Recycled Paper (Box),1,45.0,0.15,38.25,24.25,SwiftFreight,1,On-Time,0,0
ORD-13865,2024-06-02,CUST-1201,Consumer,North,PRD-080,Office Supplies,Gel Ink Pen Multi-Pack,2,18.0,0.05,34.2,22.2,ExpressLogistics,2,On-Time,0,0
ORD-13866,2024-06-02,CUST-1010,Corporate,North,PRD-367,Office Supplies,HeavyDuty Metal Stapler,1,25.0,0.15,21.25,11.25,StandardMail,1,On-Time,0,0
ORD-13867,2024-06-02,CUST-1224,Corporate,South,PRD-156,Electronics,Apex Gaming Laptop,2,1200.0,0.05,2280.0,1680.0,StandardMail,1,On-Time,0,0
ORD-13868,2024-06-02,CUST-1428,Small Business,South,PRD-925,Office Supplies,Premium Recycled Paper (Box),1,45.0,0.0,45.0,31.0,SwiftFreight,1,On-Time,0,0
ORD-13869,2024-06-02,CUST-1325,Corporate,South,PRD-156,Electronics,Apex Gaming Laptop,2,1200.0,0.0,2400.0,1800.0,ApexGlobal,1,On-Time,0,0
ORD-13870,2024-06-02,CUST-1496,Consumer,South,PRD-080,Office Supplies,Gel Ink Pen Multi-Pack,2,18.0,0.15,30.6,18.6,SwiftFreight,1,On-Time,0,0
ORD-13871,2024-06-02,CUST-1062,Corporate,South,PRD-044,Electronics,UltraVision 4K Monitor,3,400.0,0.05,1140.0,810.0,SwiftFreight,1,On-Time,0,0
ORD-13872,2024-06-02,CUST-1044,Small Business,South,PRD-910,Furniture,LumbarComfort Mesh Chair,3,220.0,0.05,627.0,432.0,ExpressLogistics,1,On-Time,0,0
ORD-13873,2024-06-02,CUST-1439,Small Business,South,PRD-044,Electronics,UltraVision 4K Monitor,1,400.0,0.1,360.0,250.0,StandardMail,1,On-Time,0,0
ORD-13874,2024-06-02,CUST-1082,Consumer,South,PRD-080,Office Supplies,Gel Ink Pen Multi-Pack,1,18.0,0.0,18.0,12.0,SwiftFreight,2,On-Time,0,0
ORD-13875,2024-06-02,CUST-1005,Small Business,East,PRD-080,Office Supplies,Gel Ink Pen Multi-Pack,3,18.0,0.1,48.6,30.6,SwiftFreight,1,On-Time,0,0
ORD-13876,2024-06-02,CUST-1016,Small Business,East,PRD-925,Office Supplies,Premium Recycled Paper (Box),1,45.0,0.0,45.0,31.0,ExpressLogistics,0,On-Time,0,0
ORD-13877,2024-06-02,CUST-1164,Consumer,East,PRD-787,Furniture,ErgoPro Executive Desk,2,450.0,0.05,855.0,615.0,ApexGlobal,2,On-Time,0,0
ORD-13878,2024-06-02,CUST-1112,Consumer,East,PRD-910,Furniture,LumbarComfort Mesh Chair,2,220.0,0.1,396.0,266.0,ApexGlobal,2,On-Time,0,0
ORD-13879,2024-06-02,CUST-1424,Corporate,East,PRD-787,Furniture,ErgoPro Executive Desk,3,450.0,0.05,1282.5,922.5,ExpressLogistics,2,On-Time,0,0
ORD-13880,2024-06-02,CUST-1421,Corporate,East,PRD-506,Electronics,SoundPulse Wireless Headphone,2,150.0,0.0,300.0,200.0,SwiftFreight,2,On-Time,0,0
ORD-13881,2024-06-02,CUST-1473,Corporate,East,PRD-025,Electronics,SmartSync Fitness Tracker,2,90.0,0.0,180.0,110.0,ApexGlobal,1,On-Time,0,0
ORD-13882,2024-06-02,CUST-1401,Small Business,West,PRD-025,Electronics,SmartSync Fitness Tracker,1,90.0,0.05,85.5,50.5,StandardMail,1,On-Time,0,0
ORD-13883,2024-06-02,CUST-1015,Corporate,West,PRD-506,Electronics,SoundPulse Wireless Headphone,2,150.0,0.0,300.0,200.0,StandardMail,0,On-Time,0,0
ORD-13884,2024-06-02,CUST-1237,Small Business,West,PRD-367,Office Supplies,HeavyDuty Metal Stapler,2,25.0,0.15,42.5,22.5,StandardMail,2,On-Time,0,0
ORD-13885,2024-06-02,CUST-1080,Small Business,West,PRD-025,Electronics,SmartSync Fitness Tracker,3,90.0,0.05,256.5,151.5,SwiftFreight,2,On-Time,0,0
ORD-13886,2024-06-02,CUST-1315,Consumer,West,PRD-904,Furniture,Nordic Solid Oak Bookshelf,1,310.0,0.0,310.0,225.0,ApexGlobal,0,On-Time,0,0
ORD-13887,2024-06-02,CUST-1384,Corporate,West,PRD-787,Furniture,ErgoPro Executive Desk,1,450.0,0.0,450.0,330.0,SwiftFreight,1,On-Time,0,0
ORD-13888,2024-06-03,CUST-1185,Small Business,North,PRD-925,Office Supplies,Premium Recycled Paper (Box),2,45.0,0.0,90.0,62.0,SwiftFreight,1,On-Time,0,0
ORD-13889,2024-06-03,CUST-1139,Consumer,North,PRD-156,Electronics,Apex Gaming Laptop,3,1200.0,0.1,3240.0,2340.0,StandardMail,0,On-Time,0,0
ORD-13890,2024-06-03,CUST-1059,Corporate,North,PRD-080,Office Supplies,Gel Ink Pen Multi-Pack,2,18.0,0.15,30.6,18.6,ApexGlobal,1,On-Time,0,0
ORD-13891,2024-06-03,CUST-1180,Corporate,North,PRD-904,Furniture,Nordic Solid Oak Bookshelf,2,310.0,0.0,620.0,450.0,ApexGlobal,1,On-Time,0,0
ORD-13892,2024-06-03,CUST-1465,Corporate,North,PRD-080,Office Supplies,Gel Ink Pen Multi-Pack,3,18.0,0.1,48.6,30.6,ApexGlobal,0,On-Time,0,0
ORD-13893,2024-06-03,CUST-1477,Corporate,South,PRD-787,Furniture,ErgoPro Executive Desk,2,450.0,0.05,855.0,615.0,ApexGlobal,2,On-Time,0,0
ORD-13894,2024-06-03,CUST-1180,Corporate,South,PRD-506,Electronics,SoundPulse Wireless Headphone,1,150.0,0.1,135.0,85.0,StandardMail,0,On-Time,0,0
ORD-13895,2024-06-03,CUST-1165,Corporate,South,PRD-156,Electronics,Apex Gaming Laptop,2,1200.0,0.0,2400.0,1800.0,ExpressLogistics,2,On-Time,0,0
ORD-13896,2024-06-03,CUST-1155,Consumer,South,PRD-367,Office Supplies,HeavyDuty Metal Stapler,3,25.0,0.0,75.0,45.0,SwiftFreight,1,On-Time,0,0
ORD-13897,2024-06-03,CUST-1458,Consumer,South,PRD-925,Office Supplies,Premium Recycled Paper (Box),2,45.0,0.05,85.5,57.5,ExpressLogistics,0,On-Time,0,0
ORD-13898,2024-06-03,CUST-1338,Corporate,East,PRD-910,Furniture,LumbarComfort Mesh Chair,1,220.0,0.0,220.0,155.0,StandardMail,1,On-Time,0,0
ORD-13899,2024-06-03,CUST-1264,Consumer,East,PRD-904,Furniture,Nordic Solid Oak Bookshelf,1,310.0,0.0,310.0,225.0,ExpressLogistics,0,On-Time,0,0
ORD-13900,2024-06-03,CUST-1485,Small Business,East,PRD-044,Electronics,UltraVision 4K Monitor,1,400.0,0.15,340.0,230.0,ExpressLogistics,1,On-Time,0,0
ORD-13901,2024-06-03,CUST-1270,Consumer,East,PRD-367,Office Supplies,HeavyDuty Metal Stapler,1,25.0,0.0,25.0,15.0,ApexGlobal,0,On-Time,0,0
ORD-13902,2024-06-03,CUST-1210,Small Business,East,PRD-025,Electronics,SmartSync Fitness Tracker,3,90.0,0.0,270.0,165.0,SwiftFreight,1,On-Time,0,0
ORD-13903,2024-06-03,CUST-1276,Small Business,East,PRD-025,Electronics,SmartSync Fitness Tracker,3,90.0,0.15,229.5,124.5,ExpressLogistics,0,On-Time,0,0
ORD-13904,2024-06-03,CUST-1300,Consumer,East,PRD-025,Electronics,SmartSync Fitness Tracker,2,90.0,0.05,171.0,101.0,ApexGlobal,1,On-Time,0,0
ORD-13905,2024-06-03,CUST-1053,Consumer,East,PRD-044,Electronics,UltraVision 4K Monitor,2,400.0,0.1,720.0,500.0,ApexGlobal,1,On-Time,0,0
ORD-13906,2024-06-03,CUST-1451,Corporate,West,PRD-787,Furniture,ErgoPro Executive Desk,1,450.0,0.15,382.5,262.5,SwiftFreight,0,On-Time,0,0
ORD-13907,2024-06-03,CUST-1211,Consumer,West,PRD-367,Office Supplies,HeavyDuty Metal Stapler,2,25.0,0.0,50.0,30.0,ExpressLogistics,1,On-Time,0,0
ORD-13908,2024-06-03,CUST-1302,Small Business,West,PRD-787,Furniture,ErgoPro Executive Desk,2,450.0,0.1,810.0,570.0,ApexGlobal,0,On-Time,0,0
ORD-13909,2024-06-03,CUST-1211,Corporate,West,PRD-904,Furniture,Nordic Solid Oak Bookshelf,3,310.0,0.15,790.5,535.5,ApexGlobal,1,On-Time,0,0
ORD-13910,2024-06-03,CUST-1117,Corporate,West,PRD-506,Electronics,SoundPulse Wireless Headphone,3,150.0,0.0,450.0,300.0,ExpressLogistics,0,On-Time,0,0
ORD-13911,2024-06-03,CUST-1490,Corporate,West,PRD-506,Electronics,SoundPulse Wireless Headphone,3,150.0,0.15,382.5,232.5,SwiftFreight,1,On-Time,0,0
ORD-13912,2024-06-03,CUST-1416,Corporate,West,PRD-910,Furniture,LumbarComfort Mesh Chair,2,220.0,0.15,374.0,244.0,StandardMail,1,On-Time,0,0
ORD-13913,2024-06-04,CUST-1372,Consumer,North,PRD-044,Electronics,UltraVision 4K Monitor,3,400.0,0.0,1200.0,870.0,SwiftFreight,1,On-Time,0,0
ORD-13914,2024-06-04,CUST-1401,Consumer,North,PRD-925,Office Supplies,Premium Recycled Paper (Box),3,45.0,0.0,135.0,93.0,ExpressLogistics,1,On-Time,0,0
ORD-13915,2024-06-04,CUST-1363,Consumer,North,PRD-910,Furniture,LumbarComfort Mesh Chair,1,220.0,0.15,187.0,122.0,StandardMail,2,On-Time,0,0
ORD-13916,2024-06-04,CUST-1391,Consumer,North,PRD-910,Furniture,LumbarComfort Mesh Chair,1,220.0,0.0,220.0,155.0,ExpressLogistics,0,On-Time,0,0
ORD-13917,2024-06-04,CUST-1440,Consumer,North,PRD-025,Electronics,SmartSync Fitness Tracker,2,90.0,0.15,153.0,83.0,StandardMail,0,On-Time,0,0
ORD-13918,2024-06-04,CUST-1483,Consumer,North,PRD-787,Furniture,ErgoPro Executive Desk,2,450.0,0.0,900.0,660.0,ApexGlobal,2,On-Time,0,0
ORD-13919,2024-06-04,CUST-1087,Small Business,North,PRD-156,Electronics,Apex Gaming Laptop,1,1200.0,0.1,1080.0,780.0,ExpressLogistics,2,On-Time,0,0
ORD-13920,2024-06-04,CUST-1090,Corporate,South,PRD-156,Electronics,Apex Gaming Laptop,3,1200.0,0.1,3240.0,2340.0,SwiftFreight,2,On-Time,0,0
ORD-13921,2024-06-04,CUST-1103,Consumer,South,PRD-904,Furniture,Nordic Solid Oak Bookshelf,2,310.0,0.0,620.0,450.0,ApexGlobal,0,On-Time,0,0
ORD-13922,2024-06-04,CUST-1108,Small Business,South,PRD-925,Office Supplies,Premium Recycled Paper (Box),3,45.0,0.15,114.75,72.75,StandardMail,1,On-Time,0,0
ORD-13923,2024-06-04,CUST-1040,Small Business,South,PRD-156,Electronics,Apex Gaming Laptop,3,1200.0,0.05,3420.0,2520.0,StandardMail,0,On-Time,0,0
ORD-13924,2024-06-04,CUST-1161,Small Business,South,PRD-904,Furniture,Nordic Solid Oak Bookshelf,1,310.0,0.0,310.0,225.0,StandardMail,1,On-Time,0,0
ORD-13925,2024-06-04,CUST-1437,Corporate,South,PRD-080,Office Supplies,Gel Ink Pen Multi-Pack,3,18.0,0.1,48.6,30.6,ExpressLogistics,1,On-Time,0,0
ORD-13926,2024-06-04,CUST-1303,Corporate,South,PRD-787,Furniture,ErgoPro Executive Desk,1,450.0,0.05,427.5,307.5,,0,On-Time,0,0
ORD-13927,2024-06-04,CUST-1143,Corporate,South,PRD-787,Furniture,ErgoPro Executive Desk,1,450.0,0.15,382.5,262.5,StandardMail,1,On-Time,0,0
ORD-13928,2024-06-04,CUST-1433,Small Business,East,PRD-787,Furniture,ErgoPro Executive Desk,3,450.0,0.05,1282.5,922.5,SwiftFreight,2,On-Time,0,0
ORD-13929,2024-06-04,CUST-1473,Corporate,East,PRD-787,Furniture,ErgoPro Executive Desk,3,450.0,0.05,1282.5,922.5,ApexGlobal,2,On-Time,0,0
ORD-13930,2024-06-04,CUST-1407,Small Business,East,PRD-367,Office Supplies,HeavyDuty Metal Stapler,1,25.0,0.15,21.25,11.25,ExpressLogistics,1,On-Time,1,0
ORD-13931,2024-06-04,CUST-1336,Consumer,East,PRD-925,Office Supplies,Premium Recycled Paper (Box),3,45.0,0.05,128.25,86.25,StandardMail,0,On-Time,0,0
ORD-13932,2024-06-04,CUST-1175,Small Business,East,PRD-156,Electronics,Apex Gaming Laptop,3,1200.0,0.05,3420.0,2520.0,StandardMail,2,On-Time,0,0
ORD-13933,2024-06-04,CUST-1449,Consumer,East,PRD-925,Office Supplies,Premium Recycled Paper (Box),3,45.0,0.05,128.25,86.25,ExpressLogistics,1,On-Time,0,0
ORD-13934,2024-06-04,CUST-1075,Consumer,East,PRD-787,Furniture,ErgoPro Executive Desk,3,450.0,0.05,1282.5,922.5,ExpressLogistics,1,On-Time,0,0
ORD-13935,2024-06-04,CUST-1086,Small Business,East,PRD-080,Office Supplies,Gel Ink Pen Multi-Pack,2,18.0,0.1,32.4,20.4,ExpressLogistics,0,On-Time,0,0
ORD-13936,2024-06-04,CUST-1429,Small Business,West,PRD-506,Electronics,SoundPulse Wireless Headphone,2,150.0,0.1,270.0,170.0,StandardMail,1,On-Time,0,0
ORD-13937,2024-06-04,CUST-1035,Consumer,West,PRD-156,Electronics,Apex Gaming Laptop,2,1200.0,0.15,2040.0,1440.0,ExpressLogistics,2,On-Time,0,0
ORD-13938,2024-06-04,CUST-1045,Small Business,West,PRD-080,Office Supplies,Gel Ink Pen Multi-Pack,3,18.0,0.1,48.6,30.6,ExpressLogistics,1,On-Time,0,0
ORD-13939,2024-06-04,CUST-1459,Consumer,West,PRD-925,Office Supplies,Premium Recycled Paper (Box),2,45.0,0.1,81.0,53.0,ApexGlobal,1,On-Time,0,0
ORD-13940,2024-06-04,CUST-1063,Small Business,West,PRD-506,Electronics,SoundPulse Wireless Headphone,2,150.0,0.0,300.0,200.0,StandardMail,0,On-Time,0,0
ORD-13941,2024-06-04,CUST-1290,Corporate,West,PRD-080,Office Supplies,Gel Ink Pen Multi-Pack,3,18.0,0.05,51.3,33.3,StandardMail,2,On-Time,1,0
ORD-13942,2024-06-05,CUST-1431,Small Business,North,PRD-910,Furniture,LumbarComfort Mesh Chair,3,220.0,0.0,660.0,465.0,SwiftFreight,0,On-Time,0,0
ORD-13943,2024-06-05,CUST-1211,Consumer,North,PRD-044,Electronics,UltraVision 4K Monitor,2,400.0,0.0,800.0,580.0,StandardMail,0,On-Time,0,0
ORD-13944,2024-06-05,CUST-1080,Corporate,North,PRD-910,Furniture,LumbarComfort Mesh Chair,2,220.0,0.0,440.0,310.0,SwiftFreight,1,On-Time,0,0
ORD-13945,2024-06-05,CUST-1436,Consumer,North,PRD-904,Furniture,Nordic Solid Oak Bookshelf,1,310.0,0.0,310.0,225.0,ApexGlobal,1,On-Time,0,0
ORD-13946,2024-06-05,CUST-1133,Small Business,North,PRD-787,Furniture,ErgoPro Executive Desk,3,450.0,0.0,1350.0,990.0,SwiftFreight,1,On-Time,0,0
ORD-13947,2024-06-05,CUST-1447,Small Business,North,PRD-904,Furniture,Nordic Solid Oak Bookshelf,3,310.0,0.1,837.0,582.0,SwiftFreight,1,On-Time,0,0
ORD-13948,2024-06-05,CUST-1302,Small Business,North,PRD-925,Office Supplies,Premium Recycled Paper (Box),2,45.0,0.05,85.5,57.5,StandardMail,1,On-Time,0,0
ORD-13949,2024-06-05,CUST-1355,Small Business,South,PRD-904,Furniture,Nordic Solid Oak Bookshelf,1,310.0,0.15,263.5,178.5,ExpressLogistics,2,On-Time,0,0
ORD-13950,2024-06-05,CUST-1482,Corporate,South,PRD-044,Electronics,UltraVision 4K Monitor,3,400.0,0.05,1140.0,810.0,ExpressLogistics,0,On-Time,0,0
ORD-13951,2024-06-05,CUST-1032,Corporate,South,PRD-025,Electronics,SmartSync Fitness Tracker,3,90.0,0.0,270.0,165.0,ApexGlobal,1,On-Time,0,0
ORD-13952,2024-06-05,CUST-1320,Corporate,South,PRD-025,Electronics,SmartSync Fitness Tracker,2,90.0,0.05,171.0,101.0,SwiftFreight,2,On-Time,0,0
ORD-13953,2024-06-05,CUST-1480,Corporate,South,PRD-904,Furniture,Nordic Solid Oak Bookshelf,2,310.0,0.05,589.0,419.0,ApexGlobal,2,On-Time,0,0
ORD-13954,2024-06-05,CUST-1286,Small Business,South,PRD-910,Furniture,LumbarComfort Mesh Chair,2,220.0,0.0,440.0,310.0,StandardMail,1,On-Time,0,0
ORD-13955,2024-06-05,CUST-1033,Small Business,South,PRD-080,Office Supplies,Gel Ink Pen Multi-Pack,3,18.0,0.15,45.9,27.9,SwiftFreight,1,On-Time,0,0
ORD-13956,2024-06-05,CUST-1118,Corporate,South,PRD-367,Office Supplies,HeavyDuty Metal Stapler,1,25.0,0.15,21.25,11.25,ApexGlobal,1,On-Time,0,0
ORD-13957,2024-06-05,CUST-1446,Small Business,East,PRD-910,Furniture,LumbarComfort Mesh Chair,2,220.0,0.05,418.0,288.0,ApexGlobal,2,On-Time,0,0
ORD-13958,2024-06-05,CUST-1133,Small Business,East,PRD-787,Furniture,ErgoPro Executive Desk,1,450.0,0.1,405.0,285.0,StandardMail,2,On-Time,0,0
ORD-13959,2024-06-05,CUST-1317,Small Business,East,PRD-787,Furniture,ErgoPro Executive Desk,2,450.0,0.0,900.0,660.0,StandardMail,0,On-Time,0,0
ORD-13960,2024-06-05,CUST-1381,Consumer,East,PRD-044,Electronics,UltraVision 4K Monitor,3,400.0,0.0,1200.0,870.0,StandardMail,2,On-Time,0,0
ORD-13961,2024-06-05,CUST-1388,Consumer,East,PRD-044,Electronics,UltraVision 4K Monitor,1,400.0,0.05,380.0,270.0,StandardMail,2,On-Time,0,0
ORD-13962,2024-06-05,CUST-1084,Corporate,West,PRD-080,Office Supplies,Gel Ink Pen Multi-Pack,1,18.0,0.05,0.0,-1.2,ExpressLogistics,1,Cancelled,0,1
ORD-13963,2024-06-05,CUST-1452,Small Business,West,PRD-367,Office Supplies,HeavyDuty Metal Stapler,2,25.0,0.1,45.0,25.0,StandardMail,1,On-Time,0,0
ORD-13964,2024-06-05,CUST-1370,Small Business,West,PRD-080,Office Supplies,Gel Ink Pen Multi-Pack,2,18.0,0.05,34.2,22.2,ExpressLogistics,1,On-Time,0,0
ORD-13965,2024-06-05,CUST-1293,Corporate,West,PRD-044,Electronics,UltraVision 4K Monitor,2,400.0,0.15,680.0,460.0,StandardMail,1,On-Time,0,0
ORD-13966,2024-06-05,CUST-1236,Consumer,West,PRD-925,Office Supplies,Premium Recycled Paper (Box),1,45.0,0.0,45.0,31.0,StandardMail,1,On-Time,0,0
ORD-13967,2024-06-05,CUST-1016,Consumer,West,PRD-367,Office Supplies,HeavyDuty Metal Stapler,2,25.0,0.0,50.0,30.0,ApexGlobal,1,On-Time,0,0
ORD-13968,2024-06-05,CUST-1314,Consumer,West,PRD-156,Electronics,Apex Gaming Laptop,1,1200.0,0.05,1140.0,840.0,ApexGlobal,2,On-Time,0,0
ORD-13969,2024-06-05,CUST-1420,Small Business,West,PRD-080,Office Supplies,Gel Ink Pen Multi-Pack,3,18.0,0.05,51.3,33.3,SwiftFreight,2,On-Time,0,0
ORD-13970,2024-06-06,CUST-1179,Small Business,North,PRD-787,Furniture,ErgoPro Executive Desk,3,450.0,0.05,1282.5,922.5,SwiftFreight,0,On-Time,0,0
ORD-13971,2024-06-06,CUST-1312,Corporate,North,PRD-925,Office Supplies,Premium Recycled Paper (Box),1,45.0,0.0,45.0,31.0,ApexGlobal,2,On-Time,0,0
ORD-13972,2024-06-06,CUST-1353,Consumer,North,PRD-156,Electronics,Apex Gaming Laptop,2,1200.0,0.1,2160.0,1560.0,ApexGlobal,1,On-Time,0,0
ORD-13973,2024-06-06,CUST-1403,Small Business,North,PRD-367,Office Supplies,HeavyDuty Metal Stapler,1,25.0,0.15,21.25,11.25,ApexGlobal,1,On-Time,0,0
ORD-13974,2024-06-06,CUST-1124,Small Business,North,PRD-506,Electronics,SoundPulse Wireless Headphone,2,150.0,0.1,270.0,170.0,ApexGlobal,0,On-Time,0,0
ORD-13975,2024-06-06,CUST-1434,Corporate,North,PRD-787,Furniture,ErgoPro Executive Desk,2,450.0,0.1,810.0,570.0,ExpressLogistics,1,On-Time,0,0
ORD-13976,2024-06-06,CUST-1469,Small Business,North,PRD-025,Electronics,SmartSync Fitness Tracker,3,90.0,0.1,243.0,138.0,ExpressLogistics,1,On-Time,0,0
ORD-13977,2024-06-06,CUST-1452,Consumer,South,PRD-925,Office Supplies,Premium Recycled Paper (Box),3,45.0,0.1,121.5,79.5,ExpressLogistics,0,On-Time,0,0
ORD-13978,2024-06-06,CUST-1456,Small Business,South,PRD-910,Furniture,LumbarComfort Mesh Chair,2,220.0,0.0,440.0,310.0,StandardMail,0,On-Time,0,0
ORD-13979,2024-06-06,CUST-1416,Small Business,South,PRD-904,Furniture,Nordic Solid Oak Bookshelf,3,310.0,0.0,930.0,675.0,SwiftFreight,1,On-Time,0,0
ORD-13980,2024-06-06,CUST-1432,Small Business,South,PRD-904,Furniture,Nordic Solid Oak Bookshelf,3,310.0,0.0,930.0,675.0,ExpressLogistics,0,On-Time,0,0
ORD-13981,2024-06-06,CUST-1187,Corporate,South,PRD-904,Furniture,Nordic Solid Oak Bookshelf,1,310.0,0.05,294.5,209.5,,2,On-Time,0,0
ORD-13982,2024-06-06,CUST-1000,Corporate,East,PRD-025,Electronics,SmartSync Fitness Tracker,1,90.0,0.1,81.0,46.0,StandardMail,2,On-Time,0,0
ORD-13983,2024-06-06,CUST-1398,Small Business,East,PRD-506,Electronics,SoundPulse Wireless Headphone,3,150.0,0.1,405.0,255.0,SwiftFreight,2,On-Time,0,0
ORD-13984,2024-06-06,CUST-1139,Corporate,East,PRD-925,Office Supplies,Premium Recycled Paper (Box),1,45.0,0.1,40.5,26.5,StandardMail,2,On-Time,0,0
ORD-13985,2024-06-06,CUST-1007,Small Business,East,PRD-080,Office Supplies,Gel Ink Pen Multi-Pack,3,18.0,0.05,51.3,33.3,StandardMail,0,On-Time,0,0
ORD-13986,2024-06-06,CUST-1349,Small Business,East,PRD-080,Office Supplies,Gel Ink Pen Multi-Pack,1,18.0,0.15,15.3,9.3,ApexGlobal,2,On-Time,0,0
ORD-13987,2024-06-06,CUST-1454,Small Business,East,PRD-904,Furniture,Nordic Solid Oak Bookshelf,1,310.0,0.1,279.0,194.0,ExpressLogistics,1,On-Time,0,0
ORD-13988,2024-06-06,CUST-1303,Corporate,East,PRD-904,Furniture,Nordic Solid Oak Bookshelf,2,310.0,0.1,558.0,388.0,ApexGlobal,0,On-Time,0,0
ORD-13989,2024-06-06,CUST-1016,Small Business,East,PRD-156,Electronics,Apex Gaming Laptop,3,1200.0,0.0,3600.0,2700.0,SwiftFreight,0,On-Time,0,0
ORD-13990,2024-06-06,CUST-1483,Small Business,West,PRD-080,Office Supplies,Gel Ink Pen Multi-Pack,1,18.0,0.05,17.1,11.1,ExpressLogistics,2,On-Time,0,0
ORD-13991,2024-06-06,CUST-1015,Small Business,West,PRD-910,Furniture,LumbarComfort Mesh Chair,2,220.0,0.05,418.0,288.0,StandardMail,1,On-Time,1,0
ORD-13992,2024-06-06,CUST-1045,Small Business,West,PRD-044,Electronics,UltraVision 4K Monitor,1,400.0,0.0,400.0,290.0,ExpressLogistics,1,On-Time,0,0
ORD-13993,2024-06-06,CUST-1087,Corporate,West,PRD-025,Electronics,SmartSync Fitness Tracker,2,90.0,0.0,180.0,110.0,SwiftFreight,2,On-Time,0,0
ORD-13994,2024-06-06,CUST-1073,Small Business,West,PRD-080,Office Supplies,Gel Ink Pen Multi-Pack,2,18.0,0.15,30.6,18.6,SwiftFreight,0,On-Time,0,0
ORD-13995,2024-06-06,CUST-1374,Corporate,West,PRD-787,Furniture,ErgoPro Executive Desk,1,450.0,0.15,382.5,262.5,SwiftFreight,2,On-Time,0,0
ORD-13996,2024-06-06,CUST-1230,Consumer,West,PRD-080,Office Supplies,Gel Ink Pen Multi-Pack,2,18.0,0.1,32.4,20.4,ApexGlobal,0,On-Time,0,0
ORD-13997,2024-06-07,CUST-1465,Corporate,North,PRD-367,Office Supplies,HeavyDuty Metal Stapler,3,25.0,0.15,63.75,33.75,StandardMail,0,On-Time,0,0
ORD-13998,2024-06-07,CUST-1190,Consumer,North,PRD-156,Electronics,Apex Gaming Laptop,3,1200.0,0.1,3240.0,2340.0,SwiftFreight,1,On-Time,0,0
ORD-13999,2024-06-07,CUST-1249,Corporate,North,PRD-080,Office Supplies,Gel Ink Pen Multi-Pack,2,18.0,0.1,32.4,20.4,SwiftFreight,2,On-Time,0,0
ORD-14000,2024-06-07,CUST-1460,Consumer,North,PRD-910,Furniture,LumbarComfort Mesh Chair,3,220.0,0.15,561.0,366.0,ApexGlobal,2,On-Time,0,0
ORD-14001,2024-06-07,CUST-1150,Small Business,North,PRD-080,Office Supplies,Gel Ink Pen Multi-Pack,2,18.0,0.15,30.6,18.6,StandardMail,1,On-Time,0,0
ORD-14002,2024-06-07,CUST-1394,Corporate,South,PRD-787,Furniture,ErgoPro Executive Desk,2,450.0,0.1,810.0,570.0,StandardMail,1,On-Time,0,0
ORD-14003,2024-06-07,CUST-1066,Corporate,South,PRD-156,Electronics,Apex Gaming Laptop,1,1200.0,0.1,1080.0,780.0,ApexGlobal,1,On-Time,0,0
ORD-14004,2024-06-07,CUST-1305,Corporate,South,PRD-910,Furniture,LumbarComfort Mesh Chair,3,220.0,0.15,561.0,366.0,ApexGlobal,1,On-Time,0,0
ORD-14005,2024-06-07,CUST-1389,Small Business,South,PRD-025,Electronics,SmartSync Fitness Tracker,2,90.0,0.1,162.0,92.0,ApexGlobal,2,On-Time,0,0
ORD-14006,2024-06-07,CUST-1106,Consumer,South,PRD-156,Electronics,Apex Gaming Laptop,2,1200.0,0.15,2040.0,1440.0,SwiftFreight,1,On-Time,0,0
ORD-14007,2024-06-07,CUST-1325,Consumer,South,PRD-910,Furniture,LumbarComfort Mesh Chair,3,220.0,0.15,561.0,366.0,StandardMail,1,On-Time,0,0
ORD-14008,2024-06-07,CUST-1398,Consumer,South,PRD-367,Office Supplies,HeavyDuty Metal Stapler,3,25.0,0.15,63.75,33.75,ApexGlobal,1,On-Time,0,0
ORD-14009,2024-06-07,CUST-1036,Small Business,East,PRD-787,Furniture,ErgoPro Executive Desk,3,450.0,0.0,1350.0,990.0,StandardMail,1,On-Time,0,0
ORD-14010,2024-06-07,CUST-1334,Small Business,East,PRD-904,Furniture,Nordic Solid Oak Bookshelf,3,310.0,0.1,837.0,582.0,SwiftFreight,2,On-Time,0,0
ORD-14011,2024-06-07,CUST-1115,Consumer,East,PRD-025,Electronics,SmartSync Fitness Tracker,1,90.0,0.05,85.5,50.5,SwiftFreight,1,On-Time,0,0
ORD-14012,2024-06-07,CUST-1095,Consumer,East,PRD-506,Electronics,SoundPulse Wireless Headphone,3,150.0,0.1,405.0,255.0,SwiftFreight,1,On-Time,0,0
ORD-14013,2024-06-07,CUST-1371,Corporate,East,PRD-910,Furniture,LumbarComfort Mesh Chair,2,220.0,0.15,374.0,244.0,ApexGlobal,0,On-Time,0,0
ORD-14014,2024-06-07,CUST-1257,Corporate,East,PRD-044,Electronics,UltraVision 4K Monitor,3,400.0,0.0,1200.0,870.0,StandardMail,2,On-Time,0,0
ORD-14015,2024-06-07,CUST-1428,Consumer,East,PRD-156,Electronics,Apex Gaming Laptop,1,1200.0,0.05,1140.0,840.0,ApexGlobal,1,On-Time,0,0
ORD-14016,2024-06-07,CUST-1225,Small Business,West,PRD-156,Electronics,Apex Gaming Laptop,1,1200.0,0.1,1080.0,780.0,ApexGlobal,0,On-Time,0,0
ORD-14017,2024-06-07,CUST-1382,Small Business,West,PRD-080,Office Supplies,Gel Ink Pen Multi-Pack,1,18.0,0.15,15.3,9.3,ExpressLogistics,2,On-Time,0,0
ORD-14018,2024-06-07,CUST-1418,Consumer,West,PRD-367,Office Supplies,HeavyDuty Metal Stapler,1,25.0,0.0,25.0,15.0,StandardMail,1,On-Time,0,0
ORD-14019,2024-06-07,CUST-1475,Small Business,West,PRD-925,Office Supplies,Premium Recycled Paper (Box),1,45.0,0.15,38.25,24.25,StandardMail,1,On-Time,0,0
ORD-14020,2024-06-07,CUST-1336,Small Business,West,PRD-506,Electronics,SoundPulse Wireless Headphone,2,150.0,0.0,300.0,200.0,SwiftFreight,1,On-Time,0,0
ORD-14021,2024-06-08,CUST-1365,Small Business,North,PRD-925,Office Supplies,Premium Recycled Paper (Box),2,45.0,0.15,76.5,48.5,ExpressLogistics,1,On-Time,0,0
ORD-14022,2024-06-08,CUST-1367,Corporate,North,PRD-787,Furniture,ErgoPro Executive Desk,1,450.0,0.15,382.5,262.5,ApexGlobal,3,Normal,0,0
ORD-14023,2024-06-08,CUST-1041,Consumer,North,PRD-925,Office Supplies,Premium Recycled Paper (Box),3,45.0,0.0,0.0,-8.4,SwiftFreight,1,Cancelled,0,1
ORD-14024,2024-06-08,CUST-1057,Small Business,North,PRD-506,Electronics,SoundPulse Wireless Headphone,3,150.0,0.0,450.0,300.0,SwiftFreight,0,On-Time,0,0
ORD-14025,2024-06-08,CUST-1389,Small Business,North,PRD-787,Furniture,ErgoPro Executive Desk,3,450.0,0.15,1147.5,787.5,ApexGlobal,0,On-Time,0,0
ORD-14026,2024-06-08,CUST-1299,Consumer,North,PRD-910,Furniture,LumbarComfort Mesh Chair,1,220.0,0.15,187.0,122.0,ExpressLogistics,0,On-Time,1,0
ORD-14027,2024-06-08,CUST-1402,Corporate,South,PRD-925,Office Supplies,Premium Recycled Paper (Box),3,45.0,0.05,128.25,86.25,ApexGlobal,1,On-Time,0,0
ORD-14028,2024-06-08,CUST-1459,Corporate,South,PRD-367,Office Supplies,HeavyDuty Metal Stapler,1,25.0,0.1,22.5,12.5,SwiftFreight,1,On-Time,0,0
ORD-14029,2024-06-08,CUST-1029,Consumer,South,PRD-080,Office Supplies,Gel Ink Pen Multi-Pack,3,18.0,0.05,51.3,33.3,,0,On-Time,0,0
ORD-14030,2024-06-08,CUST-1252,Corporate,South,PRD-910,Furniture,LumbarComfort Mesh Chair,1,220.0,0.0,220.0,155.0,ExpressLogistics,2,On-Time,0,0
ORD-14031,2024-06-08,CUST-1425,Small Business,South,PRD-910,Furniture,LumbarComfort Mesh Chair,3,220.0,0.1,594.0,399.0,ApexGlobal,1,On-Time,0,0
ORD-14032,2024-06-08,CUST-1071,Corporate,East,PRD-925,Office Supplies,Premium Recycled Paper (Box),2,45.0,0.1,81.0,53.0,SwiftFreight,1,On-Time,0,0
ORD-14033,2024-06-08,CUST-1400,Consumer,East,PRD-156,Electronics,Apex Gaming Laptop,2,1200.0,0.05,2280.0,1680.0,SwiftFreight,2,On-Time,0,0
ORD-14034,2024-06-08,CUST-1135,Consumer,East,PRD-925,Office Supplies,Premium Recycled Paper (Box),3,45.0,0.1,121.5,79.5,StandardMail,0,On-Time,0,0
ORD-14035,2024-06-08,CUST-1058,Small Business,East,PRD-080,Office Supplies,Gel Ink Pen Multi-Pack,2,18.0,0.0,36.0,24.0,StandardMail,1,On-Time,0,0
ORD-14036,2024-06-08,CUST-1045,Corporate,East,PRD-787,Furniture,ErgoPro Executive Desk,3,450.0,0.05,1282.5,922.5,ApexGlobal,1,On-Time,0,0
ORD-14037,2024-06-08,CUST-1461,Small Business,East,PRD-080,Office Supplies,Gel Ink Pen Multi-Pack,2,18.0,0.05,34.2,22.2,StandardMail,2,On-Time,0,0
ORD-14038,2024-06-08,CUST-1173,Consumer,East,PRD-506,Electronics,SoundPulse Wireless Headphone,3,150.0,0.15,382.5,232.5,SwiftFreight,1,On-Time,0,0
ORD-14039,2024-06-08,CUST-1304,Consumer,East,PRD-910,Furniture,LumbarComfort Mesh Chair,2,220.0,0.0,440.0,310.0,ExpressLogistics,1,On-Time,0,0
ORD-14040,2024-06-08,CUST-1299,Consumer,West,PRD-925,Office Supplies,Premium Recycled Paper (Box),3,45.0,0.05,128.25,86.25,ExpressLogistics,0,On-Time,0,0
ORD-14041,2024-06-08,CUST-1275,Corporate,West,PRD-904,Furniture,Nordic Solid Oak Bookshelf,2,310.0,0.05,589.0,419.0,ExpressLogistics,1,On-Time,0,0
ORD-14042,2024-06-08,CUST-1499,Corporate,West,PRD-367,Office Supplies,HeavyDuty Metal Stapler,2,25.0,0.1,45.0,25.0,SwiftFreight,0,On-Time,0,0
ORD-14043,2024-06-08,CUST-1395,Corporate,West,PRD-367,Office Supplies,HeavyDuty Metal Stapler,3,25.0,0.1,67.5,37.5,SwiftFreight,1,On-Time,0,0
ORD-14044,2024-06-08,CUST-1114,Corporate,West,PRD-156,Electronics,Apex Gaming Laptop,3,1200.0,0.0,3600.0,2700.0,ExpressLogistics,3,Normal,0,0
ORD-14045,2024-06-08,CUST-1244,Small Business,West,PRD-910,Furniture,LumbarComfort Mesh Chair,2,220.0,0.15,374.0,244.0,ApexGlobal,1,On-Time,0,0
ORD-14046,2024-06-08,CUST-1269,Small Business,West,PRD-025,Electronics,SmartSync Fitness Tracker,2,90.0,0.1,162.0,92.0,SwiftFreight,0,On-Time,0,0
ORD-14047,2024-06-08,CUST-1305,Corporate,West,PRD-910,Furniture,LumbarComfort Mesh Chair,3,220.0,0.1,594.0,399.0,ApexGlobal,1,On-Time,0,0
ORD-14048,2024-06-09,CUST-1466,Corporate,North,PRD-787,Furniture,ErgoPro Executive Desk,3,450.0,0.05,1282.5,922.5,ApexGlobal,1,On-Time,0,0
ORD-14049,2024-06-09,CUST-1484,Small Business,North,PRD-025,Electronics,SmartSync Fitness Tracker,3,90.0,0.05,256.5,151.5,StandardMail,3,Normal,0,0
ORD-14050,2024-06-09,CUST-1044,Small Business,North,PRD-367,Office Supplies,HeavyDuty Metal Stapler,2,25.0,0.0,50.0,30.0,ApexGlobal,2,On-Time,0,0
ORD-14051,2024-06-09,CUST-1058,Consumer,North,PRD-080,Office Supplies,Gel Ink Pen Multi-Pack,1,18.0,0.0,18.0,12.0,SwiftFreight,1,On-Time,0,0
ORD-14052,2024-06-09,CUST-1163,Small Business,North,PRD-904,Furniture,Nordic Solid Oak Bookshelf,3,310.0,0.1,837.0,582.0,StandardMail,1,On-Time,0,0
ORD-14053,2024-06-09,CUST-1249,Small Business,North,PRD-080,Office Supplies,Gel Ink Pen Multi-Pack,3,18.0,0.15,45.9,27.9,SwiftFreight,2,On-Time,0,0
ORD-14054,2024-06-09,CUST-1014,Small Business,South,PRD-367,Office Supplies,HeavyDuty Metal Stapler,1,25.0,0.1,22.5,12.5,ApexGlobal,1,On-Time,0,0
ORD-14055,2024-06-09,CUST-1286,Corporate,South,PRD-080,Office Supplies,Gel Ink Pen Multi-Pack,1,18.0,0.05,17.1,11.1,StandardMail,3,Normal,0,0
ORD-14056,2024-06-09,CUST-1050,Consumer,South,PRD-910,Furniture,LumbarComfort Mesh Chair,1,220.0,0.05,209.0,144.0,ApexGlobal,0,On-Time,1,0
ORD-14057,2024-06-09,CUST-1296,Corporate,South,PRD-156,Electronics,Apex Gaming Laptop,1,1200.0,0.0,1200.0,900.0,StandardMail,1,On-Time,0,0
ORD-14058,2024-06-09,CUST-1139,Small Business,South,PRD-787,Furniture,ErgoPro Executive Desk,2,450.0,0.1,810.0,570.0,SwiftFreight,2,On-Time,0,0
ORD-14059,2024-06-09,CUST-1458,Consumer,South,PRD-080,Office Supplies,Gel Ink Pen Multi-Pack,1,18.0,0.05,17.1,11.1,StandardMail,1,On-Time,0,0
ORD-14060,2024-06-09,CUST-1341,Consumer,South,PRD-367,Office Supplies,HeavyDuty Metal Stapler,2,25.0,0.05,47.5,27.5,ExpressLogistics,2,On-Time,0,0
ORD-14061,2024-06-09,CUST-1218,Consumer,East,PRD-025,Electronics,SmartSync Fitness Tracker,2,90.0,0.0,180.0,110.0,StandardMail,2,On-Time,0,0
ORD-14062,2024-06-09,CUST-1286,Consumer,East,PRD-367,Office Supplies,HeavyDuty Metal Stapler,1,25.0,0.05,23.75,13.75,ExpressLogistics,0,On-Time,0,0
ORD-14063,2024-06-09,CUST-1393,Small Business,East,PRD-080,Office Supplies,Gel Ink Pen Multi-Pack,3,18.0,0.05,51.3,33.3,SwiftFreight,3,Normal,0,0
ORD-14064,2024-06-09,CUST-1125,Consumer,East,PRD-156,Electronics,Apex Gaming Laptop,3,1200.0,0.0,3600.0,2700.0,ExpressLogistics,0,On-Time,0,0
ORD-14065,2024-06-09,CUST-1154,Consumer,East,PRD-506,Electronics,SoundPulse Wireless Headphone,1,150.0,0.0,150.0,100.0,ExpressLogistics,1,On-Time,0,0
ORD-14066,2024-06-09,CUST-1485,Consumer,East,PRD-080,Office Supplies,Gel Ink Pen Multi-Pack,1,18.0,0.15,15.3,9.3,StandardMail,1,On-Time,0,0
ORD-14067,2024-06-09,CUST-1283,Corporate,West,PRD-787,Furniture,ErgoPro Executive Desk,1,450.0,0.0,450.0,330.0,ExpressLogistics,1,On-Time,0,0
ORD-14068,2024-06-09,CUST-1042,Small Business,West,PRD-080,Office Supplies,Gel Ink Pen Multi-Pack,1,18.0,0.15,15.3,9.3,StandardMail,2,On-Time,0,0
ORD-14069,2024-06-09,CUST-1463,Consumer,West,PRD-156,Electronics,Apex Gaming Laptop,1,1200.0,0.1,1080.0,780.0,SwiftFreight,0,On-Time,0,0
ORD-14070,2024-06-09,CUST-1353,Corporate,West,PRD-787,Furniture,ErgoPro Executive Desk,3,450.0,0.1,1215.0,855.0,ExpressLogistics,1,On-Time,0,0
ORD-14071,2024-06-09,CUST-1315,Small Business,West,PRD-044,Electronics,UltraVision 4K Monitor,2,400.0,0.1,720.0,500.0,SwiftFreight,2,On-Time,0,0
ORD-14072,2024-06-09,CUST-1304,Small Business,West,PRD-156,Electronics,Apex Gaming Laptop,2,1200.0,0.15,2040.0,1440.0,,1,On-Time,0,0
ORD-14073,2024-06-09,CUST-1349,Corporate,West,PRD-080,Office Supplies,Gel Ink Pen Multi-Pack,1,18.0,0.05,17.1,11.1,SwiftFreight,1,On-Time,0,0
ORD-14074,2024-06-10,CUST-1022,Corporate,North,PRD-910,Furniture,LumbarComfort Mesh Chair,1,220.0,0.1,198.0,133.0,ExpressLogistics,1,On-Time,0,0
ORD-14075,2024-06-10,CUST-1448,Consumer,North,PRD-506,Electronics,SoundPulse Wireless Headphone,2,150.0,0.0,300.0,200.0,StandardMail,1,On-Time,0,0
ORD-14076,2024-06-10,CUST-1416,Corporate,North,PRD-156,Electronics,Apex Gaming Laptop,1,1200.0,0.1,1080.0,780.0,ApexGlobal,2,On-Time,0,0
ORD-14077,2024-06-10,CUST-1152,Corporate,North,PRD-080,Office Supplies,Gel Ink Pen Multi-Pack,1,18.0,0.15,15.3,9.3,StandardMail,1,On-Time,0,0
ORD-14078,2024-06-10,CUST-1437,Consumer,North,PRD-787,Furniture,ErgoPro Executive Desk,2,450.0,0.0,900.0,660.0,StandardMail,1,On-Time,0,0
ORD-14079,2024-06-10,CUST-1106,Corporate,South,PRD-925,Office Supplies,Premium Recycled Paper (Box),1,45.0,0.15,38.25,24.25,ApexGlobal,1,On-Time,0,0
ORD-14080,2024-06-10,CUST-1052,Consumer,South,PRD-156,Electronics,Apex Gaming Laptop,1,1200.0,0.15,1020.0,720.0,ApexGlobal,0,On-Time,0,0
ORD-14081,2024-06-10,CUST-1394,Corporate,South,PRD-156,Electronics,Apex Gaming Laptop,2,1200.0,0.05,2280.0,1680.0,ApexGlobal,1,On-Time,0,0
ORD-14082,2024-06-10,CUST-1302,Consumer,South,PRD-904,Furniture,Nordic Solid Oak Bookshelf,3,310.0,0.1,837.0,582.0,ExpressLogistics,1,On-Time,0,0
ORD-14083,2024-06-10,CUST-1046,Corporate,South,PRD-080,Office Supplies,Gel Ink Pen Multi-Pack,1,18.0,0.1,16.2,10.2,StandardMail,1,On-Time,0,0
ORD-14084,2024-06-10,CUST-1026,Consumer,South,PRD-080,Office Supplies,Gel Ink Pen Multi-Pack,1,18.0,0.0,18.0,12.0,ApexGlobal,1,On-Time,0,0
ORD-14085,2024-06-10,CUST-1186,Small Business,South,PRD-025,Electronics,SmartSync Fitness Tracker,2,90.0,0.15,153.0,83.0,SwiftFreight,2,On-Time,0,0
ORD-14086,2024-06-10,CUST-1326,Corporate,East,PRD-367,Office Supplies,HeavyDuty Metal Stapler,3,25.0,0.15,63.75,33.75,StandardMail,0,On-Time,0,0
ORD-14087,2024-06-10,CUST-1262,Consumer,East,PRD-904,Furniture,Nordic Solid Oak Bookshelf,2,310.0,0.15,527.0,357.0,ExpressLogistics,1,On-Time,0,0
ORD-14088,2024-06-10,CUST-1301,Small Business,East,PRD-025,Electronics,SmartSync Fitness Tracker,2,90.0,0.0,180.0,110.0,StandardMail,1,On-Time,0,0
ORD-14089,2024-06-10,CUST-1101,Small Business,East,PRD-080,Office Supplies,Gel Ink Pen Multi-Pack,2,18.0,0.15,30.6,18.6,ExpressLogistics,1,On-Time,0,0
ORD-14090,2024-06-10,CUST-1289,Corporate,East,PRD-044,Electronics,UltraVision 4K Monitor,3,400.0,0.15,0.0,-66.0,SwiftFreight,1,Cancelled,0,1
ORD-14091,2024-06-10,CUST-1414,Corporate,East,PRD-787,Furniture,ErgoPro Executive Desk,1,450.0,0.15,382.5,262.5,StandardMail,1,On-Time,0,0
ORD-14092,2024-06-10,CUST-1371,Consumer,West,PRD-080,Office Supplies,Gel Ink Pen Multi-Pack,2,18.0,0.05,34.2,22.2,SwiftFreight,1,On-Time,0,0
ORD-14093,2024-06-10,CUST-1485,Consumer,West,PRD-506,Electronics,SoundPulse Wireless Headphone,1,150.0,0.15,127.5,77.5,ApexGlobal,0,On-Time,0,0
ORD-14094,2024-06-10,CUST-1162,Corporate,West,PRD-080,Office Supplies,Gel Ink Pen Multi-Pack,1,18.0,0.05,17.1,11.1,StandardMail,1,On-Time,0,0
ORD-14095,2024-06-10,CUST-1126,Consumer,West,PRD-787,Furniture,ErgoPro Executive Desk,3,450.0,0.0,1350.0,990.0,ApexGlobal,0,On-Time,0,0
ORD-14096,2024-06-10,CUST-1073,Consumer,West,PRD-025,Electronics,SmartSync Fitness Tracker,1,90.0,0.1,81.0,46.0,ApexGlobal,1,On-Time,0,0
ORD-14097,2024-06-10,CUST-1396,Small Business,West,PRD-787,Furniture,ErgoPro Executive Desk,1,450.0,0.15,382.5,262.5,StandardMail,2,On-Time,0,0
ORD-14098,2024-06-10,CUST-1491,Corporate,West,PRD-904,Furniture,Nordic Solid Oak Bookshelf,1,310.0,0.0,310.0,225.0,SwiftFreight,1,On-Time,0,0
ORD-14099,2024-06-10,CUST-1447,Corporate,West,PRD-910,Furniture,LumbarComfort Mesh Chair,3,220.0,0.05,627.0,432.0,ExpressLogistics,2,On-Time,0,0
ORD-14100,2024-06-11,CUST-1416,Consumer,North,PRD-080,Office Supplies,Gel Ink Pen Multi-Pack,1,18.0,0.05,17.1,11.1,ApexGlobal,1,On-Time,0,0
ORD-14101,2024-06-11,CUST-1474,Consumer,North,PRD-080,Office Supplies,Gel Ink Pen Multi-Pack,3,18.0,0.15,45.9,27.9,SwiftFreight,0,On-Time,0,0
ORD-14102,2024-06-11,CUST-1235,Corporate,North,PRD-787,Furniture,ErgoPro Executive Desk,2,450.0,0.05,855.0,615.0,SwiftFreight,2,On-Time,0,0
ORD-14103,2024-06-11,CUST-1112,Small Business,North,PRD-910,Furniture,LumbarComfort Mesh Chair,1,220.0,0.0,220.0,155.0,StandardMail,1,On-Time,1,0
ORD-14104,2024-06-11,CUST-1195,Consumer,North,PRD-925,Office Supplies,Premium Recycled Paper (Box),2,45.0,0.1,81.0,53.0,ApexGlobal,2,On-Time,0,0
ORD-14105,2024-06-11,CUST-1424,Consumer,North,PRD-044,Electronics,UltraVision 4K Monitor,2,400.0,0.1,720.0,500.0,ApexGlobal,0,On-Time,0,0
ORD-14106,2024-06-11,CUST-1072,Corporate,North,PRD-044,Electronics,UltraVision 4K Monitor,1,400.0,0.15,340.0,230.0,SwiftFreight,1,On-Time,0,0
ORD-14107,2024-06-11,CUST-1203,Consumer,South,PRD-367,Office Supplies,HeavyDuty Metal Stapler,2,25.0,0.05,47.5,27.5,ApexGlobal,1,On-Time,0,0
ORD-14108,2024-06-11,CUST-1134,Corporate,South,PRD-156,Electronics,Apex Gaming Laptop,1,1200.0,0.0,1200.0,900.0,ExpressLogistics,2,On-Time,0,0
ORD-14109,2024-06-11,CUST-1099,Small Business,South,PRD-787,Furniture,ErgoPro Executive Desk,1,450.0,0.1,405.0,285.0,StandardMail,0,On-Time,0,0
ORD-14110,2024-06-11,CUST-1009,Corporate,South,PRD-025,Electronics,SmartSync Fitness Tracker,2,90.0,0.05,171.0,101.0,SwiftFreight,2,On-Time,0,0
ORD-14111,2024-06-11,CUST-1028,Consumer,South,PRD-910,Furniture,LumbarComfort Mesh Chair,2,220.0,0.05,418.0,288.0,SwiftFreight,0,On-Time,0,0
ORD-14112,2024-06-11,CUST-1341,Small Business,East,PRD-925,Office Supplies,Premium Recycled Paper (Box),1,45.0,0.1,40.5,26.5,ExpressLogistics,1,On-Time,0,0
ORD-14113,2024-06-11,CUST-1016,Consumer,East,PRD-025,Electronics,SmartSync Fitness Tracker,2,90.0,0.05,171.0,101.0,SwiftFreight,1,On-Time,0,0
ORD-14114,2024-06-11,CUST-1486,Small Business,East,PRD-904,Furniture,Nordic Solid Oak Bookshelf,2,310.0,0.15,527.0,357.0,SwiftFreight,1,On-Time,0,0
ORD-14115,2024-06-11,CUST-1168,Consumer,East,PRD-025,Electronics,SmartSync Fitness Tracker,1,90.0,0.0,90.0,55.0,StandardMail,1,On-Time,0,0
ORD-14116,2024-06-11,CUST-1056,Small Business,East,PRD-787,Furniture,ErgoPro Executive Desk,3,450.0,0.15,1147.5,787.5,ExpressLogistics,1,On-Time,0,0
ORD-14117,2024-06-11,CUST-1380,Consumer,East,PRD-904,Furniture,Nordic Solid Oak Bookshelf,1,310.0,0.0,310.0,225.0,ExpressLogistics,1,On-Time,0,0
ORD-14118,2024-06-11,CUST-1283,,East,PRD-925,Office Supplies,Premium Recycled Paper (Box),2,45.0,0.0,90.0,62.0,SwiftFreight,1,On-Time,0,0
ORD-14119,2024-06-11,CUST-1423,Corporate,West,PRD-156,Electronics,Apex Gaming Laptop,3,1200.0,0.1,3240.0,2340.0,SwiftFreight,1,On-Time,0,0
ORD-14120,2024-06-11,CUST-1320,Corporate,West,PRD-156,Electronics,Apex Gaming Laptop,3,1200.0,0.1,3240.0,2340.0,SwiftFreight,0,On-Time,0,0
ORD-14121,2024-06-11,CUST-1491,Corporate,West,PRD-506,Electronics,SoundPulse Wireless Headphone,3,150.0,0.05,427.5,277.5,ExpressLogistics,1,On-Time,0,0
ORD-14122,2024-06-11,CUST-1178,Consumer,West,PRD-787,Furniture,ErgoPro Executive Desk,75,450.0,0.15,1147.5,787.5,ApexGlobal,1,On-Time,0,0
ORD-14123,2024-06-11,CUST-1376,Small Business,West,PRD-156,Electronics,Apex Gaming Laptop,1,1200.0,0.15,1020.0,720.0,ApexGlobal,1,On-Time,0,0
ORD-14124,2024-06-11,CUST-1086,Small Business,West,PRD-367,Office Supplies,HeavyDuty Metal Stapler,1,25.0,0.1,22.5,12.5,ApexGlobal,2,On-Time,0,0
ORD-14125,2024-06-11,CUST-1355,Small Business,West,PRD-787,Furniture,ErgoPro Executive Desk,3,450.0,0.05,1282.5,922.5,StandardMail,1,On-Time,0,0
ORD-14126,2024-06-11,CUST-1351,Corporate,West,PRD-080,Office Supplies,Gel Ink Pen Multi-Pack,2,18.0,0.05,34.2,22.2,StandardMail,1,On-Time,0,0
ORD-14127,2024-06-12,CUST-1428,Corporate,North,PRD-044,Electronics,UltraVision 4K Monitor,2,400.0,0.1,720.0,500.0,StandardMail,1,On-Time,0,0
ORD-14128,2024-06-12,CUST-1263,Consumer,North,PRD-904,Furniture,Nordic Solid Oak Bookshelf,3,310.0,0.0,930.0,675.0,SwiftFreight,1,On-Time,0,0
ORD-14129,2024-06-12,CUST-1185,Corporate,North,PRD-044,Electronics,UltraVision 4K Monitor,1,400.0,0.0,400.0,290.0,SwiftFreight,0,On-Time,0,0
ORD-14130,2024-06-12,CUST-1461,Small Business,North,PRD-156,Electronics,Apex Gaming Laptop,2,1200.0,0.1,2160.0,1560.0,ApexGlobal,0,On-Time,0,0
ORD-14131,2024-06-12,CUST-1355,Consumer,North,PRD-044,Electronics,UltraVision 4K Monitor,3,400.0,0.15,1020.0,690.0,SwiftFreight,2,On-Time,0,0
ORD-14132,2024-06-12,CUST-1064,,North,PRD-156,Electronics,Apex Gaming Laptop,2,1200.0,0.15,2040.0,1440.0,ApexGlobal,0,On-Time,0,0
ORD-14133,2024-06-12,CUST-1262,Consumer,North,PRD-925,Office Supplies,Premium Recycled Paper (Box),2,45.0,0.15,76.5,48.5,ApexGlobal,1,On-Time,0,0
ORD-14134,2024-06-12,CUST-1161,Small Business,South,PRD-044,Electronics,UltraVision 4K Monitor,3,400.0,0.05,1140.0,810.0,StandardMail,2,On-Time,1,0
ORD-14135,2024-06-12,CUST-1180,Small Business,South,PRD-025,Electronics,SmartSync Fitness Tracker,3,90.0,0.1,243.0,138.0,StandardMail,1,On-Time,0,0
ORD-14136,2024-06-12,CUST-1142,Consumer,South,PRD-925,Office Supplies,Premium Recycled Paper (Box),1,45.0,0.15,38.25,24.25,SwiftFreight,1,On-Time,0,0
ORD-14137,2024-06-12,CUST-1076,Small Business,South,PRD-367,Office Supplies,HeavyDuty Metal Stapler,3,25.0,0.1,67.5,37.5,ApexGlobal,2,On-Time,0,0
ORD-14138,2024-06-12,CUST-1499,Small Business,South,PRD-367,Office Supplies,HeavyDuty Metal Stapler,2,25.0,0.1,45.0,25.0,SwiftFreight,2,On-Time,0,0
ORD-14139,2024-06-12,CUST-1015,Corporate,South,PRD-025,Electronics,SmartSync Fitness Tracker,3,90.0,0.1,243.0,138.0,StandardMail,1,On-Time,0,0
ORD-14140,2024-06-12,CUST-1317,Consumer,South,PRD-367,Office Supplies,HeavyDuty Metal Stapler,3,25.0,0.1,67.5,37.5,ApexGlobal,0,On-Time,1,0
ORD-14141,2024-06-12,CUST-1108,Consumer,East,PRD-910,Furniture,LumbarComfort Mesh Chair,2,220.0,0.1,396.0,266.0,ExpressLogistics,0,On-Time,0,0
ORD-14142,2024-06-12,CUST-1137,Corporate,East,PRD-910,Furniture,LumbarComfort Mesh Chair,3,220.0,0.1,594.0,399.0,ApexGlobal,2,On-Time,1,0
ORD-14143,2024-06-12,CUST-1060,Consumer,East,PRD-910,Furniture,LumbarComfort Mesh Chair,2,220.0,0.05,418.0,288.0,SwiftFreight,2,On-Time,0,0
ORD-14144,2024-06-12,CUST-1110,Small Business,East,PRD-156,Electronics,Apex Gaming Laptop,2,1200.0,0.0,2400.0,1800.0,ApexGlobal,1,On-Time,0,0
ORD-14145,2024-06-12,CUST-1025,Corporate,East,PRD-156,Electronics,Apex Gaming Laptop,1,1200.0,0.15,1020.0,720.0,ApexGlobal,0,On-Time,0,0
ORD-14146,2024-06-12,CUST-1374,Small Business,East,PRD-156,Electronics,Apex Gaming Laptop,2,1200.0,0.05,2280.0,1680.0,ExpressLogistics,1,On-Time,0,0
ORD-14147,2024-06-12,CUST-1444,Consumer,West,PRD-025,Electronics,SmartSync Fitness Tracker,1,90.0,0.15,76.5,41.5,ExpressLogistics,2,On-Time,0,0
ORD-14148,2024-06-12,CUST-1159,Small Business,West,PRD-367,Office Supplies,HeavyDuty Metal Stapler,2,25.0,0.05,47.5,27.5,ApexGlobal,0,On-Time,0,0
ORD-14149,2024-06-12,CUST-1201,Corporate,West,PRD-925,Office Supplies,Premium Recycled Paper (Box),1,45.0,0.15,38.25,24.25,ExpressLogistics,1,On-Time,0,0
ORD-14150,2024-06-12,CUST-1158,Small Business,West,PRD-367,Office Supplies,HeavyDuty Metal Stapler,2,25.0,0.05,47.5,27.5,ExpressLogistics,1,On-Time,0,0
ORD-14151,2024-06-12,CUST-1075,Corporate,West,PRD-080,Office Supplies,Gel Ink Pen Multi-Pack,2,18.0,0.1,32.4,20.4,SwiftFreight,1,On-Time,0,0
ORD-14152,2024-06-12,CUST-1460,Corporate,West,PRD-904,Furniture,Nordic Solid Oak Bookshelf,3,310.0,0.0,930.0,675.0,SwiftFreight,1,On-Time,0,0
ORD-14153,2024-06-13,CUST-1431,Consumer,North,PRD-506,Electronics,SoundPulse Wireless Headphone,3,150.0,0.05,427.5,277.5,StandardMail,2,On-Time,0,0
ORD-14154,2024-06-13,CUST-1460,,North,PRD-925,Office Supplies,Premium Recycled Paper (Box),3,45.0,0.0,135.0,93.0,ExpressLogistics,1,On-Time,0,0
ORD-14155,2024-06-13,CUST-1186,Consumer,North,PRD-904,Furniture,Nordic Solid Oak Bookshelf,3,310.0,0.0,930.0,675.0,ExpressLogistics,1,On-Time,0,0
ORD-14156,2024-06-13,CUST-1001,Corporate,North,PRD-044,Electronics,UltraVision 4K Monitor,2,400.0,0.05,760.0,540.0,SwiftFreight,1,On-Time,0,0
ORD-14157,2024-06-13,CUST-1168,Corporate,North,PRD-080,Office Supplies,Gel Ink Pen Multi-Pack,1,18.0,0.1,16.2,10.2,StandardMail,0,On-Time,0,0
ORD-14158,2024-06-13,CUST-1366,Small Business,North,PRD-925,Office Supplies,Premium Recycled Paper (Box),3,45.0,0.0,135.0,93.0,StandardMail,1,On-Time,0,0
ORD-14159,2024-06-13,CUST-1015,Corporate,North,PRD-025,Electronics,SmartSync Fitness Tracker,1,90.0,0.0,90.0,55.0,StandardMail,0,On-Time,0,0
ORD-14160,2024-06-13,CUST-1331,Small Business,South,PRD-506,Electronics,SoundPulse Wireless Headphone,1,150.0,0.15,127.5,77.5,ExpressLogistics,2,On-Time,0,0
ORD-14161,2024-06-13,CUST-1121,Corporate,South,PRD-080,Office Supplies,Gel Ink Pen Multi-Pack,2,18.0,0.1,32.4,20.4,ExpressLogistics,0,On-Time,0,0
ORD-14162,2024-06-13,CUST-1342,Consumer,South,PRD-367,Office Supplies,HeavyDuty Metal Stapler,3,25.0,0.0,75.0,45.0,ExpressLogistics,0,On-Time,0,0
ORD-14163,2024-06-13,CUST-1179,Corporate,South,PRD-904,Furniture,Nordic Solid Oak Bookshelf,2,310.0,0.05,589.0,419.0,ApexGlobal,1,On-Time,0,0
ORD-14164,2024-06-13,CUST-1206,Small Business,South,PRD-506,Electronics,SoundPulse Wireless Headphone,3,150.0,0.0,450.0,300.0,ExpressLogistics,2,On-Time,0,0
ORD-14165,2024-06-13,CUST-1309,Corporate,South,PRD-787,Furniture,ErgoPro Executive Desk,2,450.0,0.0,900.0,660.0,SwiftFreight,0,On-Time,0,0
ORD-14166,2024-06-13,CUST-1156,Corporate,South,PRD-044,Electronics,UltraVision 4K Monitor,3,400.0,0.0,1200.0,870.0,ExpressLogistics,2,On-Time,0,0
ORD-14167,2024-06-13,CUST-1248,Small Business,East,PRD-904,Furniture,Nordic Solid Oak Bookshelf,2,310.0,0.0,620.0,450.0,SwiftFreight,0,On-Time,0,0
ORD-14168,2024-06-13,CUST-1146,Small Business,East,PRD-904,Furniture,Nordic Solid Oak Bookshelf,2,310.0,0.05,589.0,419.0,ApexGlobal,1,On-Time,0,0
ORD-14169,2024-06-13,CUST-1037,Corporate,East,PRD-044,Electronics,UltraVision 4K Monitor,3,400.0,0.1,1080.0,750.0,SwiftFreight,1,On-Time,0,0
ORD-14170,2024-06-13,CUST-1079,Consumer,East,PRD-910,Furniture,LumbarComfort Mesh Chair,1,220.0,0.0,220.0,155.0,,0,On-Time,0,0
ORD-14171,2024-06-13,CUST-1000,Consumer,East,PRD-910,Furniture,LumbarComfort Mesh Chair,3,220.0,0.0,660.0,465.0,ExpressLogistics,1,On-Time,0,0
ORD-14172,2024-06-13,CUST-1098,Corporate,East,PRD-925,Office Supplies,Premium Recycled Paper (Box),3,45.0,0.0,135.0,93.0,ExpressLogistics,2,On-Time,0,0
ORD-14173,2024-06-13,CUST-1003,Small Business,West,PRD-904,Furniture,Nordic Solid Oak Bookshelf,1,310.0,0.15,263.5,178.5,StandardMail,1,On-Time,0,0
ORD-14174,2024-06-13,CUST-1011,Corporate,West,PRD-506,Electronics,SoundPulse Wireless Headphone,3,150.0,0.15,382.5,232.5,ApexGlobal,1,On-Time,0,0
ORD-14175,2024-06-13,CUST-1413,Small Business,West,PRD-367,Office Supplies,HeavyDuty Metal Stapler,2,25.0,0.05,47.5,27.5,SwiftFreight,1,On-Time,0,0
ORD-14176,2024-06-13,CUST-1452,Small Business,West,PRD-910,Furniture,LumbarComfort Mesh Chair,2,220.0,0.1,396.0,266.0,SwiftFreight,2,On-Time,0,0
ORD-14177,2024-06-13,CUST-1374,Consumer,West,PRD-025,Electronics,SmartSync Fitness Tracker,2,90.0,0.15,153.0,83.0,StandardMail,0,On-Time,0,0
ORD-14178,2024-06-13,CUST-1478,Corporate,West,PRD-044,Electronics,UltraVision 4K Monitor,1,400.0,0.1,360.0,250.0,ExpressLogistics,1,On-Time,0,0
ORD-14179,2024-06-13,CUST-1124,Consumer,West,PRD-044,Electronics,UltraVision 4K Monitor,3,400.0,0.0,1200.0,870.0,ExpressLogistics,2,On-Time,0,0
ORD-14180,2024-06-14,CUST-1325,Corporate,North,PRD-025,Electronics,SmartSync Fitness Tracker,3,90.0,0.1,243.0,138.0,ApexGlobal,1,On-Time,0,0
ORD-14181,2024-06-14,CUST-1361,Consumer,North,PRD-787,Furniture,ErgoPro Executive Desk,1,450.0,0.1,405.0,285.0,ExpressLogistics,1,On-Time,0,0
ORD-14182,2024-06-14,CUST-1478,Corporate,North,PRD-925,Office Supplies,Premium Recycled Paper (Box),1,45.0,0.05,42.75,28.75,ExpressLogistics,1,On-Time,0,0
ORD-14183,2024-06-14,CUST-1374,Small Business,North,PRD-506,Electronics,SoundPulse Wireless Headphone,1,150.0,0.05,142.5,92.5,SwiftFreight,1,On-Time,0,0
ORD-14184,2024-06-14,CUST-1072,Corporate,North,PRD-787,Furniture,ErgoPro Executive Desk,3,450.0,0.0,1350.0,990.0,ExpressLogistics,0,On-Time,0,0
ORD-14185,2024-06-14,CUST-1447,Small Business,North,PRD-156,Electronics,Apex Gaming Laptop,1,1200.0,0.15,1020.0,720.0,ExpressLogistics,1,On-Time,0,0
ORD-14186,2024-06-14,CUST-1272,Corporate,North,PRD-156,Electronics,Apex Gaming Laptop,2,1200.0,0.15,2040.0,1440.0,,1,On-Time,0,0
ORD-14187,2024-06-14,CUST-1193,Consumer,North,PRD-506,Electronics,SoundPulse Wireless Headphone,1,150.0,0.0,150.0,100.0,ExpressLogistics,0,On-Time,0,0
ORD-14188,2024-06-14,CUST-1309,Corporate,South,PRD-910,Furniture,LumbarComfort Mesh Chair,3,220.0,0.05,627.0,432.0,SwiftFreight,2,On-Time,0,0
ORD-14189,2024-06-14,CUST-1422,Small Business,South,PRD-044,Electronics,UltraVision 4K Monitor,3,400.0,0.1,1080.0,750.0,StandardMail,1,On-Time,0,0
ORD-14190,2024-06-14,CUST-1284,Corporate,South,PRD-080,Office Supplies,Gel Ink Pen Multi-Pack,3,18.0,0.15,45.9,27.9,ApexGlobal,2,On-Time,0,0
ORD-14191,2024-06-14,CUST-1031,Small Business,South,PRD-156,Electronics,Apex Gaming Laptop,2,1200.0,0.05,2280.0,1680.0,StandardMail,2,On-Time,0,0
ORD-14192,2024-06-14,CUST-1447,Corporate,South,PRD-025,Electronics,SmartSync Fitness Tracker,3,90.0,0.0,270.0,165.0,SwiftFreight,2,On-Time,0,0
ORD-14193,2024-06-14,CUST-1185,Consumer,South,PRD-904,Furniture,Nordic Solid Oak Bookshelf,1,310.0,0.05,294.5,209.5,ExpressLogistics,3,Normal,0,0
ORD-14194,2024-06-14,CUST-1324,Small Business,South,PRD-025,Electronics,SmartSync Fitness Tracker,3,90.0,0.1,243.0,138.0,ApexGlobal,1,On-Time,0,0
ORD-14195,2024-06-14,CUST-1399,Small Business,East,PRD-156,Electronics,Apex Gaming Laptop,1,1200.0,0.1,1080.0,780.0,StandardMail,1,On-Time,0,0
ORD-14196,2024-06-14,CUST-1065,,East,PRD-506,Electronics,SoundPulse Wireless Headphone,1,150.0,0.0,150.0,100.0,StandardMail,2,On-Time,1,0
ORD-14197,2024-06-14,CUST-1099,Consumer,East,PRD-044,Electronics,UltraVision 4K Monitor,3,400.0,0.05,1140.0,810.0,SwiftFreight,1,On-Time,0,0
ORD-14198,2024-06-14,CUST-1418,Small Business,East,PRD-367,Office Supplies,HeavyDuty Metal Stapler,3,25.0,0.05,71.25,41.25,SwiftFreight,1,On-Time,0,0
ORD-14199,2024-06-14,CUST-1247,Corporate,East,PRD-367,Office Supplies,HeavyDuty Metal Stapler,1,25.0,0.0,25.0,15.0,SwiftFreight,0,On-Time,0,0
ORD-14200,2024-06-14,CUST-1037,Consumer,West,PRD-904,Furniture,Nordic Solid Oak Bookshelf,2,310.0,0.0,620.0,450.0,StandardMail,1,On-Time,0,0
ORD-14201,2024-06-14,CUST-1093,Small Business,West,PRD-044,Electronics,UltraVision 4K Monitor,1,400.0,0.0,400.0,290.0,StandardMail,1,On-Time,0,0
ORD-14202,2024-06-14,CUST-1394,Consumer,West,PRD-025,Electronics,SmartSync Fitness Tracker,1,90.0,0.05,85.5,50.5,ApexGlobal,1,On-Time,0,0
ORD-14203,2024-06-14,CUST-1134,Corporate,West,PRD-080,Office Supplies,Gel Ink Pen Multi-Pack,3,18.0,0.0,54.0,36.0,ApexGlobal,2,On-Time,0,0
ORD-14204,2024-06-14,CUST-1300,Small Business,West,PRD-925,Office Supplies,Premium Recycled Paper (Box),1,45.0,0.15,38.25,24.25,SwiftFreight,0,On-Time,0,0
ORD-14205,2024-06-14,CUST-1334,Small Business,West,PRD-367,Office Supplies,HeavyDuty Metal Stapler,1,25.0,0.15,21.25,11.25,ExpressLogistics,0,On-Time,0,0
ORD-14206,2024-06-14,CUST-1108,Small Business,West,PRD-044,Electronics,UltraVision 4K Monitor,2,400.0,0.05,760.0,540.0,StandardMail,2,On-Time,0,0
ORD-14207,2024-06-14,CUST-1154,Small Business,West,PRD-080,Office Supplies,Gel Ink Pen Multi-Pack,3,18.0,0.05,51.3,33.3,ExpressLogistics,1,On-Time,0,0
ORD-14208,2024-06-15,CUST-1183,Small Business,North,PRD-904,Furniture,Nordic Solid Oak Bookshelf,2,310.0,0.05,589.0,419.0,,1,On-Time,0,0
ORD-14209,2024-06-15,CUST-1027,Consumer,North,PRD-925,Office Supplies,Premium Recycled Paper (Box),3,45.0,0.1,121.5,79.5,ApexGlobal,2,On-Time,0,0
ORD-14210,2024-06-15,CUST-1106,Consumer,North,PRD-367,Office Supplies,HeavyDuty Metal Stapler,2,25.0,0.05,47.5,27.5,SwiftFreight,2,On-Time,0,0
ORD-14211,2024-06-15,CUST-1152,Small Business,North,PRD-787,Furniture,ErgoPro Executive Desk,2,450.0,0.0,900.0,660.0,ExpressLogistics,1,On-Time,1,0
ORD-14212,2024-06-15,CUST-1421,Consumer,North,PRD-367,Office Supplies,HeavyDuty Metal Stapler,2,25.0,0.1,45.0,25.0,SwiftFreight,1,On-Time,0,0
ORD-14213,2024-06-15,CUST-1126,Small Business,North,PRD-506,Electronics,SoundPulse Wireless Headphone,3,150.0,0.05,427.5,277.5,ExpressLogistics,1,On-Time,0,0
ORD-14214,2024-06-15,CUST-1349,Corporate,North,PRD-044,Electronics,UltraVision 4K Monitor,1,400.0,0.1,360.0,250.0,StandardMail,0,On-Time,0,0
ORD-14215,2024-06-15,CUST-1098,Corporate,South,PRD-367,Office Supplies,HeavyDuty Metal Stapler,1,25.0,0.05,23.75,13.75,ExpressLogistics,1,On-Time,0,0
ORD-14216,2024-06-15,CUST-1043,,South,PRD-910,Furniture,LumbarComfort Mesh Chair,1,220.0,0.05,209.0,144.0,ExpressLogistics,1,On-Time,0,0
ORD-14217,2024-06-15,CUST-1061,Small Business,South,PRD-156,Electronics,Apex Gaming Laptop,1,1200.0,0.05,1140.0,840.0,ExpressLogistics,1,On-Time,0,0
ORD-14218,2024-06-15,CUST-1198,Small Business,South,PRD-156,Electronics,Apex Gaming Laptop,1,1200.0,0.1,1080.0,780.0,SwiftFreight,0,On-Time,0,0
ORD-14219,2024-06-15,CUST-1305,Consumer,South,PRD-506,Electronics,SoundPulse Wireless Headphone,3,150.0,0.15,382.5,232.5,StandardMail,0,On-Time,0,0
ORD-14220,2024-06-15,CUST-1231,Corporate,South,PRD-156,Electronics,Apex Gaming Laptop,3,1200.0,0.05,3420.0,2520.0,ApexGlobal,1,On-Time,0,0
ORD-14221,2024-06-15,CUST-1319,Small Business,East,PRD-156,Electronics,Apex Gaming Laptop,1,1200.0,0.05,1140.0,840.0,ExpressLogistics,1,On-Time,0,0
ORD-14222,2024-06-15,CUST-1451,Corporate,East,PRD-787,Furniture,ErgoPro Executive Desk,1,450.0,0.15,382.5,262.5,ApexGlobal,0,On-Time,0,0
ORD-14223,2024-06-15,CUST-1001,Corporate,East,PRD-156,Electronics,Apex Gaming Laptop,3,1200.0,0.0,3600.0,2700.0,,2,On-Time,0,0
ORD-14224,2024-06-15,CUST-1164,Small Business,East,PRD-367,Office Supplies,HeavyDuty Metal Stapler,2,25.0,0.15,42.5,22.5,StandardMail,0,On-Time,0,0
ORD-14225,2024-06-15,CUST-1214,Corporate,East,PRD-910,Furniture,LumbarComfort Mesh Chair,1,220.0,0.0,220.0,155.0,SwiftFreight,1,On-Time,0,0
ORD-14226,2024-06-15,CUST-1057,Consumer,East,PRD-156,Electronics,Apex Gaming Laptop,1,1200.0,0.05,1140.0,840.0,ExpressLogistics,1,On-Time,0,0
ORD-14227,2024-06-15,CUST-1047,Corporate,East,PRD-080,Office Supplies,Gel Ink Pen Multi-Pack,2,18.0,0.0,36.0,24.0,StandardMail,0,On-Time,0,0
ORD-14228,2024-06-15,CUST-1323,Corporate,West,PRD-904,Furniture,Nordic Solid Oak Bookshelf,3,310.0,0.0,930.0,675.0,SwiftFreight,1,On-Time,0,0
ORD-14229,2024-06-15,CUST-1390,Small Business,West,PRD-080,Office Supplies,Gel Ink Pen Multi-Pack,3,18.0,0.05,51.3,33.3,ExpressLogistics,0,On-Time,0,0
ORD-14230,2024-06-15,CUST-1112,Consumer,West,PRD-787,Furniture,ErgoPro Executive Desk,1,450.0,0.1,405.0,285.0,ExpressLogistics,1,On-Time,0,0
ORD-14231,2024-06-15,CUST-1396,Small Business,West,PRD-910,Furniture,LumbarComfort Mesh Chair,3,220.0,0.05,627.0,432.0,SwiftFreight,0,On-Time,0,0
ORD-14232,2024-06-15,CUST-1468,Small Business,West,PRD-506,Electronics,SoundPulse Wireless Headphone,2,150.0,0.0,300.0,200.0,StandardMail,1,On-Time,0,0
ORD-14233,2024-06-16,CUST-1391,Corporate,North,PRD-156,Electronics,Apex Gaming Laptop,1,1200.0,0.1,1080.0,780.0,StandardMail,1,On-Time,0,0
ORD-14234,2024-06-16,CUST-1199,Small Business,North,PRD-910,Furniture,LumbarComfort Mesh Chair,3,220.0,0.15,561.0,366.0,StandardMail,1,On-Time,0,0
ORD-14235,2024-06-16,CUST-1291,Consumer,North,PRD-787,Furniture,ErgoPro Executive Desk,2,450.0,0.15,765.0,525.0,,1,On-Time,0,0
ORD-14236,2024-06-16,CUST-1491,Consumer,North,PRD-080,Office Supplies,Gel Ink Pen Multi-Pack,2,18.0,0.15,30.6,18.6,ApexGlobal,1,On-Time,0,0
ORD-14237,2024-06-16,CUST-1127,Corporate,North,PRD-044,Electronics,UltraVision 4K Monitor,1,400.0,0.1,360.0,250.0,ApexGlobal,1,On-Time,0,0
ORD-14238,2024-06-16,CUST-1087,Corporate,South,PRD-367,Office Supplies,HeavyDuty Metal Stapler,1,25.0,0.15,21.25,11.25,StandardMail,2,On-Time,0,0
ORD-14239,2024-06-16,CUST-1474,Corporate,South,PRD-044,Electronics,UltraVision 4K Monitor,3,400.0,0.05,1140.0,810.0,SwiftFreight,1,On-Time,0,0
ORD-14240,2024-06-16,CUST-1044,Small Business,South,PRD-910,Furniture,LumbarComfort Mesh Chair,1,220.0,0.0,220.0,155.0,ApexGlobal,1,On-Time,0,0
ORD-14241,2024-06-16,CUST-1344,Small Business,South,PRD-925,Office Supplies,Premium Recycled Paper (Box),3,45.0,0.05,128.25,86.25,StandardMail,1,On-Time,0,0
ORD-14242,2024-06-16,CUST-1352,Consumer,South,PRD-506,Electronics,SoundPulse Wireless Headphone,2,150.0,0.15,255.0,155.0,SwiftFreight,2,On-Time,0,0
ORD-14243,2024-06-16,CUST-1322,Corporate,South,PRD-156,Electronics,Apex Gaming Laptop,3,1200.0,0.1,3240.0,2340.0,SwiftFreight,1,On-Time,0,0
ORD-14244,2024-06-16,CUST-1133,Corporate,South,PRD-025,Electronics,SmartSync Fitness Tracker,2,90.0,0.05,171.0,101.0,ApexGlobal,1,On-Time,1,0
ORD-14245,2024-06-16,CUST-1476,Small Business,South,PRD-080,Office Supplies,Gel Ink Pen Multi-Pack,3,18.0,0.1,48.6,30.6,ApexGlobal,0,On-Time,0,0
ORD-14246,2024-06-16,CUST-1168,Small Business,East,PRD-156,Electronics,Apex Gaming Laptop,3,1200.0,0.0,3600.0,2700.0,StandardMail,1,On-Time,0,0
ORD-14247,2024-06-16,CUST-1151,Small Business,East,PRD-080,Office Supplies,Gel Ink Pen Multi-Pack,2,18.0,0.0,36.0,24.0,StandardMail,0,On-Time,0,0
ORD-14248,2024-06-16,CUST-1351,Consumer,East,PRD-367,Office Supplies,HeavyDuty Metal Stapler,2,25.0,0.1,45.0,25.0,ExpressLogistics,2,On-Time,0,0
ORD-14249,2024-06-16,CUST-1141,Small Business,East,PRD-080,Office Supplies,Gel Ink Pen Multi-Pack,1,18.0,0.15,15.3,9.3,ApexGlobal,2,On-Time,0,0
ORD-14250,2024-06-16,CUST-1305,,East,PRD-044,Electronics,UltraVision 4K Monitor,1,400.0,0.05,380.0,270.0,,2,On-Time,0,0
ORD-14251,2024-06-16,CUST-1168,Small Business,East,PRD-910,Furniture,LumbarComfort Mesh Chair,3,220.0,0.05,627.0,432.0,ApexGlobal,1,On-Time,0,0
ORD-14252,2024-06-16,CUST-1409,Small Business,West,PRD-044,Electronics,UltraVision 4K Monitor,3,400.0,0.05,1140.0,810.0,SwiftFreight,2,On-Time,0,0
ORD-14253,2024-06-16,CUST-1367,Consumer,West,PRD-787,Furniture,ErgoPro Executive Desk,3,450.0,0.0,1350.0,990.0,SwiftFreight,2,On-Time,0,0
ORD-14254,2024-06-16,CUST-1337,Consumer,West,PRD-044,Electronics,UltraVision 4K Monitor,2,400.0,0.15,680.0,460.0,StandardMail,0,On-Time,0,0
ORD-14255,2024-06-16,CUST-1399,Consumer,West,PRD-904,Furniture,Nordic Solid Oak Bookshelf,1,310.0,0.1,279.0,194.0,ApexGlobal,2,On-Time,0,0
ORD-14256,2024-06-16,CUST-1031,Corporate,West,PRD-925,Office Supplies,Premium Recycled Paper (Box),2,45.0,0.1,81.0,53.0,StandardMail,0,On-Time,0,0
ORD-14257,2024-06-17,CUST-1345,Corporate,North,PRD-910,Furniture,LumbarComfort Mesh Chair,3,220.0,0.1,594.0,399.0,ApexGlobal,1,On-Time,0,0
ORD-14258,2024-06-17,CUST-1493,Consumer,North,PRD-787,Furniture,ErgoPro Executive Desk,1,450.0,0.15,382.5,262.5,ApexGlobal,1,On-Time,0,0
ORD-14259,2024-06-17,CUST-1069,Small Business,North,PRD-910,Furniture,LumbarComfort Mesh Chair,3,220.0,0.15,561.0,366.0,StandardMail,0,On-Time,1,0
ORD-14260,2024-06-17,CUST-1009,Small Business,North,PRD-080,Office Supplies,Gel Ink Pen Multi-Pack,3,18.0,0.15,45.9,27.9,ExpressLogistics,1,On-Time,0,0
ORD-14261,2024-06-17,CUST-1225,Corporate,North,PRD-044,Electronics,UltraVision 4K Monitor,2,400.0,0.05,760.0,540.0,ExpressLogistics,1,On-Time,0,0
ORD-14262,2024-06-17,CUST-1192,Consumer,North,PRD-910,Furniture,LumbarComfort Mesh Chair,1,220.0,0.1,198.0,133.0,ExpressLogistics,1,On-Time,1,0
ORD-14263,2024-06-17,CUST-1342,Small Business,North,PRD-367,Office Supplies,HeavyDuty Metal Stapler,2,25.0,0.1,45.0,25.0,ApexGlobal,3,Normal,0,0
ORD-14264,2024-06-17,CUST-1312,Small Business,North,PRD-044,Electronics,UltraVision 4K Monitor,3,400.0,0.05,1140.0,810.0,StandardMail,1,On-Time,0,0
ORD-14265,2024-06-17,CUST-1282,Small Business,South,PRD-044,Electronics,UltraVision 4K Monitor,3,400.0,0.1,1080.0,750.0,StandardMail,1,On-Time,0,0
ORD-14266,2024-06-17,CUST-1499,Corporate,South,PRD-910,Furniture,LumbarComfort Mesh Chair,3,220.0,0.05,627.0,432.0,ExpressLogistics,2,On-Time,0,0
ORD-14267,2024-06-17,CUST-1263,Consumer,South,PRD-025,Electronics,SmartSync Fitness Tracker,3,90.0,0.1,243.0,138.0,SwiftFreight,0,On-Time,0,0
ORD-14268,2024-06-17,CUST-1132,Consumer,South,PRD-904,Furniture,Nordic Solid Oak Bookshelf,3,310.0,0.0,930.0,675.0,ApexGlobal,1,On-Time,0,0
ORD-14269,2024-06-17,CUST-1206,Consumer,South,PRD-787,Furniture,ErgoPro Executive Desk,3,450.0,0.1,1215.0,855.0,ExpressLogistics,1,On-Time,0,0
ORD-14270,2024-06-17,CUST-1072,Small Business,South,PRD-904,Furniture,Nordic Solid Oak Bookshelf,2,310.0,0.05,589.0,419.0,SwiftFreight,1,On-Time,0,0
ORD-14271,2024-06-17,CUST-1472,Consumer,South,PRD-787,Furniture,ErgoPro Executive Desk,1,450.0,0.1,405.0,285.0,ApexGlobal,1,On-Time,0,0
ORD-14272,2024-06-17,CUST-1243,Corporate,East,PRD-156,Electronics,Apex Gaming Laptop,1,1200.0,0.15,1020.0,720.0,StandardMail,1,On-Time,0,0
ORD-14273,2024-06-17,CUST-1418,Consumer,East,PRD-925,Office Supplies,Premium Recycled Paper (Box),2,45.0,0.05,85.5,57.5,ExpressLogistics,2,On-Time,0,0
ORD-14274,2024-06-17,CUST-1481,Small Business,East,PRD-156,Electronics,Apex Gaming Laptop,1,1200.0,0.0,1200.0,900.0,StandardMail,1,On-Time,0,0
ORD-14275,2024-06-17,CUST-1212,,East,PRD-787,Furniture,ErgoPro Executive Desk,3,450.0,0.05,1282.5,922.5,ExpressLogistics,0,On-Time,0,0
ORD-14276,2024-06-17,CUST-1340,Consumer,East,PRD-904,Furniture,Nordic Solid Oak Bookshelf,3,310.0,0.15,790.5,535.5,ExpressLogistics,2,On-Time,0,0
ORD-14277,2024-06-17,CUST-1357,Small Business,West,PRD-910,Furniture,LumbarComfort Mesh Chair,2,220.0,0.05,418.0,288.0,SwiftFreight,2,On-Time,0,0
ORD-14278,2024-06-17,CUST-1378,Corporate,West,PRD-925,Office Supplies,Premium Recycled Paper (Box),2,45.0,0.05,85.5,57.5,StandardMail,0,On-Time,0,0
ORD-14279,2024-06-17,CUST-1300,Small Business,West,PRD-910,Furniture,LumbarComfort Mesh Chair,3,220.0,0.1,594.0,399.0,StandardMail,2,On-Time,0,0
ORD-14280,2024-06-17,CUST-1457,Consumer,West,PRD-025,Electronics,SmartSync Fitness Tracker,2,90.0,0.05,171.0,101.0,SwiftFreight,1,On-Time,0,0
ORD-14281,2024-06-17,CUST-1129,Small Business,West,PRD-367,Office Supplies,HeavyDuty Metal Stapler,2,25.0,0.15,42.5,22.5,ApexGlobal,1,On-Time,0,0
ORD-14282,2024-06-17,CUST-1388,Small Business,West,PRD-506,Electronics,SoundPulse Wireless Headphone,3,150.0,0.15,382.5,232.5,StandardMail,1,On-Time,0,0
ORD-14283,2024-06-17,CUST-1031,Corporate,West,PRD-025,Electronics,SmartSync Fitness Tracker,2,90.0,0.15,153.0,83.0,ApexGlobal,1,On-Time,0,0
ORD-14284,2024-06-17,CUST-1356,Corporate,West,PRD-506,Electronics,SoundPulse Wireless Headphone,3,150.0,0.15,382.5,232.5,ExpressLogistics,0,On-Time,0,0
ORD-14285,2024-06-18,CUST-1477,Consumer,North,PRD-787,Furniture,ErgoPro Executive Desk,1,450.0,0.0,450.0,330.0,ApexGlobal,2,On-Time,0,0
ORD-14286,2024-06-18,CUST-1288,Consumer,North,PRD-904,Furniture,Nordic Solid Oak Bookshelf,3,310.0,0.0,930.0,675.0,ExpressLogistics,1,On-Time,0,0
ORD-14287,2024-06-18,CUST-1495,Corporate,North,PRD-904,Furniture,Nordic Solid Oak Bookshelf,3,310.0,0.0,930.0,675.0,ExpressLogistics,0,On-Time,0,0
ORD-14288,2024-06-18,CUST-1368,Consumer,North,PRD-025,Electronics,SmartSync Fitness Tracker,3,90.0,0.05,256.5,151.5,SwiftFreight,1,On-Time,0,0
ORD-14289,2024-06-18,CUST-1022,Consumer,North,PRD-787,Furniture,ErgoPro Executive Desk,3,450.0,0.1,1215.0,855.0,StandardMail,0,On-Time,0,0
ORD-14290,2024-06-18,CUST-1191,Small Business,North,PRD-156,Electronics,Apex Gaming Laptop,2,1200.0,0.15,2040.0,1440.0,ExpressLogistics,0,On-Time,0,0
ORD-14291,2024-06-18,CUST-1410,Small Business,North,PRD-787,Furniture,ErgoPro Executive Desk,1,450.0,0.0,450.0,330.0,SwiftFreight,1,On-Time,0,0
ORD-14292,2024-06-18,CUST-1035,Corporate,South,PRD-080,Office Supplies,Gel Ink Pen Multi-Pack,1,18.0,0.0,18.0,12.0,StandardMail,1,On-Time,0,0
ORD-14293,2024-06-18,CUST-1203,Consumer,South,PRD-506,Electronics,SoundPulse Wireless Headphone,1,150.0,0.0,150.0,100.0,SwiftFreight,2,On-Time,0,0
ORD-14294,2024-06-18,CUST-1473,Corporate,South,PRD-925,Office Supplies,Premium Recycled Paper (Box),3,45.0,0.1,121.5,79.5,SwiftFreight,1,On-Time,0,0
ORD-14295,2024-06-18,CUST-1451,Small Business,South,PRD-787,Furniture,ErgoPro Executive Desk,3,450.0,0.0,1350.0,990.0,SwiftFreight,0,On-Time,0,0
ORD-14296,2024-06-18,CUST-1193,Small Business,South,PRD-080,Office Supplies,Gel Ink Pen Multi-Pack,1,18.0,0.15,15.3,9.3,SwiftFreight,1,On-Time,0,0
ORD-14297,2024-06-18,CUST-1242,,South,PRD-044,Electronics,UltraVision 4K Monitor,3,400.0,0.1,1080.0,750.0,SwiftFreight,1,On-Time,0,0
ORD-14298,2024-06-18,CUST-1158,Consumer,South,PRD-506,Electronics,SoundPulse Wireless Headphone,1,150.0,0.05,142.5,92.5,StandardMail,2,On-Time,0,0
ORD-14299,2024-06-18,CUST-1124,Consumer,South,PRD-080,Office Supplies,Gel Ink Pen Multi-Pack,2,18.0,0.05,34.2,22.2,,1,On-Time,0,0
ORD-14300,2024-06-18,CUST-1005,Consumer,East,PRD-910,Furniture,LumbarComfort Mesh Chair,1,220.0,0.15,187.0,122.0,SwiftFreight,1,On-Time,0,0
ORD-14301,2024-06-18,CUST-1119,Corporate,East,PRD-506,Electronics,SoundPulse Wireless Headphone,2,150.0,0.05,285.0,185.0,StandardMail,0,On-Time,0,0
ORD-14302,2024-06-18,CUST-1406,Corporate,East,PRD-044,Electronics,UltraVision 4K Monitor,3,400.0,0.0,1200.0,870.0,StandardMail,2,On-Time,0,0
ORD-14303,2024-06-18,CUST-1233,Corporate,East,PRD-156,Electronics,Apex Gaming Laptop,2,1200.0,0.15,2040.0,1440.0,,1,On-Time,0,0
ORD-14304,2024-06-18,CUST-1119,Small Business,East,PRD-025,Electronics,SmartSync Fitness Tracker,3,90.0,0.15,229.5,124.5,ExpressLogistics,2,On-Time,1,0
ORD-14305,2024-06-18,CUST-1452,Small Business,East,PRD-506,Electronics,SoundPulse Wireless Headphone,2,150.0,0.15,255.0,155.0,ExpressLogistics,0,On-Time,0,0
ORD-14306,2024-06-18,CUST-1216,Consumer,West,PRD-025,Electronics,SmartSync Fitness Tracker,1,90.0,0.0,90.0,55.0,SwiftFreight,1,On-Time,0,0
ORD-14307,2024-06-18,CUST-1147,Corporate,West,PRD-044,Electronics,UltraVision 4K Monitor,1,400.0,0.05,380.0,270.0,SwiftFreight,1,On-Time,0,0
ORD-14308,2024-06-18,CUST-1036,Small Business,West,PRD-025,Electronics,SmartSync Fitness Tracker,2,90.0,0.15,153.0,83.0,ApexGlobal,2,On-Time,0,0
ORD-14309,2024-06-18,CUST-1011,Small Business,West,PRD-910,Furniture,LumbarComfort Mesh Chair,2,220.0,0.15,374.0,244.0,,2,On-Time,0,0
ORD-14310,2024-06-18,CUST-1020,Corporate,West,PRD-910,Furniture,LumbarComfort Mesh Chair,3,220.0,0.05,627.0,432.0,SwiftFreight,0,On-Time,0,0
ORD-14311,2024-06-18,CUST-1486,,West,PRD-506,Electronics,SoundPulse Wireless Headphone,1,150.0,0.05,142.5,92.5,SwiftFreight,1,On-Time,0,0
ORD-14312,2024-06-18,CUST-1315,Small Business,West,PRD-367,Office Supplies,HeavyDuty Metal Stapler,3,25.0,0.0,0.0,-6.0,ApexGlobal,2,Cancelled,0,1
ORD-14313,2024-06-19,CUST-1368,Corporate,North,PRD-044,Electronics,UltraVision 4K Monitor,3,400.0,0.05,1140.0,810.0,SwiftFreight,0,On-Time,0,0
ORD-14314,2024-06-19,CUST-1463,Consumer,North,PRD-925,Office Supplies,Premium Recycled Paper (Box),2,45.0,0.15,76.5,48.5,ExpressLogistics,0,On-Time,0,0
ORD-14315,2024-06-19,CUST-1364,Corporate,North,PRD-044,Electronics,UltraVision 4K Monitor,1,400.0,0.05,380.0,270.0,ApexGlobal,0,On-Time,0,0
ORD-14316,2024-06-19,CUST-1286,Small Business,North,PRD-025,Electronics,SmartSync Fitness Tracker,3,90.0,0.05,256.5,151.5,StandardMail,1,On-Time,0,0
ORD-14317,2024-06-19,CUST-1385,Consumer,North,PRD-156,Electronics,Apex Gaming Laptop,1,1200.0,0.0,1200.0,900.0,ApexGlobal,1,On-Time,0,0
ORD-14318,2024-06-19,CUST-1299,Corporate,North,PRD-925,Office Supplies,Premium Recycled Paper (Box),3,45.0,0.1,121.5,79.5,ExpressLogistics,1,On-Time,0,0
ORD-14319,2024-06-19,CUST-1473,Consumer,South,PRD-025,Electronics,SmartSync Fitness Tracker,2,90.0,0.1,162.0,92.0,SwiftFreight,1,On-Time,0,0
ORD-14320,2024-06-19,CUST-1238,Small Business,South,PRD-787,Furniture,ErgoPro Executive Desk,1,450.0,0.1,0.0,-24.0,,1,Cancelled,0,1
ORD-14321,2024-06-19,CUST-1381,Consumer,South,PRD-367,Office Supplies,HeavyDuty Metal Stapler,2,25.0,0.05,47.5,27.5,StandardMail,0,On-Time,0,0
ORD-14322,2024-06-19,CUST-1438,Consumer,South,PRD-904,Furniture,Nordic Solid Oak Bookshelf,3,310.0,0.0,930.0,675.0,ApexGlobal,1,On-Time,0,0
ORD-14323,2024-06-19,CUST-1195,Small Business,South,PRD-787,Furniture,ErgoPro Executive Desk,2,450.0,0.15,765.0,525.0,ApexGlobal,1,On-Time,0,0
ORD-14324,2024-06-19,CUST-1042,Corporate,South,PRD-044,Electronics,UltraVision 4K Monitor,3,400.0,0.1,1080.0,750.0,StandardMail,1,On-Time,0,0
ORD-14325,2024-06-19,CUST-1093,Consumer,South,PRD-910,Furniture,LumbarComfort Mesh Chair,2,220.0,0.1,396.0,266.0,ExpressLogistics,0,On-Time,0,0
ORD-14326,2024-06-19,CUST-1116,Consumer,South,PRD-080,Office Supplies,Gel Ink Pen Multi-Pack,2,18.0,0.0,36.0,24.0,ApexGlobal,1,On-Time,0,0
ORD-14327,2024-06-19,CUST-1383,Consumer,East,PRD-904,Furniture,Nordic Solid Oak Bookshelf,2,310.0,0.1,558.0,388.0,ExpressLogistics,2,On-Time,0,0
ORD-14328,2024-06-19,CUST-1355,Consumer,East,PRD-080,Office Supplies,Gel Ink Pen Multi-Pack,2,18.0,0.1,32.4,20.4,ApexGlobal,1,On-Time,0,0
ORD-14329,2024-06-19,CUST-1237,Corporate,East,PRD-787,Furniture,ErgoPro Executive Desk,3,450.0,0.0,1350.0,990.0,StandardMail,2,On-Time,0,0
ORD-14330,2024-06-19,CUST-1277,Small Business,East,PRD-044,Electronics,UltraVision 4K Monitor,2,400.0,0.15,680.0,460.0,StandardMail,1,On-Time,0,0
ORD-14331,2024-06-19,CUST-1015,Corporate,East,PRD-156,Electronics,Apex Gaming Laptop,3,1200.0,0.15,3060.0,2160.0,ExpressLogistics,2,On-Time,0,0
ORD-14332,2024-06-19,CUST-1297,Consumer,East,PRD-044,Electronics,UltraVision 4K Monitor,2,400.0,0.05,760.0,540.0,StandardMail,1,On-Time,0,0
ORD-14333,2024-06-19,CUST-1487,Consumer,East,PRD-367,Office Supplies,HeavyDuty Metal Stapler,2,25.0,0.0,50.0,30.0,StandardMail,2,On-Time,0,0
ORD-14334,2024-06-19,CUST-1406,Consumer,West,PRD-156,Electronics,Apex Gaming Laptop,2,1200.0,0.05,2280.0,1680.0,ApexGlobal,1,On-Time,0,0
ORD-14335,2024-06-19,CUST-1483,Consumer,West,PRD-506,Electronics,SoundPulse Wireless Headphone,2,150.0,0.15,255.0,155.0,StandardMail,0,On-Time,0,0
ORD-14336,2024-06-19,CUST-1486,Corporate,West,PRD-080,Office Supplies,Gel Ink Pen Multi-Pack,1,18.0,0.15,15.3,9.3,StandardMail,1,On-Time,0,0
ORD-14337,2024-06-19,CUST-1081,Consumer,West,PRD-080,Office Supplies,Gel Ink Pen Multi-Pack,1,18.0,0.15,15.3,9.3,SwiftFreight,1,On-Time,0,0
ORD-14338,2024-06-19,CUST-1032,Consumer,West,PRD-025,Electronics,SmartSync Fitness Tracker,1,90.0,0.15,76.5,41.5,StandardMail,1,On-Time,0,0
ORD-14339,2024-06-19,CUST-1350,Consumer,West,PRD-506,Electronics,SoundPulse Wireless Headphone,1,150.0,0.05,142.5,92.5,StandardMail,1,On-Time,0,0
ORD-14340,2024-06-19,CUST-1447,Small Business,West,PRD-904,Furniture,Nordic Solid Oak Bookshelf,2,310.0,0.0,620.0,450.0,StandardMail,1,On-Time,0,0
ORD-14341,2024-06-20,CUST-1321,Corporate,North,PRD-080,Office Supplies,Gel Ink Pen Multi-Pack,3,18.0,0.15,45.9,27.9,StandardMail,0,On-Time,0,0
ORD-14342,2024-06-20,CUST-1128,Corporate,North,PRD-506,Electronics,SoundPulse Wireless Headphone,1,150.0,0.1,135.0,85.0,SwiftFreight,0,On-Time,0,0
ORD-14343,2024-06-20,CUST-1330,Consumer,North,PRD-367,Office Supplies,HeavyDuty Metal Stapler,2,25.0,0.15,42.5,22.5,ApexGlobal,1,On-Time,0,0
ORD-14344,2024-06-20,CUST-1393,Corporate,North,PRD-156,Electronics,Apex Gaming Laptop,1,1200.0,0.1,1080.0,780.0,SwiftFreight,1,On-Time,0,0
ORD-14345,2024-06-20,CUST-1269,Consumer,North,PRD-506,Electronics,SoundPulse Wireless Headphone,2,150.0,0.0,300.0,200.0,SwiftFreight,2,On-Time,0,0
ORD-14346,2024-06-20,CUST-1244,Consumer,South,PRD-367,Office Supplies,HeavyDuty Metal Stapler,3,25.0,0.1,67.5,37.5,ExpressLogistics,0,On-Time,0,0
ORD-14347,2024-06-20,CUST-1189,Corporate,South,PRD-910,Furniture,LumbarComfort Mesh Chair,1,220.0,0.1,198.0,133.0,ApexGlobal,1,On-Time,0,0
ORD-14348,2024-06-20,CUST-1259,Small Business,South,PRD-925,Office Supplies,Premium Recycled Paper (Box),2,45.0,0.1,81.0,53.0,StandardMail,0,On-Time,0,0
ORD-14349,2024-06-20,CUST-1138,Consumer,South,PRD-367,Office Supplies,HeavyDuty Metal Stapler,3,25.0,0.0,75.0,45.0,SwiftFreight,2,On-Time,0,0
ORD-14350,2024-06-20,CUST-1123,Corporate,South,PRD-925,Office Supplies,Premium Recycled Paper (Box),3,45.0,0.15,114.75,72.75,ApexGlobal,1,On-Time,0,0
ORD-14351,2024-06-20,CUST-1411,Corporate,East,PRD-080,Office Supplies,Gel Ink Pen Multi-Pack,2,18.0,0.15,30.6,18.6,StandardMail,1,On-Time,0,0
ORD-14352,2024-06-20,CUST-1278,Corporate,East,PRD-904,Furniture,Nordic Solid Oak Bookshelf,1,310.0,0.15,263.5,178.5,StandardMail,1,On-Time,0,0
ORD-14353,2024-06-20,CUST-1326,Corporate,East,PRD-025,Electronics,SmartSync Fitness Tracker,1,90.0,0.05,85.5,50.5,StandardMail,1,On-Time,0,0
ORD-14354,2024-06-20,CUST-1328,Corporate,East,PRD-904,Furniture,Nordic Solid Oak Bookshelf,1,310.0,0.0,310.0,225.0,ApexGlobal,2,On-Time,0,0
ORD-14355,2024-06-20,CUST-1319,Corporate,East,PRD-156,Electronics,Apex Gaming Laptop,2,1200.0,0.15,2040.0,1440.0,SwiftFreight,0,On-Time,0,0
ORD-14356,2024-06-20,CUST-1036,Corporate,East,PRD-904,Furniture,Nordic Solid Oak Bookshelf,1,310.0,0.05,294.5,209.5,StandardMail,1,On-Time,0,0
ORD-14357,2024-06-20,CUST-1105,Consumer,East,PRD-025,Electronics,SmartSync Fitness Tracker,2,90.0,0.1,162.0,92.0,StandardMail,0,On-Time,0,0
ORD-14358,2024-06-20,CUST-1440,Small Business,East,PRD-025,Electronics,SmartSync Fitness Tracker,3,90.0,0.15,229.5,124.5,,2,On-Time,0,0
ORD-14359,2024-06-20,CUST-1205,Consumer,West,PRD-080,Office Supplies,Gel Ink Pen Multi-Pack,3,18.0,0.1,48.6,30.6,SwiftFreight,2,On-Time,0,0
ORD-14360,2024-06-20,CUST-1054,Small Business,West,PRD-925,Office Supplies,Premium Recycled Paper (Box),1,45.0,0.05,42.75,28.75,ApexGlobal,1,On-Time,0,0
ORD-14361,2024-06-20,CUST-1397,Consumer,West,PRD-044,Electronics,UltraVision 4K Monitor,1,400.0,0.15,340.0,230.0,ExpressLogistics,0,On-Time,0,0
ORD-14362,2024-06-20,CUST-1020,Consumer,West,PRD-910,Furniture,LumbarComfort Mesh Chair,2,220.0,0.0,440.0,310.0,SwiftFreight,0,On-Time,0,0
ORD-14363,2024-06-20,CUST-1471,Small Business,West,PRD-025,Electronics,SmartSync Fitness Tracker,2,90.0,0.15,153.0,83.0,SwiftFreight,1,On-Time,0,0
ORD-14364,2024-06-20,CUST-1000,Corporate,West,PRD-787,Furniture,ErgoPro Executive Desk,1,450.0,0.0,450.0,330.0,ApexGlobal,1,On-Time,1,0
ORD-14365,2024-06-20,CUST-1249,Small Business,West,PRD-904,Furniture,Nordic Solid Oak Bookshelf,3,310.0,0.1,837.0,582.0,StandardMail,2,On-Time,0,0
ORD-14366,2024-06-21,CUST-1001,Corporate,North,PRD-910,Furniture,LumbarComfort Mesh Chair,2,220.0,0.15,374.0,244.0,SwiftFreight,2,On-Time,0,0
ORD-14367,2024-06-21,CUST-1474,Corporate,North,PRD-910,Furniture,LumbarComfort Mesh Chair,1,220.0,0.1,198.0,133.0,SwiftFreight,2,On-Time,0,0
ORD-14368,2024-06-21,CUST-1186,Corporate,North,PRD-925,Office Supplies,Premium Recycled Paper (Box),1,45.0,0.0,45.0,31.0,ApexGlobal,1,On-Time,0,0
ORD-14369,2024-06-21,CUST-1003,Small Business,North,PRD-025,Electronics,SmartSync Fitness Tracker,1,90.0,0.05,85.5,50.5,SwiftFreight,1,On-Time,0,0
ORD-14370,2024-06-21,CUST-1444,Small Business,North,PRD-910,Furniture,LumbarComfort Mesh Chair,3,220.0,0.15,561.0,366.0,ApexGlobal,1,On-Time,0,0
ORD-14371,2024-06-21,CUST-1149,Consumer,North,PRD-925,Office Supplies,Premium Recycled Paper (Box),1,45.0,0.15,38.25,24.25,ApexGlobal,1,On-Time,0,0
ORD-14372,2024-06-21,CUST-1008,Consumer,North,PRD-080,Office Supplies,Gel Ink Pen Multi-Pack,3,18.0,0.05,51.3,33.3,SwiftFreight,1,On-Time,0,0
ORD-14373,2024-06-21,CUST-1474,Consumer,North,PRD-044,Electronics,UltraVision 4K Monitor,2,400.0,0.15,680.0,460.0,SwiftFreight,2,On-Time,0,0
ORD-14374,2024-06-21,CUST-1489,Small Business,South,PRD-925,Office Supplies,Premium Recycled Paper (Box),1,45.0,0.05,42.75,28.75,ApexGlobal,1,On-Time,0,0
ORD-14375,2024-06-21,CUST-1218,Consumer,South,PRD-506,Electronics,SoundPulse Wireless Headphone,1,150.0,0.0,150.0,100.0,ExpressLogistics,1,On-Time,0,0
ORD-14376,2024-06-21,CUST-1464,Small Business,South,PRD-787,Furniture,ErgoPro Executive Desk,1,450.0,0.0,450.0,330.0,SwiftFreight,1,On-Time,0,0
ORD-14377,2024-06-21,CUST-1362,Consumer,South,PRD-787,Furniture,ErgoPro Executive Desk,3,450.0,0.15,1147.5,787.5,ApexGlobal,1,On-Time,0,0
ORD-14378,2024-06-21,CUST-1081,Corporate,South,PRD-925,Office Supplies,Premium Recycled Paper (Box),2,45.0,0.05,85.5,57.5,ApexGlobal,1,On-Time,0,0
ORD-14379,2024-06-21,CUST-1144,Small Business,South,PRD-925,Office Supplies,Premium Recycled Paper (Box),1,45.0,0.1,40.5,26.5,ApexGlobal,0,On-Time,0,0
ORD-14380,2024-06-21,CUST-1241,Corporate,East,PRD-367,Office Supplies,HeavyDuty Metal Stapler,3,25.0,0.05,71.25,41.25,ExpressLogistics,2,On-Time,0,0
ORD-14381,2024-06-21,CUST-1345,Consumer,East,PRD-156,Electronics,Apex Gaming Laptop,2,1200.0,0.1,2160.0,1560.0,ApexGlobal,2,On-Time,0,0
ORD-14382,2024-06-21,CUST-1420,Small Business,East,PRD-910,Furniture,LumbarComfort Mesh Chair,1,220.0,0.15,187.0,122.0,ExpressLogistics,1,On-Time,0,0
ORD-14383,2024-06-21,CUST-1497,Consumer,East,PRD-080,Office Supplies,Gel Ink Pen Multi-Pack,3,18.0,0.05,51.3,33.3,ExpressLogistics,0,On-Time,0,0
ORD-14384,2024-06-21,CUST-1339,Consumer,East,PRD-044,Electronics,UltraVision 4K Monitor,1,400.0,0.0,400.0,290.0,SwiftFreight,0,On-Time,0,0
ORD-14385,2024-06-21,CUST-1284,Consumer,East,PRD-025,Electronics,SmartSync Fitness Tracker,2,90.0,0.1,162.0,92.0,StandardMail,1,On-Time,0,0
ORD-14386,2024-06-21,CUST-1398,Corporate,East,PRD-080,Office Supplies,Gel Ink Pen Multi-Pack,3,18.0,0.15,45.9,27.9,SwiftFreight,1,On-Time,1,0
ORD-14387,2024-06-21,CUST-1111,Corporate,West,PRD-925,Office Supplies,Premium Recycled Paper (Box),2,45.0,0.15,76.5,48.5,ExpressLogistics,1,On-Time,0,0
ORD-14388,2024-06-21,CUST-1036,Small Business,West,PRD-787,Furniture,ErgoPro Executive Desk,2,450.0,0.05,855.0,615.0,ExpressLogistics,1,On-Time,0,0
ORD-14389,2024-06-21,CUST-1008,Corporate,West,PRD-925,Office Supplies,Premium Recycled Paper (Box),3,45.0,0.1,121.5,79.5,SwiftFreight,1,On-Time,0,0
ORD-14390,2024-06-21,CUST-1149,Corporate,West,PRD-925,Office Supplies,Premium Recycled Paper (Box),1,45.0,0.15,38.25,24.25,StandardMail,0,On-Time,0,0
ORD-14391,2024-06-21,CUST-1122,,West,PRD-156,Electronics,Apex Gaming Laptop,2,1200.0,0.05,2280.0,1680.0,ApexGlobal,0,On-Time,0,0
ORD-14392,2024-06-21,CUST-1025,Consumer,West,PRD-044,Electronics,UltraVision 4K Monitor,1,400.0,0.05,380.0,270.0,SwiftFreight,1,On-Time,0,0
ORD-14393,2024-06-22,CUST-1063,Corporate,North,PRD-506,Electronics,SoundPulse Wireless Headphone,1,150.0,0.0,150.0,100.0,SwiftFreight,0,On-Time,0,0
ORD-14394,2024-06-22,CUST-1356,Consumer,North,PRD-910,Furniture,LumbarComfort Mesh Chair,3,220.0,0.1,594.0,399.0,SwiftFreight,3,Normal,0,0
ORD-14395,2024-06-22,CUST-1064,Corporate,North,PRD-787,Furniture,ErgoPro Executive Desk,2,450.0,0.0,900.0,660.0,ExpressLogistics,0,On-Time,0,0
ORD-14396,2024-06-22,CUST-1483,Corporate,North,PRD-025,Electronics,SmartSync Fitness Tracker,3,90.0,0.15,229.5,124.5,StandardMail,1,On-Time,0,0
ORD-14397,2024-06-22,CUST-1140,Small Business,North,PRD-156,Electronics,Apex Gaming Laptop,2,1200.0,0.1,2160.0,1560.0,SwiftFreight,1,On-Time,0,0
ORD-14398,2024-06-22,CUST-1330,Small Business,North,PRD-910,Furniture,LumbarComfort Mesh Chair,2,220.0,0.0,440.0,310.0,SwiftFreight,1,On-Time,0,0
ORD-14399,2024-06-22,CUST-1173,Small Business,North,PRD-025,Electronics,SmartSync Fitness Tracker,1,90.0,0.15,76.5,41.5,ApexGlobal,1,On-Time,0,0
ORD-14400,2024-06-22,CUST-1125,Consumer,South,PRD-910,Furniture,LumbarComfort Mesh Chair,1,220.0,0.05,209.0,144.0,ExpressLogistics,1,On-Time,0,0
ORD-14401,2024-06-22,CUST-1196,Corporate,South,PRD-044,Electronics,UltraVision 4K Monitor,2,400.0,0.0,800.0,580.0,SwiftFreight,1,On-Time,0,0
ORD-14402,2024-06-22,CUST-1150,Consumer,South,PRD-925,Office Supplies,Premium Recycled Paper (Box),2,45.0,0.0,90.0,62.0,SwiftFreight,1,On-Time,0,0
ORD-14403,2024-06-22,CUST-1029,Consumer,South,PRD-080,Office Supplies,Gel Ink Pen Multi-Pack,3,18.0,0.1,48.6,30.6,,0,On-Time,0,0
ORD-14404,2024-06-22,CUST-1041,Corporate,South,PRD-787,Furniture,ErgoPro Executive Desk,3,450.0,0.15,1147.5,787.5,ApexGlobal,3,Normal,0,0
ORD-14405,2024-06-22,CUST-1451,Small Business,South,PRD-506,Electronics,SoundPulse Wireless Headphone,3,150.0,0.05,427.5,277.5,SwiftFreight,0,On-Time,0,0
ORD-14406,2024-06-22,CUST-1076,Small Business,South,PRD-506,Electronics,SoundPulse Wireless Headphone,3,150.0,0.0,450.0,300.0,SwiftFreight,1,On-Time,0,0
ORD-14407,2024-06-22,CUST-1164,Consumer,East,PRD-044,Electronics,UltraVision 4K Monitor,2,400.0,0.15,680.0,460.0,ExpressLogistics,2,On-Time,0,0
ORD-14408,2024-06-22,CUST-1152,Consumer,East,PRD-156,Electronics,Apex Gaming Laptop,3,1200.0,0.05,0.0,-180.0,ExpressLogistics,2,Cancelled,0,1
ORD-14409,2024-06-22,CUST-1072,Consumer,East,PRD-044,Electronics,UltraVision 4K Monitor,1,400.0,0.15,340.0,230.0,StandardMail,2,On-Time,0,0
ORD-14410,2024-06-22,CUST-1286,Corporate,East,PRD-156,Electronics,Apex Gaming Laptop,2,1200.0,0.15,2040.0,1440.0,StandardMail,1,On-Time,0,0
ORD-14411,2024-06-22,CUST-1483,Corporate,East,PRD-025,Electronics,SmartSync Fitness Tracker,1,90.0,0.15,76.5,41.5,SwiftFreight,2,On-Time,0,0
ORD-14412,2024-06-22,CUST-1174,Corporate,East,PRD-080,Office Supplies,Gel Ink Pen Multi-Pack,3,18.0,0.1,48.6,30.6,ApexGlobal,1,On-Time,0,0
ORD-14413,2024-06-22,CUST-1352,Consumer,West,PRD-367,Office Supplies,HeavyDuty Metal Stapler,3,25.0,0.05,71.25,41.25,ApexGlobal,3,Normal,0,0
ORD-14414,2024-06-22,CUST-1139,Small Business,West,PRD-787,Furniture,ErgoPro Executive Desk,2,450.0,0.0,900.0,660.0,ExpressLogistics,1,On-Time,0,0
ORD-14415,2024-06-22,CUST-1176,Consumer,West,PRD-044,Electronics,UltraVision 4K Monitor,3,400.0,0.15,1020.0,690.0,SwiftFreight,1,On-Time,0,0
ORD-14416,2024-06-22,CUST-1061,Consumer,West,PRD-506,Electronics,SoundPulse Wireless Headphone,2,150.0,0.1,270.0,170.0,SwiftFreight,0,On-Time,0,0
ORD-14417,2024-06-22,CUST-1316,Consumer,West,PRD-044,Electronics,UltraVision 4K Monitor,1,400.0,0.15,340.0,230.0,ExpressLogistics,2,On-Time,0,0
ORD-14418,2024-06-22,CUST-1228,Small Business,West,PRD-367,Office Supplies,HeavyDuty Metal Stapler,3,25.0,0.0,75.0,45.0,StandardMail,1,On-Time,0,0
ORD-14419,2024-06-22,CUST-1398,Small Business,West,PRD-506,Electronics,SoundPulse Wireless Headphone,3,150.0,0.05,427.5,277.5,ApexGlobal,2,On-Time,0,0
ORD-14420,2024-06-23,CUST-1158,Consumer,North,PRD-787,Furniture,ErgoPro Executive Desk,3,450.0,0.15,1147.5,787.5,StandardMail,1,On-Time,0,0
ORD-14421,2024-06-23,CUST-1453,Corporate,North,PRD-080,Office Supplies,Gel Ink Pen Multi-Pack,3,18.0,0.15,45.9,27.9,ExpressLogistics,2,On-Time,0,0
ORD-14422,2024-06-23,CUST-1291,Corporate,North,PRD-080,Office Supplies,Gel Ink Pen Multi-Pack,1,18.0,0.15,15.3,9.3,ApexGlobal,1,On-Time,0,0
ORD-14423,2024-06-23,CUST-1170,Corporate,North,PRD-787,Furniture,ErgoPro Executive Desk,2,450.0,0.05,855.0,615.0,ApexGlobal,0,On-Time,0,0
ORD-14424,2024-06-23,CUST-1083,Consumer,North,PRD-910,Furniture,LumbarComfort Mesh Chair,1,220.0,0.05,209.0,144.0,StandardMail,0,On-Time,0,0
ORD-14425,2024-06-23,CUST-1219,Consumer,North,PRD-925,Office Supplies,Premium Recycled Paper (Box),3,45.0,0.05,128.25,86.25,ApexGlobal,1,On-Time,0,0
ORD-14426,2024-06-23,CUST-1021,Small Business,North,PRD-506,Electronics,SoundPulse Wireless Headphone,2,150.0,0.05,285.0,185.0,ApexGlobal,1,On-Time,0,0
ORD-14427,2024-06-23,CUST-1375,Small Business,North,PRD-044,Electronics,UltraVision 4K Monitor,3,400.0,0.15,1020.0,690.0,StandardMail,0,On-Time,0,0
ORD-14428,2024-06-23,CUST-1254,Small Business,South,PRD-904,Furniture,Nordic Solid Oak Bookshelf,2,310.0,0.1,558.0,388.0,SwiftFreight,2,On-Time,0,0
ORD-14429,2024-06-23,CUST-1328,Consumer,South,PRD-787,Furniture,ErgoPro Executive Desk,2,450.0,0.05,855.0,615.0,StandardMail,1,On-Time,0,0
ORD-14430,2024-06-23,CUST-1302,Small Business,South,PRD-506,Electronics,SoundPulse Wireless Headphone,1,150.0,0.0,150.0,100.0,SwiftFreight,1,On-Time,0,0
ORD-14431,2024-06-23,CUST-1305,Consumer,South,PRD-156,Electronics,Apex Gaming Laptop,1,1200.0,0.0,1200.0,900.0,StandardMail,1,On-Time,0,0
ORD-14432,2024-06-23,CUST-1055,Small Business,South,PRD-506,Electronics,SoundPulse Wireless Headphone,1,150.0,0.1,135.0,85.0,StandardMail,2,On-Time,0,0
ORD-14433,2024-06-23,CUST-1124,Small Business,South,PRD-367,Office Supplies,HeavyDuty Metal Stapler,3,25.0,0.0,75.0,45.0,StandardMail,1,On-Time,0,0
ORD-14434,2024-06-23,CUST-1411,Consumer,East,PRD-910,Furniture,LumbarComfort Mesh Chair,2,220.0,0.0,440.0,310.0,SwiftFreight,1,On-Time,0,0
ORD-14435,2024-06-23,CUST-1353,Small Business,East,PRD-044,Electronics,UltraVision 4K Monitor,3,400.0,0.0,1200.0,870.0,ApexGlobal,1,On-Time,0,0
ORD-14436,2024-06-23,CUST-1367,Small Business,East,PRD-787,Furniture,ErgoPro Executive Desk,1,450.0,0.1,405.0,285.0,ExpressLogistics,1,On-Time,0,0
ORD-14437,2024-06-23,CUST-1446,Corporate,East,PRD-506,Electronics,SoundPulse Wireless Headphone,2,150.0,0.05,0.0,-20.0,SwiftFreight,1,Cancelled,0,1
ORD-14438,2024-06-23,CUST-1247,Corporate,East,PRD-904,Furniture,Nordic Solid Oak Bookshelf,3,310.0,0.1,837.0,582.0,SwiftFreight,1,On-Time,0,0
ORD-14439,2024-06-23,CUST-1029,Consumer,West,PRD-925,Office Supplies,Premium Recycled Paper (Box),2,45.0,0.05,85.5,57.5,SwiftFreight,0,On-Time,0,0
ORD-14440,2024-06-23,CUST-1090,Consumer,West,PRD-910,Furniture,LumbarComfort Mesh Chair,1,220.0,0.05,209.0,144.0,SwiftFreight,0,On-Time,0,0
ORD-14441,2024-06-23,CUST-1159,Consumer,West,PRD-787,Furniture,ErgoPro Executive Desk,1,450.0,0.15,382.5,262.5,ApexGlobal,2,On-Time,0,0
ORD-14442,2024-06-23,CUST-1344,Small Business,West,PRD-904,Furniture,Nordic Solid Oak Bookshelf,2,310.0,0.15,527.0,357.0,SwiftFreight,1,On-Time,0,0
ORD-14443,2024-06-23,CUST-1066,Consumer,West,PRD-080,Office Supplies,Gel Ink Pen Multi-Pack,3,18.0,0.0,54.0,36.0,SwiftFreight,3,Normal,0,0
ORD-14444,2024-06-23,CUST-1458,Consumer,West,PRD-910,Furniture,LumbarComfort Mesh Chair,2,220.0,0.1,396.0,266.0,StandardMail,1,On-Time,0,0
ORD-14445,2024-06-23,CUST-1493,Consumer,West,PRD-904,Furniture,Nordic Solid Oak Bookshelf,1,310.0,0.15,263.5,178.5,ApexGlobal,1,On-Time,0,0
ORD-14446,2024-06-23,CUST-1142,Consumer,West,PRD-910,Furniture,LumbarComfort Mesh Chair,2,220.0,0.0,440.0,310.0,SwiftFreight,1,On-Time,0,0
ORD-14447,2024-06-24,CUST-1461,Consumer,North,PRD-904,Furniture,Nordic Solid Oak Bookshelf,2,310.0,0.15,527.0,357.0,ApexGlobal,2,On-Time,0,0
ORD-14448,2024-06-24,CUST-1379,Consumer,North,PRD-925,Office Supplies,Premium Recycled Paper (Box),1,45.0,0.05,42.75,28.75,StandardMail,1,On-Time,1,0
ORD-14449,2024-06-24,CUST-1447,Corporate,North,PRD-904,Furniture,Nordic Solid Oak Bookshelf,3,310.0,0.05,883.5,628.5,StandardMail,1,On-Time,0,0
ORD-14450,2024-06-24,CUST-1365,Corporate,North,PRD-080,Office Supplies,Gel Ink Pen Multi-Pack,2,18.0,0.05,34.2,22.2,SwiftFreight,1,On-Time,0,0
ORD-14451,2024-06-24,CUST-1004,Small Business,North,PRD-925,Office Supplies,Premium Recycled Paper (Box),2,45.0,0.15,76.5,48.5,SwiftFreight,1,On-Time,0,0
ORD-14452,2024-06-24,CUST-1380,Corporate,South,PRD-025,Electronics,SmartSync Fitness Tracker,1,90.0,0.15,76.5,41.5,StandardMail,3,Normal,0,0
ORD-14453,2024-06-24,CUST-1148,Corporate,South,PRD-506,Electronics,SoundPulse Wireless Headphone,2,150.0,0.1,270.0,170.0,SwiftFreight,2,On-Time,0,0
ORD-14454,2024-06-24,CUST-1134,Consumer,South,PRD-787,Furniture,ErgoPro Executive Desk,3,450.0,0.15,1147.5,787.5,,1,On-Time,0,0
ORD-14455,2024-06-24,CUST-1318,Small Business,South,PRD-506,Electronics,SoundPulse Wireless Headphone,3,150.0,0.05,427.5,277.5,ExpressLogistics,0,On-Time,0,0
ORD-14456,2024-06-24,CUST-1283,Small Business,South,PRD-904,Furniture,Nordic Solid Oak Bookshelf,2,310.0,0.05,589.0,419.0,SwiftFreight,2,On-Time,0,0
ORD-14457,2024-06-24,CUST-1373,Small Business,East,PRD-787,Furniture,ErgoPro Executive Desk,1,450.0,0.0,450.0,330.0,ApexGlobal,1,On-Time,0,0
ORD-14458,2024-06-24,CUST-1008,Corporate,East,PRD-156,Electronics,Apex Gaming Laptop,1,1200.0,0.05,1140.0,840.0,ApexGlobal,1,On-Time,1,0
ORD-14459,2024-06-24,CUST-1179,Corporate,East,PRD-080,Office Supplies,Gel Ink Pen Multi-Pack,2,18.0,0.15,30.6,18.6,SwiftFreight,1,On-Time,0,0
ORD-14460,2024-06-24,CUST-1353,Corporate,East,PRD-025,Electronics,SmartSync Fitness Tracker,1,90.0,0.05,85.5,50.5,StandardMail,2,On-Time,0,0
ORD-14461,2024-06-24,CUST-1400,Consumer,East,PRD-080,Office Supplies,Gel Ink Pen Multi-Pack,3,18.0,0.1,48.6,30.6,SwiftFreight,2,On-Time,0,0
ORD-14462,2024-06-24,CUST-1407,Consumer,East,PRD-910,Furniture,LumbarComfort Mesh Chair,2,220.0,0.0,440.0,310.0,ApexGlobal,1,On-Time,0,0
ORD-14463,2024-06-24,CUST-1356,Small Business,West,PRD-904,Furniture,Nordic Solid Oak Bookshelf,1,310.0,0.0,310.0,225.0,,1,On-Time,0,0
ORD-14464,2024-06-24,CUST-1013,Consumer,West,PRD-506,Electronics,SoundPulse Wireless Headphone,1,150.0,0.0,150.0,100.0,SwiftFreight,0,On-Time,0,0
ORD-14465,2024-06-24,CUST-1044,Small Business,West,PRD-367,Office Supplies,HeavyDuty Metal Stapler,2,25.0,0.0,50.0,30.0,ApexGlobal,1,On-Time,0,0
ORD-14466,2024-06-24,CUST-1132,Small Business,West,PRD-367,Office Supplies,HeavyDuty Metal Stapler,3,25.0,0.05,71.25,41.25,ExpressLogistics,0,On-Time,0,0
ORD-14467,2024-06-24,CUST-1134,Small Business,West,PRD-506,Electronics,SoundPulse Wireless Headphone,3,150.0,0.05,427.5,277.5,ExpressLogistics,1,On-Time,0,0
ORD-14468,2024-06-24,CUST-1070,Consumer,West,PRD-044,Electronics,UltraVision 4K Monitor,2,400.0,0.1,720.0,500.0,ExpressLogistics,2,On-Time,0,0
ORD-14469,2024-06-24,CUST-1296,Small Business,West,PRD-904,Furniture,Nordic Solid Oak Bookshelf,2,310.0,0.05,589.0,419.0,StandardMail,0,On-Time,0,0
ORD-14470,2024-06-25,CUST-1054,Small Business,North,PRD-904,Furniture,Nordic Solid Oak Bookshelf,1,310.0,0.15,263.5,178.5,StandardMail,0,On-Time,1,0
ORD-14471,2024-06-25,CUST-1174,Corporate,North,PRD-156,Electronics,Apex Gaming Laptop,2,1200.0,0.0,2400.0,1800.0,ApexGlobal,0,On-Time,0,0
ORD-14472,2024-06-25,CUST-1299,Corporate,North,PRD-080,Office Supplies,Gel Ink Pen Multi-Pack,3,18.0,0.0,54.0,36.0,StandardMail,3,Normal,0,0
ORD-14473,2024-06-25,CUST-1022,Corporate,North,PRD-787,Furniture,ErgoPro Executive Desk,1,450.0,0.0,450.0,330.0,ExpressLogistics,0,On-Time,0,0
ORD-14474,2024-06-25,CUST-1380,Corporate,North,PRD-025,Electronics,SmartSync Fitness Tracker,2,90.0,0.15,153.0,83.0,StandardMail,1,On-Time,0,0
ORD-14475,2024-06-25,CUST-1295,Consumer,North,PRD-904,Furniture,Nordic Solid Oak Bookshelf,3,310.0,0.1,837.0,582.0,StandardMail,0,On-Time,0,0
ORD-14476,2024-06-25,CUST-1495,Small Business,North,PRD-910,Furniture,LumbarComfort Mesh Chair,2,220.0,0.15,374.0,244.0,ApexGlobal,1,On-Time,1,0
ORD-14477,2024-06-25,CUST-1272,Small Business,South,PRD-025,Electronics,SmartSync Fitness Tracker,1,90.0,0.05,85.5,50.5,SwiftFreight,1,On-Time,0,0
ORD-14478,2024-06-25,CUST-1279,Corporate,South,PRD-367,Office Supplies,HeavyDuty Metal Stapler,1,25.0,0.0,25.0,15.0,SwiftFreight,0,On-Time,0,0
ORD-14479,2024-06-25,CUST-1156,Small Business,South,PRD-787,Furniture,ErgoPro Executive Desk,1,450.0,0.05,427.5,307.5,ExpressLogistics,1,On-Time,0,0
ORD-14480,2024-06-25,CUST-1113,Consumer,South,PRD-156,Electronics,Apex Gaming Laptop,1,1200.0,0.1,1080.0,780.0,ExpressLogistics,2,On-Time,0,0
ORD-14481,2024-06-25,CUST-1208,Consumer,South,PRD-787,Furniture,ErgoPro Executive Desk,3,450.0,0.1,1215.0,855.0,SwiftFreight,1,On-Time,0,0
ORD-14482,2024-06-25,CUST-1147,Consumer,East,PRD-904,Furniture,Nordic Solid Oak Bookshelf,1,310.0,0.15,263.5,178.5,ExpressLogistics,2,On-Time,0,0
ORD-14483,2024-06-25,CUST-1473,Consumer,East,PRD-904,Furniture,Nordic Solid Oak Bookshelf,3,310.0,0.15,790.5,535.5,SwiftFreight,1,On-Time,0,0
ORD-14484,2024-06-25,CUST-1270,Corporate,East,PRD-080,Office Supplies,Gel Ink Pen Multi-Pack,2,18.0,0.1,32.4,20.4,ExpressLogistics,2,On-Time,1,0
ORD-14485,2024-06-25,CUST-1292,Small Business,East,PRD-506,Electronics,SoundPulse Wireless Headphone,3,150.0,0.0,450.0,300.0,ExpressLogistics,2,On-Time,0,0
ORD-14486,2024-06-25,CUST-1430,Consumer,East,PRD-025,Electronics,SmartSync Fitness Tracker,2,90.0,0.15,153.0,83.0,StandardMail,1,On-Time,0,0
ORD-14487,2024-06-25,CUST-1006,Consumer,East,PRD-080,Office Supplies,Gel Ink Pen Multi-Pack,2,18.0,0.05,34.2,22.2,ExpressLogistics,1,On-Time,0,0
ORD-14488,2024-06-25,CUST-1187,Consumer,West,PRD-044,Electronics,UltraVision 4K Monitor,3,400.0,0.05,1140.0,810.0,SwiftFreight,1,On-Time,0,0
ORD-14489,2024-06-25,CUST-1098,Small Business,West,PRD-787,Furniture,ErgoPro Executive Desk,1,450.0,0.15,382.5,262.5,SwiftFreight,0,On-Time,0,0
ORD-14490,2024-06-25,CUST-1401,Consumer,West,PRD-044,Electronics,UltraVision 4K Monitor,3,400.0,0.0,1200.0,870.0,ApexGlobal,0,On-Time,1,0
ORD-14491,2024-06-25,CUST-1443,Consumer,West,PRD-787,Furniture,ErgoPro Executive Desk,2,450.0,0.05,855.0,615.0,ExpressLogistics,1,On-Time,0,0
ORD-14492,2024-06-25,CUST-1392,Corporate,West,PRD-080,Office Supplies,Gel Ink Pen Multi-Pack,3,18.0,0.05,51.3,33.3,StandardMail,0,On-Time,0,0
ORD-14493,2024-06-25,CUST-1246,Small Business,West,PRD-156,Electronics,Apex Gaming Laptop,3,1200.0,0.0,3600.0,2700.0,StandardMail,1,On-Time,0,0
ORD-14494,2024-06-25,CUST-1227,Corporate,West,PRD-080,Office Supplies,Gel Ink Pen Multi-Pack,3,18.0,0.15,45.9,27.9,SwiftFreight,1,On-Time,0,0
ORD-14495,2024-06-25,CUST-1215,Corporate,West,PRD-787,Furniture,ErgoPro Executive Desk,1,450.0,0.05,427.5,307.5,SwiftFreight,1,On-Time,0,0
ORD-14496,2024-06-26,CUST-1065,Small Business,North,PRD-025,Electronics,SmartSync Fitness Tracker,2,90.0,0.05,171.0,101.0,SwiftFreight,1,On-Time,0,0
ORD-14497,2024-06-26,CUST-1193,Corporate,North,PRD-904,Furniture,Nordic Solid Oak Bookshelf,2,310.0,0.0,620.0,450.0,ApexGlobal,1,On-Time,0,0
ORD-14498,2024-06-26,CUST-1156,Small Business,North,PRD-025,Electronics,SmartSync Fitness Tracker,2,90.0,0.05,171.0,101.0,StandardMail,1,On-Time,0,0
ORD-14499,2024-06-26,CUST-1001,Corporate,North,PRD-506,Electronics,SoundPulse Wireless Headphone,1,150.0,0.15,127.5,77.5,ApexGlobal,1,On-Time,0,0
ORD-14500,2024-06-26,CUST-1120,Consumer,North,PRD-156,Electronics,Apex Gaming Laptop,3,1200.0,0.05,3420.0,2520.0,SwiftFreight,1,On-Time,0,0
ORD-14501,2024-06-26,CUST-1391,Small Business,South,PRD-367,Office Supplies,HeavyDuty Metal Stapler,3,25.0,0.05,71.25,41.25,SwiftFreight,0,On-Time,0,0
ORD-14502,2024-06-26,CUST-1276,Small Business,South,PRD-367,Office Supplies,HeavyDuty Metal Stapler,3,25.0,0.0,75.0,45.0,SwiftFreight,2,On-Time,0,0
ORD-14503,2024-06-26,CUST-1307,Corporate,South,PRD-025,Electronics,SmartSync Fitness Tracker,3,90.0,0.0,270.0,165.0,StandardMail,1,On-Time,1,0
ORD-14504,2024-06-26,CUST-1229,Corporate,South,PRD-080,Office Supplies,Gel Ink Pen Multi-Pack,1,18.0,0.0,18.0,12.0,StandardMail,1,On-Time,0,0
ORD-14505,2024-06-26,CUST-1488,Corporate,South,PRD-910,Furniture,LumbarComfort Mesh Chair,3,220.0,0.0,660.0,465.0,ExpressLogistics,2,On-Time,0,0
ORD-14506,2024-06-26,CUST-1182,Corporate,South,PRD-080,Office Supplies,Gel Ink Pen Multi-Pack,2,18.0,0.1,32.4,20.4,SwiftFreight,2,On-Time,0,0
ORD-14507,2024-06-26,CUST-1067,Consumer,South,PRD-080,Office Supplies,Gel Ink Pen Multi-Pack,3,18.0,0.0,54.0,36.0,ApexGlobal,0,On-Time,0,0
ORD-14508,2024-06-26,CUST-1227,Consumer,East,PRD-506,Electronics,SoundPulse Wireless Headphone,3,150.0,0.15,382.5,232.5,StandardMail,1,On-Time,0,0
ORD-14509,2024-06-26,CUST-1073,Corporate,East,PRD-025,Electronics,SmartSync Fitness Tracker,1,90.0,0.0,90.0,55.0,ApexGlobal,0,On-Time,0,0
ORD-14510,2024-06-26,CUST-1345,Small Business,East,PRD-904,Furniture,Nordic Solid Oak Bookshelf,3,310.0,0.05,883.5,628.5,ApexGlobal,1,On-Time,0,0
ORD-14511,2024-06-26,CUST-1427,Corporate,East,PRD-925,Office Supplies,Premium Recycled Paper (Box),2,45.0,0.05,85.5,57.5,ExpressLogistics,1,On-Time,0,0
ORD-14512,2024-06-26,CUST-1323,Small Business,East,PRD-367,Office Supplies,HeavyDuty Metal Stapler,3,25.0,0.15,63.75,33.75,StandardMail,2,On-Time,0,0
ORD-14513,2024-06-26,CUST-1456,Corporate,East,PRD-925,Office Supplies,Premium Recycled Paper (Box),1,45.0,0.15,38.25,24.25,SwiftFreight,1,On-Time,0,0
ORD-14514,2024-06-26,CUST-1209,Small Business,East,PRD-904,Furniture,Nordic Solid Oak Bookshelf,1,310.0,0.0,310.0,225.0,SwiftFreight,0,On-Time,0,0
ORD-14515,2024-06-26,CUST-1419,Corporate,West,PRD-787,Furniture,ErgoPro Executive Desk,2,450.0,0.1,810.0,570.0,SwiftFreight,2,On-Time,0,0
ORD-14516,2024-06-26,CUST-1456,Corporate,West,PRD-787,Furniture,ErgoPro Executive Desk,3,450.0,0.1,1215.0,855.0,StandardMail,2,On-Time,0,0
ORD-14517,2024-06-26,CUST-1453,Small Business,West,PRD-367,Office Supplies,HeavyDuty Metal Stapler,2,25.0,0.15,42.5,22.5,ApexGlobal,1,On-Time,0,0
ORD-14518,2024-06-26,CUST-1312,Consumer,West,PRD-080,Office Supplies,Gel Ink Pen Multi-Pack,3,18.0,0.0,54.0,36.0,StandardMail,2,On-Time,0,0
ORD-14519,2024-06-26,CUST-1146,Corporate,West,PRD-925,Office Supplies,Premium Recycled Paper (Box),1,45.0,0.05,42.75,28.75,StandardMail,1,On-Time,0,0
ORD-14520,2024-06-26,CUST-1242,Corporate,West,PRD-925,Office Supplies,Premium Recycled Paper (Box),1,45.0,0.0,45.0,31.0,StandardMail,1,On-Time,0,0
ORD-14521,2024-06-27,CUST-1100,Small Business,North,PRD-925,Office Supplies,Premium Recycled Paper (Box),2,45.0,0.15,76.5,48.5,ExpressLogistics,0,On-Time,0,0
ORD-14522,2024-06-27,CUST-1239,Small Business,North,PRD-025,Electronics,SmartSync Fitness Tracker,2,90.0,0.1,162.0,92.0,StandardMail,1,On-Time,0,0
ORD-14523,2024-06-27,CUST-1420,Corporate,North,PRD-925,Office Supplies,Premium Recycled Paper (Box),1,45.0,0.1,40.5,26.5,StandardMail,1,On-Time,0,0
ORD-14524,2024-06-27,CUST-1112,Corporate,North,PRD-506,Electronics,SoundPulse Wireless Headphone,2,150.0,0.1,270.0,170.0,ExpressLogistics,1,On-Time,0,0
ORD-14525,2024-06-27,CUST-1442,Corporate,North,PRD-787,Furniture,ErgoPro Executive Desk,1,450.0,0.1,405.0,285.0,StandardMail,1,On-Time,0,0
ORD-14526,2024-06-27,CUST-1287,Small Business,South,PRD-925,Office Supplies,Premium Recycled Paper (Box),3,45.0,0.05,128.25,86.25,StandardMail,1,On-Time,0,0
ORD-14527,2024-06-27,CUST-1141,Small Business,South,PRD-080,Office Supplies,Gel Ink Pen Multi-Pack,1,18.0,0.0,18.0,12.0,StandardMail,1,On-Time,0,0
ORD-14528,2024-06-27,CUST-1444,Corporate,South,PRD-080,Office Supplies,Gel Ink Pen Multi-Pack,2,18.0,0.0,36.0,24.0,ApexGlobal,1,On-Time,0,0
ORD-14529,2024-06-27,CUST-1447,Corporate,South,PRD-787,Furniture,ErgoPro Executive Desk,2,450.0,0.05,855.0,615.0,StandardMail,2,On-Time,0,0
ORD-14530,2024-06-27,CUST-1337,Consumer,South,PRD-787,Furniture,ErgoPro Executive Desk,1,450.0,0.0,450.0,330.0,ExpressLogistics,2,On-Time,0,0
ORD-14531,2024-06-27,CUST-1397,Consumer,East,PRD-787,Furniture,ErgoPro Executive Desk,2,450.0,0.15,765.0,525.0,ExpressLogistics,1,On-Time,0,0
ORD-14532,2024-06-27,CUST-1494,Corporate,East,PRD-910,Furniture,LumbarComfort Mesh Chair,1,220.0,0.0,220.0,155.0,ExpressLogistics,1,On-Time,0,0
ORD-14533,2024-06-27,CUST-1204,Small Business,East,PRD-044,Electronics,UltraVision 4K Monitor,1,400.0,0.1,360.0,250.0,ApexGlobal,0,On-Time,0,0
ORD-14534,2024-06-27,CUST-1261,Small Business,East,PRD-506,Electronics,SoundPulse Wireless Headphone,1,150.0,0.0,150.0,100.0,SwiftFreight,1,On-Time,0,0
ORD-14535,2024-06-27,CUST-1424,Small Business,East,PRD-044,Electronics,UltraVision 4K Monitor,2,400.0,0.15,680.0,460.0,ApexGlobal,1,On-Time,0,0
ORD-14536,2024-06-27,CUST-1358,Small Business,East,PRD-080,Office Supplies,Gel Ink Pen Multi-Pack,2,18.0,0.05,34.2,22.2,StandardMail,1,On-Time,0,0
ORD-14537,2024-06-27,CUST-1413,Corporate,East,PRD-367,Office Supplies,HeavyDuty Metal Stapler,2,25.0,0.1,45.0,25.0,StandardMail,0,On-Time,0,0
ORD-14538,2024-06-27,CUST-1231,Consumer,West,PRD-506,Electronics,SoundPulse Wireless Headphone,3,150.0,0.15,382.5,232.5,ApexGlobal,1,On-Time,0,0
ORD-14539,2024-06-27,CUST-1060,Consumer,West,PRD-156,Electronics,Apex Gaming Laptop,2,1200.0,0.05,2280.0,1680.0,ExpressLogistics,0,On-Time,0,0
ORD-14540,2024-06-27,CUST-1297,Small Business,West,PRD-904,Furniture,Nordic Solid Oak Bookshelf,1,310.0,0.15,263.5,178.5,StandardMail,1,On-Time,0,0
ORD-14541,2024-06-27,CUST-1377,Consumer,West,PRD-080,Office Supplies,Gel Ink Pen Multi-Pack,1,18.0,0.1,16.2,10.2,SwiftFreight,1,On-Time,0,0
ORD-14542,2024-06-27,CUST-1178,Consumer,West,PRD-910,Furniture,LumbarComfort Mesh Chair,1,220.0,0.1,198.0,133.0,ExpressLogistics,0,On-Time,0,0
ORD-14543,2024-06-28,CUST-1093,Small Business,North,PRD-904,Furniture,Nordic Solid Oak Bookshelf,2,310.0,0.05,589.0,419.0,StandardMail,1,On-Time,0,0
ORD-14544,2024-06-28,CUST-1476,Small Business,North,PRD-925,Office Supplies,Premium Recycled Paper (Box),2,45.0,0.15,0.0,-5.6,StandardMail,1,Cancelled,0,1
ORD-14545,2024-06-28,CUST-1044,Small Business,North,PRD-025,Electronics,SmartSync Fitness Tracker,1,90.0,0.0,90.0,55.0,ExpressLogistics,1,On-Time,0,0
ORD-14546,2024-06-28,CUST-1066,Small Business,North,PRD-787,Furniture,ErgoPro Executive Desk,3,450.0,0.15,1147.5,787.5,ExpressLogistics,0,On-Time,0,0
ORD-14547,2024-06-28,CUST-1066,Consumer,North,PRD-506,Electronics,SoundPulse Wireless Headphone,2,150.0,0.15,255.0,155.0,ApexGlobal,1,On-Time,0,0
ORD-14548,2024-06-28,CUST-1275,Small Business,North,PRD-156,Electronics,Apex Gaming Laptop,1,1200.0,0.05,1140.0,840.0,,2,On-Time,0,0
ORD-14549,2024-06-28,CUST-1242,Corporate,North,PRD-910,Furniture,LumbarComfort Mesh Chair,2,220.0,0.05,418.0,288.0,ExpressLogistics,1,On-Time,0,0
ORD-14550,2024-06-28,CUST-1023,Corporate,North,PRD-910,Furniture,LumbarComfort Mesh Chair,1,220.0,0.1,198.0,133.0,StandardMail,1,On-Time,0,0
ORD-14551,2024-06-28,CUST-1293,Small Business,South,PRD-910,Furniture,LumbarComfort Mesh Chair,1,220.0,0.05,209.0,144.0,ApexGlobal,0,On-Time,0,0
ORD-14552,2024-06-28,CUST-1364,Consumer,South,PRD-787,Furniture,ErgoPro Executive Desk,3,450.0,0.05,1282.5,922.5,ExpressLogistics,1,On-Time,0,0
ORD-14553,2024-06-28,CUST-1468,Corporate,South,PRD-904,Furniture,Nordic Solid Oak Bookshelf,3,310.0,0.15,790.5,535.5,StandardMail,1,On-Time,0,0
ORD-14554,2024-06-28,CUST-1140,Consumer,South,PRD-910,Furniture,LumbarComfort Mesh Chair,1,220.0,0.05,209.0,144.0,SwiftFreight,1,On-Time,0,0
ORD-14555,2024-06-28,CUST-1003,Consumer,South,PRD-156,Electronics,Apex Gaming Laptop,1,1200.0,0.1,1080.0,780.0,SwiftFreight,2,On-Time,0,0
ORD-14556,2024-06-28,CUST-1003,Consumer,South,PRD-080,Office Supplies,Gel Ink Pen Multi-Pack,2,18.0,0.1,32.4,20.4,StandardMail,1,On-Time,0,0
ORD-14557,2024-06-28,CUST-1486,Consumer,South,PRD-910,Furniture,LumbarComfort Mesh Chair,1,220.0,0.1,198.0,133.0,StandardMail,2,On-Time,0,0
ORD-14558,2024-06-28,CUST-1074,Corporate,South,PRD-904,Furniture,Nordic Solid Oak Bookshelf,2,310.0,0.1,558.0,388.0,ApexGlobal,1,On-Time,0,0
ORD-14559,2024-06-28,CUST-1152,Corporate,East,PRD-367,Office Supplies,HeavyDuty Metal Stapler,2,25.0,0.15,42.5,22.5,ApexGlobal,1,On-Time,0,0
ORD-14560,2024-06-28,CUST-1031,Consumer,East,PRD-506,Electronics,SoundPulse Wireless Headphone,1,150.0,0.05,142.5,92.5,ApexGlobal,1,On-Time,0,0
ORD-14561,2024-06-28,CUST-1194,Consumer,East,PRD-787,Furniture,ErgoPro Executive Desk,1,450.0,0.05,427.5,307.5,ApexGlobal,1,On-Time,0,0
ORD-14562,2024-06-28,CUST-1361,Corporate,East,PRD-925,Office Supplies,Premium Recycled Paper (Box),1,45.0,0.05,42.75,28.75,ExpressLogistics,1,On-Time,1,0
ORD-14563,2024-06-28,CUST-1075,Consumer,East,PRD-080,Office Supplies,Gel Ink Pen Multi-Pack,2,18.0,0.0,36.0,24.0,ExpressLogistics,2,On-Time,0,0
ORD-14564,2024-06-28,CUST-1332,Small Business,East,PRD-025,Electronics,SmartSync Fitness Tracker,2,90.0,0.05,171.0,101.0,SwiftFreight,0,On-Time,0,0
ORD-14565,2024-06-28,CUST-1253,Consumer,West,PRD-025,Electronics,SmartSync Fitness Tracker,2,90.0,0.05,171.0,101.0,SwiftFreight,0,On-Time,0,0
ORD-14566,2024-06-28,CUST-1362,Small Business,West,PRD-910,Furniture,LumbarComfort Mesh Chair,2,220.0,0.05,418.0,288.0,StandardMail,1,On-Time,0,0
ORD-14567,2024-06-28,CUST-1148,Corporate,West,PRD-080,Office Supplies,Gel Ink Pen Multi-Pack,1,18.0,0.05,17.1,11.1,ApexGlobal,2,On-Time,0,0
ORD-14568,2024-06-28,CUST-1096,Small Business,West,PRD-904,Furniture,Nordic Solid Oak Bookshelf,3,310.0,0.1,0.0,-51.0,ApexGlobal,2,Cancelled,0,1
ORD-14569,2024-06-28,CUST-1356,Consumer,West,PRD-044,Electronics,UltraVision 4K Monitor,3,400.0,0.05,1140.0,810.0,ApexGlobal,0,On-Time,0,0
ORD-14570,2024-06-28,CUST-1353,Consumer,West,PRD-925,Office Supplies,Premium Recycled Paper (Box),2,45.0,0.0,90.0,62.0,StandardMail,1,On-Time,0,0
ORD-14571,2024-06-28,CUST-1387,Consumer,West,PRD-925,Office Supplies,Premium Recycled Paper (Box),1,45.0,0.15,38.25,24.25,ApexGlobal,1,On-Time,0,0
ORD-14572,2024-06-28,CUST-1386,Small Business,West,PRD-025,Electronics,SmartSync Fitness Tracker,3,90.0,0.0,270.0,165.0,ExpressLogistics,2,On-Time,0,0
ORD-11162,2024-02-14,CUST-1250,Consumer,West,PRD-925,Office Supplies,Premium Recycled Paper (Box),3,45.0,0.05,128.25,86.25,SwiftFreight,0,On-Time,0,0
ORD-13325,2024-05-11,CUST-1414,Corporate,West,PRD-080,Office Supplies,Gel Ink Pen Multi-Pack,3,18.0,0.1,48.6,30.6,ApexGlobal,1,On-Time,0,0
ORD-14335,2024-06-19,CUST-1483,Consumer,West,PRD-506,Electronics,SoundPulse Wireless Headphone,2,150.0,0.15,255.0,155.0,StandardMail,0,On-Time,0,0
ORD-12388,2024-04-02,CUST-1262,Corporate,South,PRD-044,Electronics,UltraVision 4K Monitor,2,400.0,0.1,720.0,500.0,,7,Delayed,0,0
ORD-10565,2024-01-22,CUST-1162,Corporate,West,PRD-156,Electronics,Apex Gaming Laptop,3,1200.0,0.0,3600.0,2700.0,ApexGlobal,1,On-Time,0,0
ORD-10264,2024-01-11,CUST-1036,Corporate,South,PRD-925,Office Supplies,Premium Recycled Paper (Box),1,45.0,0.1,40.5,26.5,ExpressLogistics,1,On-Time,0,0
ORD-11544,2024-03-01,CUST-1463,Corporate,North,PRD-910,Furniture,LumbarComfort Mesh Chair,3,220.0,0.15,561.0,366.0,SwiftFreight,1,On-Time,0,0
ORD-12965,2024-04-26,CUST-1415,Corporate,West,PRD-080,Office Supplies,Gel Ink Pen Multi-Pack,3,18.0,0.0,54.0,36.0,SwiftFreight,1,On-Time,0,0
ORD-10438,2024-01-17,CUST-1112,Consumer,East,PRD-025,Electronics,SmartSync Fitness Tracker,3,90.0,0.1,243.0,138.0,StandardMail,2,On-Time,0,0
ORD-13586,2024-05-22,CUST-1333,Small Business,South,PRD-080,Office Supplies,Gel Ink Pen Multi-Pack,3,18.0,0.0,54.0,36.0,SwiftFreight,1,On-Time,0,0
