admission_id,admission_date,patient_id,age,gender,department,admission_type,wait_time_minutes,length_of_stay_days,treatment_cost,satisfaction_score,readmission_30d
ADM-5001,2024-01-01,PAT-38823,36,Male,Pediatrics,Urgent,16,3,5973.67,8,0
ADM-5002,2024-01-01,PAT-88855,55,Male,General Surgery,Emergency,37,1,4113.2,6,0
ADM-5003,2024-01-01,PAT-67613,61,Male,General Surgery,Urgent,43,4,9140.61,5,1
ADM-5004,2024-01-01,PAT-39214,38,Female,Emergency,Elective,67,1,3797.46,5,0
ADM-5005,2024-01-01,PAT-59508,83,Female,General Surgery,Urgent,24,1,3312.84,7,0
ADM-5006,2024-01-01,PAT-48785,65,Male,Orthopedics,Emergency,31,1,6128.13,9,1
ADM-5007,2024-01-01,PAT-77081,63,Female,Pediatrics,Urgent,30,1,5906.12,6,0
ADM-5008,2024-01-01,PAT-29725,19,Male,Orthopedics,Emergency,32,1,3092.55,6,0
ADM-5009,2024-01-01,PAT-18694,54,Male,Cardiology,Urgent,28,3,14052.86,6,0
ADM-5010,2024-01-01,PAT-86387,56,Female,Pediatrics,Elective,10,1,2974.94,8,0
ADM-5011,2024-01-01,PAT-98099,16,Male,Cardiology,Emergency,44,2,10266.36,6,0
ADM-5012,2024-01-01,PAT-49829,34,Female,Pediatrics,Elective,33,4,7962.04,6,0
ADM-5013,2024-01-01,PAT-70131,50,Female,Cardiology,Emergency,36,9,28629.87,6,0
ADM-5014,2024-01-01,PAT-65251,45,Female,Pediatrics,Elective,33,4,9703.35,7,0
ADM-5015,2024-01-01,PAT-87632,41,Male,General Surgery,Emergency,23,2,5027.31,7,1
ADM-5016,2024-01-01,PAT-45069,85,Male,Cardiology,Urgent,56,2,16473.32,6,0
ADM-5017,2024-01-01,PAT-52579,36,Female,Pediatrics,Elective,27,3,6689.56,6,0
ADM-5018,2024-01-01,PAT-44017,41,Female,Emergency,Elective,77,1,2783.21,6,1
ADM-5019,2024-01-01,PAT-71631,50,Male,General Surgery,Urgent,45,6,12846.34,6,0
ADM-5020,2024-01-01,PAT-89737,54,Female,Orthopedics,Emergency,35,1,2951.51,4,0
ADM-5021,2024-01-01,PAT-73769,50,Female,General Surgery,Emergency,13,6,12856.21,7,0
ADM-5022,2024-01-02,PAT-22161,61,Female,Pediatrics,Emergency,19,1,6152.06,8,0
ADM-5023,2024-01-02,PAT-34841,53,Female,Cardiology,Urgent,61,6,21384.5,6,0
ADM-5024,2024-01-02,PAT-71671,52,Male,General Surgery,Elective,22,1,4109.69,8,0
ADM-5025,2024-01-02,PAT-63176,50,Female,Pediatrics,Emergency,10,1,3838.12,5,0
ADM-5026,2024-01-02,PAT-72469,68,Female,Orthopedics,Emergency,27,2,5440.3,5,0
ADM-5027,2024-01-02,PAT-27503,45,Female,General Surgery,Emergency,35,2,6486.35,7,0
ADM-5028,2024-01-02,PAT-43550,40,Male,Emergency,Elective,72,2,4265.38,8,0
ADM-5029,2024-01-02,PAT-22372,50,Female,Emergency,Urgent,91,2,5468.78,2,0
ADM-5030,2024-01-02,PAT-18064,39,Female,Emergency,Elective,98,8,10853.21,3,1
ADM-5031,2024-01-02,PAT-50663,41,Female,Pediatrics,Emergency,14,2,6650.97,8,0
ADM-5032,2024-01-02,PAT-12663,58,Female,Pediatrics,Emergency,31,2,5056.83,6,0
ADM-5033,2024-01-02,PAT-69862,76,Male,Emergency,Emergency,104,7,10207.71,5,0
ADM-5034,2024-01-02,PAT-56543,30,Female,Cardiology,Elective,47,2,13585.03,8,0
ADM-5035,2024-01-02,PAT-39011,63,Male,Pediatrics,Emergency,43,1,3134.64,4,0
ADM-5036,2024-01-02,PAT-98155,70,Male,General Surgery,Elective,49,1,3428.02,6,0
ADM-5037,2024-01-02,PAT-57055,64,Male,General Surgery,Elective,53,1,3169.01,6,0
ADM-5038,2024-01-02,PAT-81706,94,Male,Pediatrics,Emergency,32,1,5022.45,6,0
ADM-5039,2024-01-02,PAT-80086,32,Male,Pediatrics,Elective,42,1,5705.34,8,0
ADM-5040,2024-01-02,PAT-82113,34,Female,Cardiology,Emergency,39,2,15448.12,8,0
ADM-5041,2024-01-02,PAT-96891,29,Female,Emergency,Urgent,65,5,8040.46,6,0
ADM-5042,2024-01-02,PAT-36619,59,Male,General Surgery,Urgent,35,1,6134.23,7,0
ADM-5043,2024-01-02,PAT-78163,43,Female,General Surgery,Urgent,10,1,5817.92,6,0
ADM-5044,2024-01-02,PAT-24880,85,Male,Pediatrics,Elective,32,3,7992.78,7,0
ADM-5045,2024-01-02,PAT-61313,58,Female,Cardiology,Emergency,52,13,39624.67,7,0
ADM-5046,2024-01-02,PAT-27797,51,Male,General Surgery,Elective,47,3,7886.29,5,0
ADM-5047,2024-01-02,PAT-14014,72,Male,Emergency,Elective,55,1,2847.08,5,0
ADM-5048,2024-01-02,PAT-44985,63,Male,Orthopedics,Urgent,31,1,5673.2,7,0
ADM-5049,2024-01-02,PAT-58119,18,Male,Emergency,Urgent,55,1,2542.16,5,0
ADM-5050,2024-01-02,PAT-19604,32,Female,General Surgery,Elective,20,2,5775.44,5,0
ADM-5051,2024-01-02,PAT-14261,39,Female,Pediatrics,Emergency,24,1,6291.37,7,0
ADM-5052,2024-01-03,PAT-56493,53,Female,General Surgery,Emergency,37,2,6444.21,6,0
ADM-5053,2024-01-03,PAT-97163,31,Male,General Surgery,Urgent,35,6,12541.71,8,0
ADM-5054,2024-01-03,PAT-71630,40,Female,Cardiology,Emergency,57,11,34557.24,8,0
ADM-5055,2024-01-03,PAT-83464,64,Female,Orthopedics,Elective,30,6,10123.64,5,0
ADM-5056,2024-01-03,PAT-93514,38,Male,Orthopedics,Emergency,12,2,7383.97,7,0
ADM-5057,2024-01-03,PAT-48649,47,Female,Cardiology,Emergency,29,2,11613.51,7,0
ADM-5058,2024-01-03,PAT-86855,63,Male,Emergency,Urgent,89,1,3125.62,6,0
ADM-5059,2024-01-03,PAT-66867,44,Male,Pediatrics,Urgent,41,6,10968.44,7,0
ADM-5060,2024-01-03,PAT-27871,17,Male,Pediatrics,Elective,10,1,4014.86,9,0
ADM-5061,2024-01-03,PAT-73478,48,Female,Orthopedics,Elective,43,1,3452.14,9,0
ADM-5062,2024-01-03,PAT-72260,38,Male,Emergency,Urgent,49,1,3325.62,9,0
ADM-5063,2024-01-03,PAT-72405,47,Male,Emergency,Urgent,69,1,3759.77,7,0
ADM-5064,2024-01-03,PAT-80775,82,Female,General Surgery,Elective,31,1,2966.28,5,0
ADM-5065,2024-01-03,PAT-30071,40,Male,General Surgery,Emergency,24,1,5998.36,7,0
ADM-5066,2024-01-03,PAT-14717,28,Female,Emergency,Emergency,63,4,7119.49,5,0
ADM-5067,2024-01-03,PAT-28700,60,Female,Emergency,Emergency,76,1,3218.11,6,0
ADM-5068,2024-01-03,PAT-21349,57,Female,Emergency,Elective,85,3,5137.1,7,0
ADM-5069,2024-01-03,PAT-24497,40,Male,Pediatrics,Elective,52,8,16071.37,5,0
ADM-5070,2024-01-03,PAT-20275,27,Female,Emergency,Urgent,92,3,6328.71,6,0
ADM-5071,2024-01-03,PAT-45446,62,Male,Cardiology,Emergency,25,3,17142.62,8,0
ADM-5072,2024-01-03,PAT-84215,62,Male,General Surgery,Elective,15,2,6322.24,6,0
ADM-5073,2024-01-03,PAT-61632,73,Male,Pediatrics,Emergency,61,1,3103.25,6,0
ADM-5074,2024-01-03,PAT-60184,65,Female,Cardiology,Elective,54,2,10494.81,5,1
ADM-5075,2024-01-03,PAT-98904,46,Male,General Surgery,Urgent,46,1,3207.81,5,0
ADM-5076,2024-01-03,PAT-71889,84,Male,Orthopedics,Urgent,10,8,13499.01,7,0
ADM-5077,2024-01-04,PAT-15126,71,Female,Emergency,Elective,23,1,2111.01,8,0
ADM-5078,2024-01-04,PAT-82459,55,Male,Pediatrics,Emergency,33,4,9934.44,8,0
ADM-5079,2024-01-04,PAT-78163,71,Female,General Surgery,Emergency,27,1,5122.98,6,0
ADM-5080,2024-01-04,PAT-58723,37,Female,Orthopedics,Emergency,37,9,14450.89,2,0
ADM-5081,2024-01-04,PAT-77488,52,Male,Pediatrics,Elective,36,4,9722.47,5,0
ADM-5082,2024-01-04,PAT-32497,55,Male,Pediatrics,Elective,47,1,3512.63,4,0
ADM-5083,2024-01-04,PAT-22463,71,Male,General Surgery,Urgent,19,1,6059.93,6,0
ADM-5084,2024-01-04,PAT-19326,35,Male,Cardiology,Urgent,46,2,12765.86,6,0
ADM-5085,2024-01-04,PAT-46499,9,Female,Pediatrics,Emergency,45,3,7196.46,8,0
ADM-5086,2024-01-04,PAT-33586,80,Male,General Surgery,Emergency,43,7,11386.39,7,1
ADM-5087,2024-01-04,PAT-94673,12,Male,Emergency,Emergency,22,1,2126.78,9,0
ADM-5088,2024-01-04,PAT-26238,69,Male,Pediatrics,Emergency,57,1,5692.66,7,0
ADM-5089,2024-01-04,PAT-12488,12,Male,Pediatrics,Emergency,24,11,16926.26,9,1
ADM-5090,2024-01-04,PAT-33196,48,Female,Orthopedics,Urgent,33,2,6164.48,7,1
ADM-5091,2024-01-04,PAT-57787,49,Male,Orthopedics,Elective,14,6,10303.27,5,0
ADM-5092,2024-01-04,PAT-62201,40,Female,Cardiology,Elective,32,7,28153.79,7,0
ADM-5093,2024-01-04,PAT-36187,44,Female,Orthopedics,Elective,10,1,6012.72,9,0
ADM-5094,2024-01-04,PAT-35089,53,Female,Emergency,Emergency,81,1,2926.76,6,0
ADM-5095,2024-01-04,PAT-60232,82,Male,Emergency,Elective,136,1,4527.03,9,0
ADM-5096,2024-01-04,PAT-92187,72,Female,Cardiology,Urgent,42,2,10293.39,7,0
ADM-5097,2024-01-04,PAT-97106,56,Male,Orthopedics,Emergency,41,2,7103.95,8,1
ADM-5098,2024-01-04,PAT-19240,55,Female,General Surgery,Emergency,27,2,7037.24,4,0
ADM-5099,2024-01-04,PAT-93144,44,Male,Cardiology,Emergency,38,2,16714.7,8,1
ADM-5100,2024-01-04,PAT-64005,39,Female,Orthopedics,Emergency,37,1,5687.24,6,1
ADM-5101,2024-01-04,PAT-53657,39,Male,Cardiology,Elective,37,3,13469.5,7,0
ADM-5102,2024-01-04,PAT-69754,52,Female,General Surgery,Urgent,40,2,6720.82,7,0
ADM-5103,2024-01-04,PAT-51059,68,Female,Emergency,Emergency,8,3,4529.18,7,0
ADM-5104,2024-01-04,PAT-36035,31,Female,Pediatrics,Emergency,31,3,8159.26,6,0
ADM-5105,2024-01-04,PAT-76076,44,Male,Orthopedics,Emergency,28,1,5250.65,8,0
ADM-5106,2024-01-04,PAT-14226,41,Female,Orthopedics,Emergency,19,4,8634.42,9,0
ADM-5107,2024-01-04,PAT-64718,55,Female,Emergency,Urgent,72,1,3143.09,10,0
ADM-5108,2024-01-04,PAT-47111,55,Female,Cardiology,Elective,41,6,19862.66,6,0
ADM-5109,2024-01-04,PAT-96736,41,Female,Orthopedics,Elective,10,9,16385.73,6,1
ADM-5110,2024-01-04,PAT-36084,71,Male,General Surgery,Urgent,43,2,6314.95,6,0
ADM-5111,2024-01-05,PAT-36471,39,Female,Orthopedics,Elective,18,6,13116.04,7,0
ADM-5112,2024-01-05,PAT-35887,72,Male,Cardiology,Urgent,52,7,23022.94,6,0
ADM-5113,2024-01-05,PAT-53527,57,Female,General Surgery,Elective,22,1,3288.73,10,1
ADM-5114,2024-01-05,PAT-67211,68,Male,Emergency,Urgent,76,1,2778.52,6,0
ADM-5115,2024-01-05,PAT-18057,44,Female,Pediatrics,Emergency,31,1,4201.31,8,1
ADM-5116,2024-01-05,PAT-56825,81,Female,Orthopedics,Elective,37,2,6513.52,6,0
ADM-5117,2024-01-05,PAT-73101,43,Female,Pediatrics,Emergency,41,11,17175.85,8,1
ADM-5118,2024-01-05,PAT-93913,74,Male,Cardiology,Emergency,41,2,15216.59,6,1
ADM-5119,2024-01-05,PAT-14213,41,Female,Emergency,Urgent,66,1,3359.83,7,0
ADM-5120,2024-01-05,PAT-41682,15,Female,Pediatrics,Elective,27,1,3410.88,8,0
ADM-5121,2024-01-05,PAT-16251,51,Female,Orthopedics,Elective,40,1,3702.34,6,0
ADM-5122,2024-01-05,PAT-55040,54,Male,Cardiology,Urgent,32,4,15244.25,9,0
ADM-5123,2024-01-05,PAT-41107,79,Female,General Surgery,Urgent,50,1,4098.21,6,0
ADM-5124,2024-01-05,PAT-78604,60,Male,Cardiology,Elective,48,9,29872.11,7,0
ADM-5125,2024-01-05,PAT-91851,37,Male,Orthopedics,Emergency,39,1,6287.43,6,0
ADM-5126,2024-01-05,PAT-50897,64,Female,Cardiology,Emergency,37,2,15637.42,6,0
ADM-5127,2024-01-05,PAT-72038,23,Female,General Surgery,Elective,15,1,4304.4,6,0
ADM-5128,2024-01-05,PAT-15430,66,Male,Emergency,Urgent,122,1,3671.56,2,0
ADM-5129,2024-01-05,PAT-62470,30,Female,Pediatrics,Emergency,14,1,4223.93,6,0
ADM-5130,2024-01-05,PAT-92259,54,Female,General Surgery,Elective,23,12,18361.16,6,0
ADM-5131,2024-01-05,PAT-57536,46,Female,Cardiology,Emergency,34,3,19146.02,8,0
ADM-5132,2024-01-05,PAT-48086,4,Female,Pediatrics,Elective,33,5,8682.88,7,0
ADM-5133,2024-01-05,PAT-13876,95,Male,General Surgery,Elective,23,4,7640.88,9,0
ADM-5134,2024-01-06,PAT-13588,64,Male,Cardiology,Urgent,71,3,12093.13,5,0
ADM-5135,2024-01-06,PAT-70172,57,Female,Pediatrics,Elective,19,3,7234.19,7,0
ADM-5136,2024-01-06,PAT-21602,43,Female,Pediatrics,Urgent,37,1,3593.38,6,0
ADM-5137,2024-01-06,PAT-97333,59,Male,Orthopedics,Urgent,11,6,11363.8,6,0
ADM-5138,2024-01-06,PAT-72831,55,Male,Orthopedics,Emergency,25,6,10000.51,7,0
ADM-5139,2024-01-06,PAT-32362,41,Male,Orthopedics,Elective,36,1,4279.81,7,1
ADM-5140,2024-01-06,PAT-49552,63,Male,Emergency,Elective,75,1,2984.43,7,0
ADM-5141,2024-01-06,PAT-44633,24,Female,General Surgery,Emergency,16,1,6243.21,7,0
ADM-5142,2024-01-06,PAT-25458,38,Male,Orthopedics,Emergency,10,9,16877.91,8,1
ADM-5143,2024-01-06,PAT-57556,68,Male,General Surgery,Emergency,29,1,4699.3,7,0
ADM-5144,2024-01-06,PAT-11915,86,Male,Cardiology,Urgent,42,4,14548.24,5,0
ADM-5145,2024-01-06,PAT-93128,82,Male,Emergency,Emergency,56,9,12061.23,4,1
ADM-5146,2024-01-06,PAT-54808,54,Male,Orthopedics,Urgent,21,1,6172.02,8,1
ADM-5147,2024-01-06,PAT-96427,61,Male,Pediatrics,Urgent,25,4,10084.58,8,0
ADM-5148,2024-01-06,PAT-50434,75,Male,General Surgery,Elective,54,2,5160.13,8,0
ADM-5149,2024-01-06,PAT-60293,47,Male,Orthopedics,Elective,28,2,4936.41,6,0
ADM-5150,2024-01-06,PAT-72289,32,Male,Emergency,Urgent,90,2,4898.79,6,0
ADM-5151,2024-01-06,PAT-13230,74,Male,Cardiology,Urgent,64,2,10616.99,5,0
ADM-5152,2024-01-06,PAT-65572,57,Male,Emergency,Emergency,75,1,3746.61,5,0
ADM-5153,2024-01-06,PAT-33357,32,Female,Orthopedics,Emergency,19,1,5470.94,7,0
ADM-5154,2024-01-06,PAT-41454,53,Female,Cardiology,Emergency,47,3,12660.14,6,0
ADM-5155,2024-01-07,PAT-89102,87,Female,Orthopedics,Elective,46,1,5006.08,6,0
ADM-5156,2024-01-07,PAT-18897,54,Female,Orthopedics,Emergency,21,5,9289.72,8,0
ADM-5157,2024-01-07,PAT-52191,69,Male,Orthopedics,Emergency,20,1,6004.59,9,0
ADM-5158,2024-01-07,PAT-30215,95,Female,General Surgery,Elective,36,12,19471.65,7,0
ADM-5159,2024-01-07,PAT-46057,60,Male,Emergency,Elective,80,1,3802.05,7,1
ADM-5160,2024-01-07,PAT-43260,52,Male,Cardiology,Urgent,47,2,14711.41,6,0
ADM-5161,2024-01-07,PAT-51961,85,Male,Emergency,Elective,78,2,5034.66,5,0
ADM-5162,2024-01-07,PAT-56767,24,Female,Pediatrics,Urgent,42,3,6780.69,8,0
ADM-5163,2024-01-07,PAT-27887,95,Male,General Surgery,Urgent,51,2,5406.04,8,0
ADM-5164,2024-01-07,PAT-52083,44,Female,Cardiology,Elective,17,5,23461.73,6,0
ADM-5165,2024-01-07,PAT-48575,50,Male,Orthopedics,Urgent,17,3,6997.93,7,0
ADM-5166,2024-01-07,PAT-86637,52,Male,Emergency,Emergency,149,3,6844.76,6,0
ADM-5167,2024-01-07,PAT-70162,60,Female,Orthopedics,Emergency,24,3,8520.85,5,0
ADM-5168,2024-01-07,PAT-36731,55,Male,Pediatrics,Elective,32,2,5398.74,7,0
ADM-5169,2024-01-07,PAT-93885,72,Female,Pediatrics,Emergency,29,1,4712.09,7,0
ADM-5170,2024-01-07,PAT-63155,62,Female,General Surgery,Urgent,29,1,3593.93,9,0
ADM-5171,2024-01-07,PAT-84045,29,Female,Cardiology,Elective,44,5,20605.05,6,0
ADM-5172,2024-01-07,PAT-33802,52,Female,Emergency,Urgent,68,4,6806.47,5,0
ADM-5173,2024-01-07,PAT-11939,68,Male,Orthopedics,Urgent,32,2,6412.5,7,0
ADM-5174,2024-01-07,PAT-74870,35,Female,Emergency,Elective,105,1,3234.79,5,0
ADM-5175,2024-01-07,PAT-41521,35,Male,Orthopedics,Emergency,25,1,4698.43,7,0
ADM-5176,2024-01-07,PAT-44078,39,Male,Cardiology,Urgent,43,2,11569.96,6,0
ADM-5177,2024-01-07,PAT-93314,66,Female,Pediatrics,Emergency,11,2,5060.16,6,1
ADM-5178,2024-01-07,PAT-84396,42,Male,Emergency,Urgent,76,11,14791.6,6,0
ADM-5179,2024-01-07,PAT-25400,83,Female,Pediatrics,Emergency,29,1,5623.96,6,0
ADM-5180,2024-01-07,PAT-33942,72,Male,Emergency,Urgent,66,1,3682.92,5,0
ADM-5181,2024-01-07,PAT-80083,74,Female,Emergency,Emergency,134,9,12428.43,6,0
ADM-5182,2024-01-07,PAT-80188,1,Female,Emergency,Elective,80,1,3809.5,8,0
ADM-5183,2024-01-08,PAT-77266,57,Male,Emergency,Emergency,116,5,8983.29,4,0
ADM-5184,2024-01-08,PAT-17992,53,Female,General Surgery,Elective,28,6,11843.29,6,0
ADM-5185,2024-01-08,PAT-51602,29,Male,General Surgery,Emergency,50,4,7537.18,7,0
ADM-5186,2024-01-08,PAT-49579,27,Female,Cardiology,Emergency,35,5,21635.39,8,0
ADM-5187,2024-01-08,PAT-44005,62,Female,Emergency,Emergency,97,4,7310.03,4,0
ADM-5188,2024-01-08,PAT-65352,36,Female,Cardiology,Urgent,49,17,50225.33,5,0
ADM-5189,2024-01-08,PAT-44657,31,Female,Orthopedics,Urgent,40,1,4050.29,6,1
ADM-5190,2024-01-08,PAT-54732,50,Female,General Surgery,Elective,37,1,6155.08,4,0
ADM-5191,2024-01-08,PAT-56509,44,Male,Orthopedics,Urgent,25,4,8685.63,7,0
ADM-5192,2024-01-08,PAT-32179,50,Female,Emergency,Urgent,117,2,4484.3,3,0
ADM-5193,2024-01-08,PAT-19052,48,Female,Cardiology,Emergency,53,2,10724.03,8,0
ADM-5194,2024-01-08,PAT-34927,70,Female,Emergency,Emergency,91,3,6221.7,5,1
ADM-5195,2024-01-08,PAT-39671,55,Female,Pediatrics,Urgent,45,1,5272.08,8,0
ADM-5196,2024-01-08,PAT-75311,73,Male,General Surgery,Emergency,27,2,6242.1,7,0
ADM-5197,2024-01-08,PAT-40595,87,Female,Emergency,Elective,62,6,9130.78,6,0
ADM-5198,2024-01-08,PAT-34849,61,Female,Emergency,Urgent,79,1,3785.41,8,0
ADM-5199,2024-01-08,PAT-98436,48,Male,Cardiology,Elective,55,12,36186.71,6,0
ADM-5200,2024-01-08,PAT-48585,72,Female,Emergency,Urgent,59,5,7305.48,6,0
ADM-5201,2024-01-08,PAT-79394,40,Female,Pediatrics,Emergency,24,10,17323.9,7,0
ADM-5202,2024-01-08,PAT-59777,47,Female,Emergency,Elective,38,1,2734.56,7,0
ADM-5203,2024-01-08,PAT-77551,61,Male,General Surgery,Urgent,10,2,4769.38,7,0
ADM-5204,2024-01-08,PAT-27650,46,Male,Orthopedics,Urgent,18,2,6688.61,5,0
ADM-5205,2024-01-08,PAT-65020,43,Male,Emergency,Urgent,68,1,3375.1,6,0
ADM-5206,2024-01-08,PAT-79098,68,Female,Orthopedics,Urgent,38,1,5549.26,8,0
ADM-5207,2024-01-08,PAT-70513,55,Female,Orthopedics,Emergency,27,1,3017.74,7,0
ADM-5208,2024-01-08,PAT-15516,39,Male,Pediatrics,Emergency,27,2,6804.8,7,0
ADM-5209,2024-01-08,PAT-93595,52,Female,Pediatrics,Emergency,45,5,11452.17,7,0
ADM-5210,2024-01-09,PAT-96509,60,Male,Orthopedics,Emergency,35,1,4315.01,6,1
ADM-5211,2024-01-09,PAT-94095,64,Male,Emergency,Elective,76,1,3338.47,5,0
ADM-5212,2024-01-09,PAT-97064,25,Female,Orthopedics,Urgent,39,1,3446.84,7,0
ADM-5213,2024-01-09,PAT-41117,53,Male,General Surgery,Urgent,40,1,2910.62,7,0
ADM-5214,2024-01-09,PAT-32146,83,Male,Cardiology,Elective,43,2,15174.98,7,0
ADM-5215,2024-01-09,PAT-46512,60,Male,Cardiology,Emergency,67,2,12814.27,6,0
ADM-5216,2024-01-09,PAT-52251,65,Male,Cardiology,Elective,34,2,13407.78,8,0
ADM-5217,2024-01-09,PAT-41790,31,Female,Pediatrics,Emergency,26,2,6191.48,7,0
ADM-5218,2024-01-09,PAT-47227,63,Male,Cardiology,Elective,57,7,21417.45,6,0
ADM-5219,2024-01-09,PAT-54558,54,Female,General Surgery,Elective,18,1,5378.51,6,0
ADM-5220,2024-01-09,PAT-77730,43,Female,Orthopedics,Elective,36,1,4599.73,7,0
ADM-5221,2024-01-09,PAT-14842,56,Male,Pediatrics,Elective,20,3,7004.05,7,0
ADM-5222,2024-01-09,PAT-92928,48,Male,Cardiology,Urgent,73,16,43552.0,6,0
ADM-5223,2024-01-09,PAT-37740,62,Female,Cardiology,Elective,26,7,28622.3,6,0
ADM-5224,2024-01-09,PAT-38491,60,Female,Emergency,Urgent,27,2,3715.89,4,0
ADM-5225,2024-01-09,PAT-60617,54,Female,Pediatrics,Elective,18,1,5743.96,7,0
ADM-5226,2024-01-09,PAT-61968,59,Male,Cardiology,Elective,49,5,16498.03,8,0
ADM-5227,2024-01-09,PAT-28696,24,Male,Orthopedics,Elective,29,2,4816.14,7,0
ADM-5228,2024-01-09,PAT-73168,47,Female,Cardiology,Emergency,44,4,19788.47,6,0
ADM-5229,2024-01-09,PAT-58809,70,Male,Cardiology,Elective,28,2,12814.16,7,0
ADM-5230,2024-01-09,PAT-57550,32,Female,Orthopedics,Urgent,35,1,4588.87,6,0
ADM-5231,2024-01-09,PAT-87886,30,Male,General Surgery,Elective,43,5,9714.88,7,0
ADM-5232,2024-01-09,PAT-15044,62,Male,Pediatrics,Urgent,29,17,25849.51,8,0
ADM-5233,2024-01-09,PAT-10817,26,Male,General Surgery,Elective,30,6,10186.99,5,0
ADM-5234,2024-01-10,PAT-26825,33,Female,Emergency,Elective,61,1,3608.3,7,0
ADM-5235,2024-01-10,PAT-29596,48,Male,Emergency,Elective,73,2,4898.57,5,0
ADM-5236,2024-01-10,PAT-25195,49,Male,General Surgery,Elective,38,1,5631.04,4,0
ADM-5237,2024-01-10,PAT-68825,85,Male,General Surgery,Elective,37,4,8533.02,7,0
ADM-5238,2024-01-10,PAT-95620,44,Female,Cardiology,Emergency,38,2,15294.98,7,0
ADM-5239,2024-01-10,PAT-13664,56,Male,Cardiology,Elective,47,12,36705.44,6,0
ADM-5240,2024-01-10,PAT-80945,49,Male,Pediatrics,Urgent,17,5,11699.69,8,0
ADM-5241,2024-01-10,PAT-21020,41,Male,Emergency,Urgent,52,1,2892.51,4,0
ADM-5242,2024-01-10,PAT-58951,28,Female,General Surgery,Urgent,28,1,3082.64,5,0
ADM-5243,2024-01-10,PAT-61973,52,Male,Orthopedics,Emergency,16,1,5971.59,7,0
ADM-5244,2024-01-10,PAT-26875,51,Female,Cardiology,Emergency,44,2,13982.03,6,0
ADM-5245,2024-01-10,PAT-78826,39,Male,Emergency,Elective,58,1,3372.76,6,0
ADM-5246,2024-01-10,PAT-18250,46,Female,Emergency,Urgent,90,1,3922.37,5,0
ADM-5247,2024-01-10,PAT-83854,43,Female,Cardiology,Emergency,56,2,15838.26,6,0
ADM-5248,2024-01-10,PAT-25941,71,Male,Orthopedics,Emergency,20,2,4395.23,7,0
ADM-5249,2024-01-10,PAT-88656,95,Female,Emergency,Urgent,84,1,2973.27,6,0
ADM-5250,2024-01-10,PAT-32632,30,Female,Orthopedics,Urgent,42,1,4101.92,8,0
ADM-5251,2024-01-10,PAT-57531,62,Female,Orthopedics,Urgent,12,3,8850.85,10,0
ADM-5252,2024-01-10,PAT-38507,82,Male,General Surgery,Elective,15,7,14661.89,9,1
ADM-5253,2024-01-10,PAT-30806,30,Male,Cardiology,Emergency,71,3,17150.44,5,0
ADM-5254,2024-01-10,PAT-24835,40,Female,Emergency,Urgent,87,1,3065.07,6,0
ADM-5255,2024-01-10,PAT-70059,83,Female,Emergency,Elective,108,3,6753.85,2,0
ADM-5256,2024-01-10,PAT-67272,38,Female,Cardiology,Elective,47,2,12848.15,7,0
ADM-5257,2024-01-10,PAT-67420,45,Female,Pediatrics,Urgent,37,2,5205.29,5,1
ADM-5258,2024-01-10,PAT-87213,56,Female,Pediatrics,Emergency,35,16,23971.09,8,0
ADM-5259,2024-01-10,PAT-58996,48,Female,Cardiology,Emergency,38,9,31107.4,5,0
ADM-5260,2024-01-10,PAT-63631,47,Female,General Surgery,Urgent,18,1,4317.26,6,0
ADM-5261,2024-01-10,PAT-75743,57,Male,Orthopedics,Emergency,37,3,5796.44,7,0
ADM-5262,2024-01-10,PAT-66145,54,Male,Cardiology,Elective,51,2,14387.91,6,0
ADM-5263,2024-01-11,PAT-54180,50,Female,Emergency,Elective,19,14,16677.57,6,0
ADM-5264,2024-01-11,PAT-64101,43,Female,Emergency,Emergency,57,2,3794.59,7,0
ADM-5265,2024-01-11,PAT-67593,33,Female,Pediatrics,Elective,26,2,7358.11,7,0
ADM-5266,2024-01-11,PAT-89261,38,Female,Emergency,Emergency,49,3,4691.5,7,0
ADM-5267,2024-01-11,PAT-38879,20,Female,General Surgery,Urgent,30,4,10230.41,8,0
ADM-5268,2024-01-11,PAT-87471,63,Male,Orthopedics,Emergency,37,2,6091.57,7,0
ADM-5269,2024-01-11,PAT-97872,63,Female,Cardiology,Emergency,27,2,11229.53,6,0
ADM-5270,2024-01-11,PAT-26919,59,Female,Pediatrics,Emergency,52,1,5984.85,5,0
ADM-5271,2024-01-11,PAT-33354,77,Female,Emergency,Urgent,54,2,3685.38,5,0
ADM-5272,2024-01-11,PAT-98719,31,Male,Cardiology,Elective,67,2,15080.94,7,0
ADM-5273,2024-01-11,PAT-69494,32,Male,Pediatrics,Urgent,22,2,6713.49,8,0
ADM-5274,2024-01-11,PAT-89787,45,Male,General Surgery,Elective,37,1,3532.13,6,0
ADM-5275,2024-01-11,PAT-81982,68,Male,Emergency,Emergency,58,1,3420.77,5,0
ADM-5276,2024-01-11,PAT-92802,60,Male,General Surgery,Emergency,24,1,3222.69,6,0
ADM-5277,2024-01-11,PAT-40908,23,Male,Emergency,Elective,98,4,7254.72,5,1
ADM-5278,2024-01-11,PAT-56611,51,Male,Emergency,Emergency,27,1,2498.71,6,0
ADM-5279,2024-01-11,PAT-28609,59,Female,Cardiology,Emergency,53,5,22127.2,6,0
ADM-5280,2024-01-11,PAT-30792,82,Female,Orthopedics,Emergency,14,1,3667.27,6,0
ADM-5281,2024-01-11,PAT-38082,44,Male,Pediatrics,Urgent,17,1,3417.09,8,0
ADM-5282,2024-01-11,PAT-97207,89,Female,General Surgery,Urgent,13,1,3425.55,8,0
ADM-5283,2024-01-11,PAT-96769,27,Male,Emergency,Elective,40,1,2498.04,7,0
ADM-5284,2024-01-11,PAT-32954,34,Male,Pediatrics,Emergency,30,5,9307.49,5,0
ADM-5285,2024-01-11,PAT-15331,38,Male,General Surgery,Elective,44,1,5289.17,6,0
ADM-5286,2024-01-12,PAT-47357,38,Female,Emergency,Emergency,69,2,4200.02,7,0
ADM-5287,2024-01-12,PAT-76401,34,Female,Orthopedics,Urgent,10,1,5814.48,9,0
ADM-5288,2024-01-12,PAT-74140,11,Female,Orthopedics,Urgent,18,1,4826.27,7,0
ADM-5289,2024-01-12,PAT-17612,28,Female,General Surgery,Emergency,21,9,15024.8,8,0
ADM-5290,2024-01-12,PAT-55241,36,Male,Orthopedics,Urgent,41,1,3839.62,9,0
ADM-5291,2024-01-12,PAT-39925,55,Female,Orthopedics,Urgent,15,5,9439.64,8,0
ADM-5292,2024-01-12,PAT-84482,59,Male,General Surgery,Emergency,23,2,5074.98,8,0
ADM-5293,2024-01-12,PAT-75618,54,Male,General Surgery,Emergency,34,1,3101.92,5,0
ADM-5294,2024-01-12,PAT-51739,60,Male,General Surgery,Elective,10,1,4408.97,7,1
ADM-5295,2024-01-12,PAT-92347,66,Female,Orthopedics,Elective,38,1,6202.91,8,0
ADM-5296,2024-01-12,PAT-20146,48,Female,General Surgery,Emergency,15,4,10051.39,6,0
ADM-5297,2024-01-12,PAT-44359,71,Female,Orthopedics,Urgent,35,2,6156.91,7,0
ADM-5298,2024-01-12,PAT-27152,69,Female,Pediatrics,Emergency,32,1,3161.09,6,0
ADM-5299,2024-01-12,PAT-58324,80,Male,General Surgery,Elective,10,2,5135.32,7,0
ADM-5300,2024-01-12,PAT-57419,46,Female,Cardiology,Emergency,41,8,27851.49,5,1
ADM-5301,2024-01-12,PAT-62480,52,Female,General Surgery,Urgent,34,1,6097.06,8,0
ADM-5302,2024-01-12,PAT-94406,36,Male,Orthopedics,Elective,11,1,6142.63,8,1
ADM-5303,2024-01-12,PAT-10610,56,Female,Pediatrics,Emergency,17,2,5573.4,7,0
ADM-5304,2024-01-12,PAT-88758,62,Male,Pediatrics,Emergency,36,1,5835.49,7,0
ADM-5305,2024-01-12,PAT-24417,89,Female,Cardiology,Urgent,50,2,15050.31,9,0
ADM-5306,2024-01-12,PAT-74079,55,Female,Emergency,Urgent,37,2,3323.14,6,0
ADM-5307,2024-01-12,PAT-56963,43,Male,Orthopedics,Urgent,36,3,7172.04,7,0
ADM-5308,2024-01-12,PAT-62937,48,Male,Pediatrics,Urgent,24,1,3358.5,5,0
ADM-5309,2024-01-12,PAT-77659,34,Male,Cardiology,Emergency,34,2,9005.63,5,0
ADM-5310,2024-01-13,PAT-24860,43,Female,Emergency,Urgent,33,1,3270.24,7,1
ADM-5311,2024-01-13,PAT-96090,86,Female,Emergency,Emergency,74,1,3588.47,7,0
ADM-5312,2024-01-13,PAT-44911,51,Female,Cardiology,Elective,37,9,26821.3,6,1
ADM-5313,2024-01-13,PAT-73798,28,Male,Emergency,Urgent,85,1,4127.95,5,0
ADM-5314,2024-01-13,PAT-61015,79,Male,Emergency,Urgent,67,2,4703.29,8,0
ADM-5315,2024-01-13,PAT-17731,38,Female,Emergency,Urgent,51,13,16915.65,7,0
ADM-5316,2024-01-13,PAT-13033,57,Female,Emergency,Urgent,96,2,4330.2,5,0
ADM-5317,2024-01-13,PAT-32537,46,Female,General Surgery,Emergency,14,5,11434.37,7,0
ADM-5318,2024-01-13,PAT-12345,46,Female,Cardiology,Emergency,62,2,9891.88,7,0
ADM-5319,2024-01-13,PAT-90476,11,Female,Orthopedics,Emergency,48,2,4774.37,8,0
ADM-5320,2024-01-13,PAT-94012,30,Male,Cardiology,Elective,45,39,105194.93,5,1
ADM-5321,2024-01-13,PAT-17990,33,Female,Orthopedics,Urgent,20,1,5134.77,6,0
ADM-5322,2024-01-13,PAT-23660,44,Female,Emergency,Elective,37,1,2283.5,4,0
ADM-5323,2024-01-13,PAT-95430,62,Female,Orthopedics,Elective,48,4,10414.62,5,0
ADM-5324,2024-01-13,PAT-12116,57,Female,Cardiology,Emergency,48,4,16768.65,7,0
ADM-5325,2024-01-13,PAT-65417,1,Female,Pediatrics,Elective,29,3,7039.24,8,0
ADM-5326,2024-01-13,PAT-34688,56,Male,Orthopedics,Elective,37,6,12931.74,7,0
ADM-5327,2024-01-13,PAT-10143,92,Female,Emergency,Elective,48,2,4349.15,7,0
ADM-5328,2024-01-13,PAT-68092,42,Male,General Surgery,Elective,13,1,5833.62,7,0
ADM-5329,2024-01-13,PAT-24905,40,Female,Pediatrics,Elective,38,2,6507.21,8,0
ADM-5330,2024-01-13,PAT-38603,68,Female,Pediatrics,Elective,34,3,7529.87,8,0
ADM-5331,2024-01-13,PAT-33070,31,Male,Pediatrics,Urgent,15,1,5094.12,7,0
ADM-5332,2024-01-13,PAT-22451,52,Female,Emergency,Elective,86,1,3351.55,7,0
ADM-5333,2024-01-13,PAT-44761,44,Male,Cardiology,Urgent,36,2,14213.25,7,0
ADM-5334,2024-01-13,PAT-14459,45,Female,Orthopedics,Elective,54,10,18997.34,6,0
ADM-5335,2024-01-13,PAT-57851,68,Female,Pediatrics,Elective,43,1,5321.17,6,0
ADM-5336,2024-01-13,PAT-34107,48,Male,Orthopedics,Elective,35,1,4171.8,7,0
ADM-5337,2024-01-13,PAT-74690,72,Female,Emergency,Emergency,117,1,3406.62,5,0
ADM-5338,2024-01-13,PAT-39289,51,Male,Pediatrics,Urgent,22,1,5587.53,4,0
ADM-5339,2024-01-14,PAT-86145,51,Male,General Surgery,Urgent,41,3,6072.8,6,0
ADM-5340,2024-01-14,PAT-54338,51,Male,Emergency,Elective,41,3,5000.12,7,0
ADM-5341,2024-01-14,PAT-38836,94,Male,General Surgery,Emergency,17,1,6145.66,6,0
ADM-5342,2024-01-14,PAT-29945,47,Male,Emergency,Elective,36,1,2932.03,6,1
ADM-5343,2024-01-14,PAT-85249,50,Female,Pediatrics,Urgent,17,1,6306.79,7,0
ADM-5344,2024-01-14,PAT-36622,48,Male,Cardiology,Emergency,52,5,20045.16,5,0
ADM-5345,2024-01-14,PAT-91791,29,Male,General Surgery,Elective,29,3,8572.69,6,0
ADM-5346,2024-01-14,PAT-48733,83,Female,Cardiology,Elective,43,2,9565.49,4,0
ADM-5347,2024-01-14,PAT-44897,60,Male,Cardiology,Elective,50,12,38120.01,7,1
ADM-5348,2024-01-14,PAT-53908,39,Female,Orthopedics,Urgent,41,4,8818.51,6,0
ADM-5349,2024-01-14,PAT-63142,45,Male,Cardiology,Elective,36,5,18801.62,5,0
ADM-5350,2024-01-14,PAT-81124,46,Male,Orthopedics,Emergency,24,1,3424.03,7,0
ADM-5351,2024-01-14,PAT-91130,27,Male,Pediatrics,Urgent,17,3,5897.32,7,0
ADM-5352,2024-01-14,PAT-69072,76,Female,General Surgery,Elective,51,4,8933.29,6,0
ADM-5353,2024-01-14,PAT-16228,48,Male,Orthopedics,Emergency,27,2,5091.27,10,0
ADM-5354,2024-01-14,PAT-86743,20,Female,Pediatrics,Emergency,22,1,5414.01,6,0
ADM-5355,2024-01-14,PAT-57566,65,Male,Cardiology,Elective,39,3,12033.79,5,0
ADM-5356,2024-01-14,PAT-77653,34,Female,Cardiology,Emergency,20,2,9401.99,9,0
ADM-5357,2024-01-14,PAT-25660,60,Male,Cardiology,Elective,66,12,34149.1,6,0
ADM-5358,2024-01-14,PAT-22917,52,Male,Emergency,Elective,99,1,4580.17,6,0
ADM-5359,2024-01-14,PAT-84706,54,Male,Orthopedics,Elective,40,2,7012.67,7,0
ADM-5360,2024-01-14,PAT-60377,17,Male,Emergency,Urgent,91,1,4244.21,7,0
ADM-5361,2024-01-14,PAT-15733,74,Male,Cardiology,Emergency,53,2,14390.32,6,0
ADM-5362,2024-01-14,PAT-98406,38,Female,Orthopedics,Emergency,55,7,11355.43,5,0
ADM-5363,2024-01-14,PAT-72166,70,Male,Orthopedics,Urgent,29,10,15509.95,8,0
ADM-5364,2024-01-14,PAT-35632,77,Male,General Surgery,Elective,22,4,9686.26,5,0
ADM-5365,2024-01-14,PAT-58097,40,Male,General Surgery,Emergency,41,4,9366.48,5,0
ADM-5366,2024-01-14,PAT-22370,39,Female,Orthopedics,Urgent,35,2,7078.58,6,0
ADM-5367,2024-01-14,PAT-77216,60,Male,Orthopedics,Urgent,12,1,3320.5,7,0
ADM-5368,2024-01-14,PAT-88597,90,Female,Cardiology,Urgent,25,2,10996.15,6,0
ADM-5369,2024-01-15,PAT-56515,54,Male,Pediatrics,Urgent,39,3,7196.72,7,0
ADM-5370,2024-01-15,PAT-28015,76,Female,General Surgery,Elective,10,1,5198.3,8,1
ADM-5371,2024-01-15,PAT-92789,51,Male,Cardiology,Elective,39,7,22113.87,5,0
ADM-5372,2024-01-15,PAT-86864,59,Male,Emergency,Emergency,21,5,6442.59,6,0
ADM-5373,2024-01-15,PAT-74115,69,Male,Pediatrics,Urgent,31,1,3134.23,8,0
ADM-5374,2024-01-15,PAT-59843,77,Male,Cardiology,Elective,56,2,12264.35,8,0
ADM-5375,2024-01-15,PAT-67816,23,Male,Cardiology,Urgent,64,7,25091.35,6,0
ADM-5376,2024-01-15,PAT-72526,25,Male,Cardiology,Urgent,57,12,32886.63,6,1
ADM-5377,2024-01-15,PAT-48005,70,Female,Pediatrics,Urgent,13,6,10379.66,5,0
ADM-5378,2024-01-15,PAT-79752,48,Male,Cardiology,Emergency,25,2,13869.85,6,1
ADM-5379,2024-01-15,PAT-85891,68,Female,General Surgery,Elective,12,1,4277.38,10,0
ADM-5380,2024-01-15,PAT-31828,69,Male,Pediatrics,Urgent,20,2,5971.53,7,0
ADM-5381,2024-01-15,PAT-12209,29,Female,Pediatrics,Emergency,34,1,4072.36,8,0
ADM-5382,2024-01-15,PAT-87787,39,Female,Emergency,Emergency,80,5,8207.79,4,0
ADM-5383,2024-01-15,PAT-59639,54,Female,Emergency,Emergency,65,1,2658.49,7,0
ADM-5384,2024-01-15,PAT-43231,64,Female,Emergency,Urgent,45,1,3683.7,8,0
ADM-5385,2024-01-15,PAT-20158,44,Female,Cardiology,Elective,46,25,64214.07,6,0
ADM-5386,2024-01-15,PAT-85505,45,Female,Cardiology,Elective,26,3,16357.02,8,0
ADM-5387,2024-01-15,PAT-85095,70,Female,Emergency,Elective,85,4,6375.7,6,0
ADM-5388,2024-01-15,PAT-83101,50,Male,Pediatrics,Elective,19,1,5382.05,8,0
ADM-5389,2024-01-15,PAT-30843,57,Female,Emergency,Emergency,88,3,6052.49,4,0
ADM-5390,2024-01-15,PAT-99217,42,Female,Orthopedics,Emergency,21,2,4326.27,8,1
ADM-5391,2024-01-15,PAT-14979,95,Female,Pediatrics,Urgent,29,4,10400.3,6,0
ADM-5392,2024-01-15,PAT-76280,41,Male,Pediatrics,Urgent,35,1,4226.23,5,0
ADM-5393,2024-01-15,PAT-60854,8,Female,Cardiology,Urgent,37,3,18720.21,5,0
ADM-5394,2024-01-15,PAT-20007,69,Male,Pediatrics,Emergency,35,2,6088.38,9,0
ADM-5395,2024-01-15,PAT-14963,88,Male,Emergency,Emergency,94,1,4249.02,7,0
ADM-5396,2024-01-15,PAT-86476,74,Female,Cardiology,Elective,36,22,57966.42,5,0
ADM-5397,2024-01-16,PAT-40786,91,Female,Pediatrics,Urgent,18,5,10416.46,6,0
ADM-5398,2024-01-16,PAT-34432,75,Female,Emergency,Urgent,68,2,4050.63,6,0
ADM-5399,2024-01-16,PAT-15653,21,Female,Orthopedics,Urgent,32,2,6717.14,8,0
ADM-5400,2024-01-16,PAT-73144,35,Female,General Surgery,Emergency,50,2,5944.17,7,0
ADM-5401,2024-01-16,PAT-53278,34,Male,General Surgery,Emergency,14,2,7711.87,8,0
ADM-5402,2024-01-16,PAT-12420,59,Female,General Surgery,Elective,34,8,14164.25,7,0
ADM-5403,2024-01-16,PAT-50503,41,Female,General Surgery,Emergency,39,1,6152.79,6,0
ADM-5404,2024-01-16,PAT-16646,57,Female,General Surgery,Elective,18,12,18870.95,8,0
ADM-5405,2024-01-16,PAT-62292,58,Female,Emergency,Elective,84,1,3585.56,6,0
ADM-5406,2024-01-16,PAT-82111,52,Female,Orthopedics,Emergency,21,1,4127.79,8,0
ADM-5407,2024-01-16,PAT-91242,54,Female,General Surgery,Elective,25,2,6619.82,8,0
ADM-5408,2024-01-16,PAT-75496,52,Male,Cardiology,Urgent,52,2,9989.55,5,0
ADM-5409,2024-01-16,PAT-97785,54,Female,Orthopedics,Emergency,18,3,8326.47,6,0
ADM-5410,2024-01-16,PAT-20364,91,Male,Cardiology,Elective,52,3,17058.06,8,0
ADM-5411,2024-01-16,PAT-59724,38,Male,General Surgery,Urgent,23,1,5591.35,5,0
ADM-5412,2024-01-16,PAT-78915,23,Female,Emergency,Emergency,68,2,4292.21,6,0
ADM-5413,2024-01-16,PAT-32016,24,Male,Cardiology,Elective,52,7,24772.21,5,1
ADM-5414,2024-01-16,PAT-92593,65,Male,Emergency,Urgent,90,1,3039.45,4,0
ADM-5415,2024-01-16,PAT-31871,45,Female,General Surgery,Urgent,13,11,18325.44,6,0
ADM-5416,2024-01-16,PAT-72658,46,Male,Orthopedics,Emergency,10,2,4978.46,7,0
ADM-5417,2024-01-16,PAT-23746,56,Male,Emergency,Emergency,91,1,3614.94,2,0
ADM-5418,2024-01-16,PAT-22041,79,Female,Pediatrics,Elective,16,1,3940.99,7,0
ADM-5419,2024-01-16,PAT-12940,53,Male,Cardiology,Emergency,56,2,15393.3,5,0
ADM-5420,2024-01-16,PAT-44729,29,Female,Pediatrics,Urgent,23,2,7232.0,6,0
ADM-5421,2024-01-16,PAT-35808,42,Male,Cardiology,Urgent,40,13,42180.99,5,0
ADM-5422,2024-01-16,PAT-18301,37,Female,Pediatrics,Elective,18,3,8214.39,6,0
ADM-5423,2024-01-16,PAT-84188,62,Female,Emergency,Elective,53,1,3283.3,6,0
ADM-5424,2024-01-16,PAT-74413,57,Male,Cardiology,Emergency,38,2,11494.2,7,0
ADM-5425,2024-01-16,PAT-19757,38,Female,General Surgery,Elective,23,1,4607.87,7,1
ADM-5426,2024-01-16,PAT-48321,58,Female,Emergency,Urgent,59,1,3285.16,6,0
ADM-5427,2024-01-16,PAT-42137,37,Female,Emergency,Urgent,89,4,7372.67,6,0
ADM-5428,2024-01-16,PAT-20313,43,Male,Pediatrics,Elective,30,1,4240.86,6,0
ADM-5429,2024-01-17,PAT-37089,90,Male,Cardiology,Elective,22,7,26766.27,6,0
ADM-5430,2024-01-17,PAT-60590,35,Female,General Surgery,Elective,31,2,5174.18,6,0
ADM-5431,2024-01-17,PAT-94828,78,Female,Pediatrics,Urgent,37,1,4531.26,7,0
ADM-5432,2024-01-17,PAT-81384,40,Female,General Surgery,Elective,52,1,3980.67,6,0
ADM-5433,2024-01-17,PAT-28560,55,Female,Pediatrics,Emergency,11,1,3020.92,5,0
ADM-5434,2024-01-17,PAT-84295,38,Female,General Surgery,Urgent,33,3,5948.63,7,0
ADM-5435,2024-01-17,PAT-10461,38,Female,General Surgery,Urgent,23,2,6231.62,5,0
ADM-5436,2024-01-17,PAT-53015,37,Female,Cardiology,Elective,43,6,21982.45,9,0
ADM-5437,2024-01-17,PAT-58948,42,Male,Emergency,Elective,97,4,7052.32,8,0
ADM-5438,2024-01-17,PAT-46146,70,Female,Cardiology,Emergency,40,8,25771.0,6,1
ADM-5439,2024-01-17,PAT-17353,88,Female,Emergency,Emergency,54,1,2670.42,8,1
ADM-5440,2024-01-17,PAT-71282,46,Male,General Surgery,Emergency,45,1,6286.09,5,0
ADM-5441,2024-01-17,PAT-37118,37,Female,Emergency,Urgent,61,3,5543.15,7,0
ADM-5442,2024-01-17,PAT-83079,3,Female,Cardiology,Emergency,58,2,14884.68,5,0
ADM-5443,2024-01-17,PAT-27924,45,Male,Pediatrics,Urgent,27,6,11978.65,6,0
ADM-5444,2024-01-17,PAT-63386,53,Female,Orthopedics,Elective,42,1,5163.4,6,0
ADM-5445,2024-01-17,PAT-94560,56,Female,General Surgery,Urgent,20,1,6394.89,8,0
ADM-5446,2024-01-17,PAT-86887,49,Female,Orthopedics,Urgent,21,4,7830.34,7,0
ADM-5447,2024-01-17,PAT-30223,54,Female,Orthopedics,Urgent,17,5,10897.93,6,0
ADM-5448,2024-01-17,PAT-10682,66,Female,Pediatrics,Urgent,22,5,11973.23,6,0
ADM-5449,2024-01-17,PAT-89021,49,Male,Cardiology,Urgent,49,2,10666.41,8,1
ADM-5450,2024-01-18,PAT-64400,58,Female,Pediatrics,Urgent,37,1,5503.72,6,0
ADM-5451,2024-01-18,PAT-37497,54,Male,Emergency,Emergency,37,1,2207.15,5,1
ADM-5452,2024-01-18,PAT-28824,42,Female,General Surgery,Urgent,19,1,5460.54,6,0
ADM-5453,2024-01-18,PAT-93994,71,Female,General Surgery,Urgent,11,1,6344.66,8,0
ADM-5454,2024-01-18,PAT-55649,23,Male,Orthopedics,Elective,37,1,5496.73,8,0
ADM-5455,2024-01-18,PAT-22929,67,Male,Orthopedics,Emergency,34,1,5452.82,7,0
ADM-5456,2024-01-18,PAT-16646,19,Female,Pediatrics,Urgent,38,1,4294.44,7,0
ADM-5457,2024-01-18,PAT-81359,49,Female,Orthopedics,Emergency,51,4,8736.05,6,0
ADM-5458,2024-01-18,PAT-36834,45,Male,Cardiology,Urgent,15,2,12302.31,5,0
ADM-5459,2024-01-18,PAT-36832,65,Female,Orthopedics,Emergency,20,2,5063.75,7,0
ADM-5460,2024-01-18,PAT-68323,51,Female,Orthopedics,Emergency,42,2,5552.12,7,0
ADM-5461,2024-01-18,PAT-16480,34,Male,Cardiology,Emergency,42,2,13346.81,6,0
ADM-5462,2024-01-18,PAT-78041,49,Female,General Surgery,Urgent,20,1,5972.87,6,1
ADM-5463,2024-01-18,PAT-25861,43,Male,General Surgery,Emergency,40,1,3051.69,7,0
ADM-5464,2024-01-18,PAT-67121,88,Female,Pediatrics,Emergency,34,1,3908.36,10,0
ADM-5465,2024-01-18,PAT-62718,58,Male,Pediatrics,Emergency,21,1,4903.64,8,1
ADM-5466,2024-01-18,PAT-63737,37,Male,Pediatrics,Emergency,35,1,3777.07,7,0
ADM-5467,2024-01-18,PAT-19123,54,Male,General Surgery,Urgent,17,11,19212.5,6,1
ADM-5468,2024-01-18,PAT-27632,45,Female,Cardiology,Emergency,58,2,12372.21,6,1
ADM-5469,2024-01-18,PAT-37577,43,Female,Emergency,Emergency,54,4,7084.67,7,0
ADM-5470,2024-01-18,PAT-90608,35,Male,Orthopedics,Elective,34,1,4364.42,7,0
ADM-5471,2024-01-18,PAT-55654,52,Male,General Surgery,Elective,32,1,3741.37,7,0
ADM-5472,2024-01-18,PAT-88571,27,Male,Emergency,Elective,27,1,2892.91,7,0
ADM-5473,2024-01-18,PAT-35191,48,Female,Emergency,Emergency,99,1,3768.15,4,0
ADM-5474,2024-01-18,PAT-14682,77,Female,General Surgery,Emergency,46,1,5854.28,7,0
ADM-5475,2024-01-18,PAT-53322,36,Female,Emergency,Elective,49,5,7362.92,6,0
ADM-5476,2024-01-19,PAT-72467,60,Female,General Surgery,Urgent,30,1,6165.78,7,0
ADM-5477,2024-01-19,PAT-97293,15,Female,Cardiology,Urgent,47,2,16230.08,6,0
ADM-5478,2024-01-19,PAT-81273,67,Female,Cardiology,Elective,43,2,16153.95,6,0
ADM-5479,2024-01-19,PAT-27151,95,Female,Emergency,Emergency,43,4,6358.64,7,0
ADM-5480,2024-01-19,PAT-48998,50,Female,Pediatrics,Elective,12,12,19549.88,9,0
ADM-5481,2024-01-19,PAT-15990,26,Female,General Surgery,Emergency,18,2,5073.92,6,0
ADM-5482,2024-01-19,PAT-55742,55,Female,Orthopedics,Emergency,10,1,4058.23,6,0
ADM-5483,2024-01-19,PAT-47630,59,Female,Cardiology,Urgent,28,2,12187.03,8,0
ADM-5484,2024-01-19,PAT-20647,59,Female,Pediatrics,Urgent,30,5,9006.59,7,1
ADM-5485,2024-01-19,PAT-28616,43,Male,General Surgery,Urgent,27,1,4307.55,6,0
ADM-5486,2024-01-19,PAT-64044,39,Female,Cardiology,Elective,72,3,17625.49,3,0
ADM-5487,2024-01-19,PAT-51393,43,Female,Emergency,Urgent,110,6,9716.24,4,0
ADM-5488,2024-01-19,PAT-32388,54,Male,Cardiology,Elective,42,4,19707.24,5,0
ADM-5489,2024-01-19,PAT-97133,64,Female,Emergency,Emergency,61,1,2646.49,5,0
ADM-5490,2024-01-19,PAT-60764,61,Female,Orthopedics,Emergency,38,1,4820.23,6,0
ADM-5491,2024-01-19,PAT-34838,52,Male,Cardiology,Emergency,43,2,12218.67,9,1
ADM-5492,2024-01-19,PAT-91140,37,Female,General Surgery,Elective,27,1,6242.01,8,0
ADM-5493,2024-01-19,PAT-42398,33,Male,Orthopedics,Elective,40,1,6325.73,7,0
ADM-5494,2024-01-19,PAT-56787,47,Female,General Surgery,Emergency,19,2,7175.04,8,1
ADM-5495,2024-01-19,PAT-22624,28,Female,Cardiology,Urgent,37,2,16667.98,5,0
ADM-5496,2024-01-19,PAT-66581,71,Male,Emergency,Emergency,77,8,11751.3,4,0
ADM-5497,2024-01-19,PAT-87346,86,Male,General Surgery,Elective,32,5,10808.08,7,0
ADM-5498,2024-01-19,PAT-52088,59,Female,Pediatrics,Urgent,17,1,6182.56,5,0
ADM-5499,2024-01-19,PAT-79659,40,Female,General Surgery,Urgent,15,4,9060.63,7,0
ADM-5500,2024-01-19,PAT-90521,64,Female,Orthopedics,Elective,27,1,3460.36,6,0
ADM-5501,2024-01-19,PAT-38718,52,Female,Emergency,Elective,22,2,4258.44,7,1
ADM-5502,2024-01-19,PAT-71182,67,Female,Emergency,Elective,13,1,2415.23,9,0
ADM-5503,2024-01-19,PAT-32425,80,Female,Orthopedics,Elective,32,1,3377.34,4,0
ADM-5504,2024-01-20,PAT-60261,54,Male,Cardiology,Emergency,47,5,21279.58,8,0
ADM-5505,2024-01-20,PAT-14501,24,Male,General Surgery,Urgent,18,7,14193.17,8,0
ADM-5506,2024-01-20,PAT-46440,54,Female,General Surgery,Urgent,38,2,6868.41,5,0
ADM-5507,2024-01-20,PAT-75985,55,Male,General Surgery,Urgent,44,1,4578.82,7,0
ADM-5508,2024-01-20,PAT-99504,57,Male,Cardiology,Elective,61,7,26583.41,5,0
ADM-5509,2024-01-20,PAT-29990,57,Male,Cardiology,Urgent,27,2,10150.22,8,0
ADM-5510,2024-01-20,PAT-97843,55,Male,Orthopedics,Elective,18,1,5743.25,7,0
ADM-5511,2024-01-20,PAT-47422,64,Female,General Surgery,Urgent,29,1,5203.76,5,0
ADM-5512,2024-01-20,PAT-42244,57,Male,Pediatrics,Urgent,26,1,5240.62,7,0
ADM-5513,2024-01-20,PAT-64731,45,Female,Orthopedics,Elective,26,3,8312.2,7,0
ADM-5514,2024-01-20,PAT-99504,55,Male,Emergency,Urgent,29,1,2765.06,6,0
ADM-5515,2024-01-20,PAT-56883,66,Male,Emergency,Urgent,45,6,9089.13,5,0
ADM-5516,2024-01-20,PAT-58406,61,Female,Cardiology,Elective,44,2,10777.48,7,0
ADM-5517,2024-01-20,PAT-46497,52,Male,Emergency,Urgent,51,1,2757.07,5,0
ADM-5518,2024-01-20,PAT-30766,76,Male,General Surgery,Emergency,50,1,4287.06,7,0
ADM-5519,2024-01-20,PAT-19398,14,Female,General Surgery,Elective,30,1,3194.95,6,0
ADM-5520,2024-01-20,PAT-13949,48,Male,Orthopedics,Emergency,18,3,6598.1,9,0
ADM-5521,2024-01-20,PAT-53664,54,Female,Orthopedics,Urgent,26,1,4389.79,6,0
ADM-5522,2024-01-20,PAT-63726,43,Female,Pediatrics,Elective,40,1,5366.33,5,0
ADM-5523,2024-01-20,PAT-37679,57,Male,Pediatrics,Emergency,12,1,4661.19,7,0
ADM-5524,2024-01-21,PAT-59826,17,Male,Cardiology,Urgent,35,3,17093.47,6,0
ADM-5525,2024-01-21,PAT-20251,55,Male,Cardiology,Elective,26,7,22507.11,7,0
ADM-5526,2024-01-21,PAT-23728,50,Female,Emergency,Urgent,111,4,7281.57,4,0
ADM-5527,2024-01-21,PAT-78009,18,Male,Cardiology,Emergency,28,2,9854.83,7,0
ADM-5528,2024-01-21,PAT-22660,51,Male,Pediatrics,Elective,35,1,5397.6,7,0
ADM-5529,2024-01-21,PAT-12421,70,Male,Emergency,Elective,58,2,4694.16,5,0
ADM-5530,2024-01-21,PAT-76334,53,Female,Orthopedics,Urgent,15,5,11125.13,7,0
ADM-5531,2024-01-21,PAT-42953,55,Female,Emergency,Elective,87,2,4805.41,3,0
ADM-5532,2024-01-21,PAT-98482,30,Female,Pediatrics,Urgent,12,2,6059.47,8,0
ADM-5533,2024-01-21,PAT-42593,58,Female,Orthopedics,Emergency,37,4,9807.02,5,1
ADM-5534,2024-01-21,PAT-70765,32,Female,Pediatrics,Urgent,10,2,5214.6,8,0
ADM-5535,2024-01-21,PAT-76159,59,Female,Orthopedics,Emergency,27,1,4791.0,9,1
ADM-5536,2024-01-21,PAT-81244,48,Male,General Surgery,Elective,24,3,6747.6,5,0
ADM-5537,2024-01-21,PAT-86245,56,Male,Pediatrics,Elective,25,1,5743.79,6,0
ADM-5538,2024-01-21,PAT-56798,54,Male,Pediatrics,Elective,21,1,3502.76,7,0
ADM-5539,2024-01-21,PAT-59302,30,Male,Orthopedics,Elective,47,1,6116.86,6,0
ADM-5540,2024-01-21,PAT-30487,33,Male,Orthopedics,Urgent,37,1,3614.32,6,0
ADM-5541,2024-01-21,PAT-22415,49,Male,General Surgery,Elective,36,2,5403.98,6,0
ADM-5542,2024-01-21,PAT-24190,50,Female,Orthopedics,Elective,26,2,4918.44,8,1
ADM-5543,2024-01-21,PAT-47787,50,Female,Cardiology,Urgent,35,14,43001.79,5,0
ADM-5544,2024-01-21,PAT-35748,80,Male,General Surgery,Urgent,40,4,7809.8,7,0
ADM-5545,2024-01-21,PAT-57186,49,Female,Pediatrics,Emergency,10,11,20285.63,7,0
ADM-5546,2024-01-21,PAT-18718,48,Male,Cardiology,Emergency,70,2,16215.13,5,0
ADM-5547,2024-01-21,PAT-75237,46,Female,Pediatrics,Emergency,30,6,13122.6,6,0
ADM-5548,2024-01-22,PAT-83506,82,Male,Cardiology,Elective,15,2,12046.06,7,0
ADM-5549,2024-01-22,PAT-12993,32,Female,Emergency,Emergency,83,3,5789.56,3,0
ADM-5550,2024-01-22,PAT-24232,5,Male,General Surgery,Emergency,22,1,6278.61,5,0
ADM-5551,2024-01-22,PAT-77136,79,Female,Emergency,Elective,57,1,3354.7,9,0
ADM-5552,2024-01-22,PAT-25066,71,Male,Cardiology,Elective,57,7,21387.76,8,0
ADM-5553,2024-01-22,PAT-49735,51,Female,Emergency,Elective,85,1,3896.04,5,0
ADM-5554,2024-01-22,PAT-88732,37,Male,Emergency,Elective,35,3,5027.74,6,0
ADM-5555,2024-01-22,PAT-54733,47,Female,Emergency,Urgent,108,1,3719.03,5,0
ADM-5556,2024-01-22,PAT-25027,42,Female,General Surgery,Emergency,10,3,6809.17,9,0
ADM-5557,2024-01-22,PAT-60654,65,Male,Emergency,Urgent,29,5,6900.02,6,0
ADM-5558,2024-01-22,PAT-25383,70,Male,Cardiology,Urgent,37,3,18390.73,7,0
ADM-5559,2024-01-22,PAT-81776,44,Male,General Surgery,Elective,28,3,7069.9,7,0
ADM-5560,2024-01-22,PAT-78885,24,Male,Pediatrics,Elective,36,3,7596.34,7,0
ADM-5561,2024-01-22,PAT-89127,57,Male,Cardiology,Urgent,27,2,16275.21,6,1
ADM-5562,2024-01-22,PAT-48274,68,Female,Orthopedics,Elective,10,1,3114.35,7,0
ADM-5563,2024-01-22,PAT-60847,24,Female,Emergency,Emergency,56,1,3310.72,5,0
ADM-5564,2024-01-22,PAT-81863,69,Female,Emergency,Urgent,25,1,2516.43,7,0
ADM-5565,2024-01-22,PAT-32451,46,Female,Orthopedics,Urgent,11,4,7966.18,6,0
ADM-5566,2024-01-22,PAT-22755,53,Female,General Surgery,Elective,23,4,9703.95,5,0
ADM-5567,2024-01-22,PAT-90789,53,Male,Cardiology,Urgent,74,2,13863.19,9,0
ADM-5568,2024-01-23,PAT-87199,70,Female,Pediatrics,Emergency,41,3,8812.74,6,0
ADM-5569,2024-01-23,PAT-75665,29,Female,Pediatrics,Emergency,33,1,5189.21,7,0
ADM-5570,2024-01-23,PAT-42605,62,Male,Cardiology,Elective,64,2,9577.31,7,0
ADM-5571,2024-01-23,PAT-47010,72,Male,Emergency,Urgent,37,1,2452.59,7,0
ADM-5572,2024-01-23,PAT-11899,69,Female,Orthopedics,Elective,13,6,10793.54,6,0
ADM-5573,2024-01-23,PAT-59877,37,Male,Orthopedics,Urgent,23,3,8203.72,7,0
ADM-5574,2024-01-23,PAT-99020,52,Male,Orthopedics,Emergency,27,9,14398.84,6,0
ADM-5575,2024-01-23,PAT-98897,25,Male,General Surgery,Urgent,19,3,8159.22,8,0
ADM-5576,2024-01-23,PAT-56892,60,Male,General Surgery,Urgent,45,8,14293.36,6,1
ADM-5577,2024-01-23,PAT-31798,45,Female,Orthopedics,Emergency,14,6,11761.7,6,0
ADM-5578,2024-01-23,PAT-66615,61,Female,Orthopedics,Elective,35,6,11391.32,4,0
ADM-5579,2024-01-23,PAT-33133,35,Male,Emergency,Emergency,16,2,2997.65,7,0
ADM-5580,2024-01-23,PAT-82599,65,Female,Emergency,Urgent,72,3,5309.83,5,0
ADM-5581,2024-01-23,PAT-63621,20,Female,Emergency,Elective,8,2,2879.26,7,0
ADM-5582,2024-01-23,PAT-20987,41,Male,Cardiology,Emergency,34,2,12600.84,9,0
ADM-5583,2024-01-23,PAT-76461,41,Female,Emergency,Emergency,50,3,5984.37,7,0
ADM-5584,2024-01-23,PAT-53995,55,Female,General Surgery,Urgent,25,1,4291.29,6,0
ADM-5585,2024-01-23,PAT-70375,47,Male,Orthopedics,Elective,28,11,19232.63,5,1
ADM-5586,2024-01-23,PAT-95349,40,Female,General Surgery,Elective,38,1,5709.79,5,0
ADM-5587,2024-01-23,PAT-11340,23,Male,Emergency,Elective,81,5,8354.8,7,0
ADM-5588,2024-01-23,PAT-56661,19,Female,Pediatrics,Elective,40,1,3361.48,5,0
ADM-5589,2024-01-23,PAT-21578,86,Female,General Surgery,Emergency,10,7,14421.59,6,0
ADM-5590,2024-01-24,PAT-28921,65,Male,Cardiology,Elective,45,2,12060.8,6,0
ADM-5591,2024-01-24,PAT-87974,59,Female,Orthopedics,Urgent,46,1,6012.39,6,0
ADM-5592,2024-01-24,PAT-90692,58,Female,General Surgery,Urgent,35,4,8987.3,7,0
ADM-5593,2024-01-24,PAT-43067,28,Female,Pediatrics,Urgent,36,3,6753.07,6,1
ADM-5594,2024-01-24,PAT-55411,25,Female,Emergency,Emergency,111,1,4384.93,5,0
ADM-5595,2024-01-24,PAT-56698,32,Female,Pediatrics,Urgent,23,1,3303.67,8,0
ADM-5596,2024-01-24,PAT-60387,35,Male,Emergency,Urgent,35,2,3389.07,8,0
ADM-5597,2024-01-24,PAT-15936,35,Male,Cardiology,Elective,20,2,13193.05,9,0
ADM-5598,2024-01-24,PAT-85186,61,Female,Pediatrics,Emergency,45,1,3505.33,7,0
ADM-5599,2024-01-24,PAT-39088,59,Female,General Surgery,Elective,48,2,5035.03,8,0
ADM-5600,2024-01-24,PAT-98797,63,Male,Emergency,Urgent,93,1,4012.66,3,0
ADM-5601,2024-01-24,PAT-12705,53,Female,Orthopedics,Urgent,30,12,20352.09,7,0
ADM-5602,2024-01-24,PAT-40207,44,Male,General Surgery,Elective,34,6,12066.84,8,1
ADM-5603,2024-01-24,PAT-17292,54,Male,Pediatrics,Emergency,36,1,4244.17,5,0
ADM-5604,2024-01-24,PAT-79318,71,Male,General Surgery,Urgent,22,1,3951.1,6,0
ADM-5605,2024-01-24,PAT-95978,65,Male,Emergency,Emergency,28,2,4539.66,8,0
ADM-5606,2024-01-24,PAT-24713,49,Male,Orthopedics,Elective,10,4,8303.58,8,0
ADM-5607,2024-01-24,PAT-36033,56,Female,Orthopedics,Elective,46,1,3823.4,4,0
ADM-5608,2024-01-24,PAT-71138,35,Male,Cardiology,Emergency,67,2,11730.19,7,0
ADM-5609,2024-01-24,PAT-50256,73,Male,Orthopedics,Emergency,55,3,6998.82,7,1
ADM-5610,2024-01-24,PAT-37668,12,Female,Orthopedics,Emergency,33,1,4017.3,7,0
ADM-5611,2024-01-24,PAT-33057,43,Female,Orthopedics,Elective,31,5,11896.07,7,0
ADM-5612,2024-01-24,PAT-93894,47,Male,General Surgery,Urgent,41,2,7759.13,7,0
ADM-5613,2024-01-24,PAT-40571,49,Female,Emergency,Urgent,47,1,3773.1,8,0
ADM-5614,2024-01-25,PAT-14892,44,Male,Orthopedics,Urgent,27,4,8802.88,9,0
ADM-5615,2024-01-25,PAT-66340,56,Female,Pediatrics,Elective,38,3,5894.03,8,0
ADM-5616,2024-01-25,PAT-21261,37,Female,Pediatrics,Emergency,31,1,4457.31,6,0
ADM-5617,2024-01-25,PAT-68440,44,Male,Orthopedics,Elective,33,1,3570.43,6,0
ADM-5618,2024-01-25,PAT-64721,50,Female,General Surgery,Urgent,18,2,6273.24,7,0
ADM-5619,2024-01-25,PAT-94027,49,Male,Pediatrics,Urgent,27,10,16309.19,8,0
ADM-5620,2024-01-25,PAT-66673,26,Male,Pediatrics,Emergency,22,2,5150.9,7,1
ADM-5621,2024-01-25,PAT-22861,54,Female,Emergency,Urgent,40,1,3388.64,6,0
ADM-5622,2024-01-25,PAT-14502,26,Male,Cardiology,Emergency,45,5,20255.38,7,0
ADM-5623,2024-01-25,PAT-21876,69,Male,General Surgery,Elective,29,2,7600.27,7,0
ADM-5624,2024-01-25,PAT-28274,50,Male,Pediatrics,Elective,40,8,13930.92,5,0
ADM-5625,2024-01-25,PAT-13503,76,Male,Orthopedics,Emergency,39,1,3214.52,6,0
ADM-5626,2024-01-25,PAT-27445,46,Male,Orthopedics,Urgent,31,1,6264.39,7,0
ADM-5627,2024-01-25,PAT-26964,54,Female,Pediatrics,Elective,22,6,11688.41,6,0
ADM-5628,2024-01-25,PAT-34709,31,Male,General Surgery,Urgent,20,4,8231.47,6,0
ADM-5629,2024-01-25,PAT-50355,20,Male,Pediatrics,Urgent,16,1,3279.94,9,0
ADM-5630,2024-01-25,PAT-96154,42,Female,Emergency,Elective,105,4,7506.89,6,0
ADM-5631,2024-01-25,PAT-27086,58,Male,General Surgery,Elective,38,4,9487.01,6,0
ADM-5632,2024-01-25,PAT-23407,56,Male,General Surgery,Urgent,38,1,5568.98,6,0
ADM-5633,2024-01-25,PAT-13018,66,Female,Cardiology,Emergency,50,2,15946.15,8,0
ADM-5634,2024-01-25,PAT-64917,45,Male,Cardiology,Urgent,69,2,11829.83,4,0
ADM-5635,2024-01-25,PAT-64868,60,Female,Emergency,Elective,47,11,13723.46,5,0
ADM-5636,2024-01-25,PAT-15494,33,Female,Cardiology,Emergency,42,4,17503.06,7,0
ADM-5637,2024-01-25,PAT-80043,55,Male,Pediatrics,Urgent,32,7,11536.61,6,0
ADM-5638,2024-01-25,PAT-55963,95,Female,Pediatrics,Emergency,17,1,5720.62,6,0
ADM-5639,2024-01-26,PAT-94590,60,Female,Pediatrics,Urgent,33,1,4594.22,7,0
ADM-5640,2024-01-26,PAT-81637,65,Female,Emergency,Emergency,66,2,4871.83,5,0
ADM-5641,2024-01-26,PAT-79990,85,Male,Orthopedics,Elective,21,10,18617.77,8,1
ADM-5642,2024-01-26,PAT-11976,59,Female,Cardiology,Urgent,46,2,9932.19,6,0
ADM-5643,2024-01-26,PAT-41709,57,Male,Emergency,Emergency,43,1,3222.16,7,0
ADM-5644,2024-01-26,PAT-64916,20,Male,Cardiology,Elective,50,3,11327.25,6,0
ADM-5645,2024-01-26,PAT-73090,60,Male,Orthopedics,Elective,49,1,5745.54,5,0
ADM-5646,2024-01-26,PAT-87837,53,Male,Emergency,Emergency,88,3,5559.99,6,0
ADM-5647,2024-01-26,PAT-61055,59,Female,Pediatrics,Elective,27,1,5874.23,6,0
ADM-5648,2024-01-26,PAT-37727,58,Male,Pediatrics,Urgent,34,2,5586.62,9,0
ADM-5649,2024-01-26,PAT-50857,66,Female,General Surgery,Elective,41,1,5818.95,6,0
ADM-5650,2024-01-26,PAT-73102,25,Male,Emergency,Urgent,5,1,2937.74,8,0
ADM-5651,2024-01-26,PAT-55427,41,Female,General Surgery,Emergency,59,1,2911.76,5,0
ADM-5652,2024-01-26,PAT-35275,68,Female,Cardiology,Elective,66,2,9883.27,8,0
ADM-5653,2024-01-26,PAT-54459,57,Female,Orthopedics,Urgent,21,6,11433.25,8,0
ADM-5654,2024-01-26,PAT-40208,42,Male,Orthopedics,Urgent,10,3,7637.61,8,1
ADM-5655,2024-01-26,PAT-88373,22,Male,General Surgery,Emergency,38,8,14071.89,7,0
ADM-5656,2024-01-26,PAT-49994,25,Male,Cardiology,Urgent,57,3,14467.91,5,0
ADM-5657,2024-01-26,PAT-70115,23,Male,Pediatrics,Urgent,43,1,3648.11,6,0
ADM-5658,2024-01-26,PAT-19785,53,Female,Orthopedics,Urgent,24,4,8104.09,7,0
ADM-5659,2024-01-26,PAT-40290,32,Female,Cardiology,Urgent,40,12,39148.34,4,0
ADM-5660,2024-01-26,PAT-12090,55,Male,Emergency,Elective,79,1,4165.86,5,0
ADM-5661,2024-01-26,PAT-19545,47,Female,Cardiology,Urgent,36,6,22480.8,6,1
ADM-5662,2024-01-26,PAT-99393,35,Male,Pediatrics,Emergency,38,1,3589.8,10,0
ADM-5663,2024-01-26,PAT-58508,6,Male,General Surgery,Elective,42,4,8240.28,6,0
ADM-5664,2024-01-26,PAT-18659,54,Female,Pediatrics,Elective,44,2,7086.59,6,0
ADM-5665,2024-01-26,PAT-97206,60,Female,Orthopedics,Elective,28,7,13219.74,8,0
ADM-5666,2024-01-27,PAT-21169,45,Male,Cardiology,Urgent,38,2,15261.31,7,0
ADM-5667,2024-01-27,PAT-55308,37,Female,Pediatrics,Urgent,33,1,4123.23,7,0
ADM-5668,2024-01-27,PAT-78867,35,Male,Orthopedics,Elective,50,3,8328.14,5,0
ADM-5669,2024-01-27,PAT-22261,47,Male,Emergency,Emergency,125,1,4653.16,5,0
ADM-5670,2024-01-27,PAT-65846,69,Female,Emergency,Emergency,54,1,3896.45,6,0
ADM-5671,2024-01-27,PAT-63489,52,Female,Orthopedics,Emergency,48,1,3956.9,4,0
ADM-5672,2024-01-27,PAT-42349,56,Male,Orthopedics,Urgent,24,1,5135.0,7,0
ADM-5673,2024-01-27,PAT-93252,43,Female,General Surgery,Urgent,48,1,3353.7,7,0
ADM-5674,2024-01-27,PAT-59715,93,Female,Cardiology,Emergency,57,2,16733.31,6,0
ADM-5675,2024-01-27,PAT-94894,53,Male,General Surgery,Emergency,22,1,3515.57,7,0
ADM-5676,2024-01-27,PAT-24033,37,Female,Pediatrics,Emergency,23,1,6061.0,5,0
ADM-5677,2024-01-27,PAT-90573,59,Male,Emergency,Urgent,79,4,7456.16,6,0
ADM-5678,2024-01-27,PAT-55506,55,Female,Orthopedics,Urgent,50,3,8371.68,7,1
ADM-5679,2024-01-27,PAT-96520,64,Male,Orthopedics,Elective,19,2,7561.32,7,0
ADM-5680,2024-01-27,PAT-38248,51,Female,Orthopedics,Elective,42,4,10479.64,7,0
ADM-5681,2024-01-27,PAT-59651,72,Male,Cardiology,Urgent,44,9,32098.23,8,0
ADM-5682,2024-01-27,PAT-12973,50,Male,Emergency,Urgent,43,4,6884.33,4,0
ADM-5683,2024-01-27,PAT-38943,49,Female,General Surgery,Elective,21,2,6979.71,7,0
ADM-5684,2024-01-27,PAT-86477,65,Female,General Surgery,Urgent,20,5,10132.74,7,0
ADM-5685,2024-01-27,PAT-34281,44,Male,Emergency,Emergency,68,3,5976.13,5,0
ADM-5686,2024-01-27,PAT-84777,15,Male,Orthopedics,Emergency,35,1,4073.57,7,0
ADM-5687,2024-01-27,PAT-64007,66,Female,Orthopedics,Emergency,27,1,4555.93,8,0
ADM-5688,2024-01-27,PAT-93542,81,Female,Pediatrics,Elective,24,2,7353.75,6,0
ADM-5689,2024-01-27,PAT-67991,57,Female,Pediatrics,Emergency,29,1,4231.1,7,0
ADM-5690,2024-01-27,PAT-98768,28,Male,Emergency,Elective,10,4,6353.38,5,0
ADM-5691,2024-01-27,PAT-67238,55,Female,General Surgery,Emergency,18,1,3931.67,7,0
ADM-5692,2024-01-27,PAT-54245,38,Male,Emergency,Elective,90,3,5889.63,4,0
ADM-5693,2024-01-27,PAT-95362,14,Female,Cardiology,Emergency,49,16,43770.65,6,0
ADM-5694,2024-01-27,PAT-17746,70,Female,Cardiology,Elective,51,2,14857.4,8,0
ADM-5695,2024-01-27,PAT-54257,73,Male,Orthopedics,Emergency,45,4,7480.73,6,0
ADM-5696,2024-01-27,PAT-15613,63,Male,Orthopedics,Emergency,41,3,5928.01,8,0
ADM-5697,2024-01-27,PAT-83311,43,Female,Pediatrics,Elective,12,2,6754.65,8,0
ADM-5698,2024-01-27,PAT-94044,43,Female,Cardiology,Elective,19,5,19960.46,6,0
ADM-5699,2024-01-27,PAT-20183,64,Male,Emergency,Urgent,84,3,5854.03,7,0
ADM-5700,2024-01-28,PAT-65015,70,Male,General Surgery,Urgent,26,6,12428.89,4,0
ADM-5701,2024-01-28,PAT-74412,3,Male,Emergency,Elective,47,1,2618.21,7,0
ADM-5702,2024-01-28,PAT-90748,61,Female,General Surgery,Urgent,28,1,5707.92,6,0
ADM-5703,2024-01-28,PAT-59008,43,Female,Orthopedics,Emergency,18,1,3034.09,6,0
ADM-5704,2024-01-28,PAT-42602,49,Female,Pediatrics,Emergency,28,4,7995.36,8,0
ADM-5705,2024-01-28,PAT-40224,66,Female,General Surgery,Elective,30,1,3275.35,5,0
ADM-5706,2024-01-28,PAT-57415,70,Male,Cardiology,Urgent,41,9,26901.75,6,0
ADM-5707,2024-01-28,PAT-52877,30,Male,Cardiology,Elective,47,2,16441.16,4,0
ADM-5708,2024-01-28,PAT-76202,58,Male,Orthopedics,Urgent,39,2,4338.92,7,0
ADM-5709,2024-01-28,PAT-26294,31,Male,Cardiology,Emergency,15,2,8987.45,8,0
ADM-5710,2024-01-28,PAT-75287,63,Female,Emergency,Emergency,65,1,2772.5,4,0
ADM-5711,2024-01-28,PAT-17785,34,Male,Cardiology,Emergency,17,2,14555.32,6,0
ADM-5712,2024-01-28,PAT-38259,48,Male,General Surgery,Urgent,49,1,5339.92,5,1
ADM-5713,2024-01-28,PAT-76413,47,Female,Orthopedics,Elective,29,1,4729.77,6,0
ADM-5714,2024-01-28,PAT-19103,56,Male,Orthopedics,Emergency,13,4,9299.52,9,0
ADM-5715,2024-01-28,PAT-46236,20,Male,Orthopedics,Elective,19,7,11950.31,8,0
ADM-5716,2024-01-28,PAT-35281,46,Male,Emergency,Urgent,76,1,4017.33,5,0
ADM-5717,2024-01-28,PAT-83244,53,Male,Emergency,Urgent,41,1,3149.18,8,0
ADM-5718,2024-01-28,PAT-66608,57,Female,Pediatrics,Emergency,27,1,4599.94,4,0
ADM-5719,2024-01-28,PAT-64653,49,Male,Orthopedics,Emergency,35,1,3192.42,8,1
ADM-5720,2024-01-28,PAT-73402,88,Female,Orthopedics,Elective,35,1,3382.93,6,1
ADM-5721,2024-01-28,PAT-61060,82,Male,Emergency,Emergency,32,2,3738.24,6,0
ADM-5722,2024-01-28,PAT-67795,3,Female,Pediatrics,Emergency,32,1,4888.49,6,0
ADM-5723,2024-01-28,PAT-16993,61,Male,General Surgery,Emergency,29,5,11031.78,4,0
ADM-5724,2024-01-28,PAT-40901,59,Male,Cardiology,Emergency,47,3,11747.0,6,0
ADM-5725,2024-01-28,PAT-40613,22,Female,Emergency,Emergency,124,1,3660.55,5,1
ADM-5726,2024-01-28,PAT-61628,48,Female,Cardiology,Elective,40,2,10603.44,6,0
ADM-5727,2024-01-28,PAT-95993,20,Male,Cardiology,Elective,38,4,19976.52,8,0
ADM-5728,2024-01-28,PAT-93025,44,Male,Emergency,Urgent,67,1,3113.1,7,0
ADM-5729,2024-01-28,PAT-52760,50,Female,Cardiology,Elective,57,7,24359.58,4,1
ADM-5730,2024-01-28,PAT-76951,63,Male,Emergency,Elective,57,1,3795.8,5,0
ADM-5731,2024-01-28,PAT-76660,63,Male,Emergency,Emergency,51,1,3237.42,9,1
ADM-5732,2024-01-28,PAT-99644,36,Male,Orthopedics,Elective,33,2,4532.91,6,0
ADM-5733,2024-01-29,PAT-94815,52,Female,Cardiology,Emergency,55,16,43994.74,8,0
ADM-5734,2024-01-29,PAT-33778,40,Male,Cardiology,Emergency,69,2,16044.92,6,0
ADM-5735,2024-01-29,PAT-23068,60,Male,Orthopedics,Emergency,43,3,8253.68,6,0
ADM-5736,2024-01-29,PAT-15523,42,Female,Emergency,Emergency,15,1,2001.17,7,0
ADM-5737,2024-01-29,PAT-51730,44,Male,Cardiology,Elective,48,5,20874.49,6,0
ADM-5738,2024-01-29,PAT-67540,84,Female,Orthopedics,Urgent,34,1,4566.56,6,0
ADM-5739,2024-01-29,PAT-60118,41,Female,Orthopedics,Emergency,31,3,8438.01,5,1
ADM-5740,2024-01-29,PAT-44587,45,Male,Orthopedics,Emergency,42,1,4009.95,7,0
ADM-5741,2024-01-29,PAT-34321,91,Female,Orthopedics,Urgent,21,1,3651.24,8,0
ADM-5742,2024-01-29,PAT-53368,68,Female,Pediatrics,Emergency,29,1,4725.61,8,1
ADM-5743,2024-01-29,PAT-84600,25,Male,Orthopedics,Elective,24,5,11890.04,10,0
ADM-5744,2024-01-29,PAT-82441,57,Female,Pediatrics,Emergency,19,1,5419.73,9,0
ADM-5745,2024-01-29,PAT-66060,30,Female,Cardiology,Elective,40,25,70387.07,8,0
ADM-5746,2024-01-29,PAT-11752,63,Male,General Surgery,Urgent,24,3,7481.24,8,0
ADM-5747,2024-01-29,PAT-84918,48,Male,Pediatrics,Urgent,23,2,5099.38,6,0
ADM-5748,2024-01-29,PAT-71930,54,Female,Cardiology,Urgent,51,7,24779.99,5,1
ADM-5749,2024-01-29,PAT-59736,78,Female,Cardiology,Elective,54,11,34809.58,6,0
ADM-5750,2024-01-29,PAT-47238,72,Female,Cardiology,Urgent,15,6,25284.84,8,0
ADM-5751,2024-01-29,PAT-80614,33,Female,Emergency,Urgent,50,1,2359.48,7,0
ADM-5752,2024-01-29,PAT-23715,62,Male,Pediatrics,Urgent,27,4,9518.85,5,0
ADM-5753,2024-01-29,PAT-63664,61,Female,Orthopedics,Elective,45,1,5762.26,6,0
ADM-5754,2024-01-30,PAT-31813,51,Male,Orthopedics,Urgent,27,4,10001.56,7,0
ADM-5755,2024-01-30,PAT-97642,55,Female,Cardiology,Urgent,54,7,20826.26,7,0
ADM-5756,2024-01-30,PAT-92437,49,Male,General Surgery,Emergency,38,1,3294.07,6,0
ADM-5757,2024-01-30,PAT-94433,54,Female,Pediatrics,Urgent,46,3,8248.38,6,0
ADM-5758,2024-01-30,PAT-91041,68,Male,Orthopedics,Urgent,33,2,6349.26,6,0
ADM-5759,2024-01-30,PAT-32902,38,Female,Cardiology,Emergency,46,3,12885.6,8,0
ADM-5760,2024-01-30,PAT-31327,44,Female,General Surgery,Elective,47,8,14909.14,3,0
ADM-5761,2024-01-30,PAT-70353,64,Female,Cardiology,Urgent,48,2,12221.52,8,0
ADM-5762,2024-01-30,PAT-93699,41,Female,Orthopedics,Urgent,27,1,4259.67,5,0
ADM-5763,2024-01-30,PAT-82887,13,Female,Orthopedics,Elective,52,7,11337.17,6,0
ADM-5764,2024-01-30,PAT-36507,57,Male,Orthopedics,Emergency,42,4,9052.29,7,0
ADM-5765,2024-01-30,PAT-21815,22,Female,Cardiology,Elective,62,4,18763.94,7,0
ADM-5766,2024-01-30,PAT-16157,62,Female,Cardiology,Emergency,60,2,9032.23,6,0
ADM-5767,2024-01-30,PAT-97112,70,Female,Cardiology,Elective,20,2,10423.05,8,0
ADM-5768,2024-01-30,PAT-10600,26,Female,Pediatrics,Elective,21,1,3544.51,7,0
ADM-5769,2024-01-30,PAT-47106,1,Male,Orthopedics,Emergency,20,1,3489.19,8,0
ADM-5770,2024-01-30,PAT-62916,72,Female,Pediatrics,Emergency,31,1,5261.14,6,0
ADM-5771,2024-01-30,PAT-59623,65,Male,Pediatrics,Elective,28,10,15717.83,8,0
ADM-5772,2024-01-30,PAT-64571,38,Female,Cardiology,Elective,24,2,15873.36,8,0
ADM-5773,2024-01-30,PAT-72058,45,Male,Orthopedics,Urgent,34,1,5056.54,7,0
ADM-5774,2024-01-30,PAT-45280,35,Male,Orthopedics,Urgent,44,1,3511.74,6,0
ADM-5775,2024-01-30,PAT-26005,61,Female,General Surgery,Elective,33,1,4902.77,7,0
ADM-5776,2024-01-30,PAT-20534,56,Female,Cardiology,Elective,60,2,12924.69,3,0
ADM-5777,2024-01-30,PAT-86042,61,Male,Pediatrics,Emergency,41,1,3656.52,6,0
ADM-5778,2024-01-30,PAT-58625,69,Female,General Surgery,Emergency,27,2,7336.47,6,0
ADM-5779,2024-01-30,PAT-75081,79,Female,General Surgery,Urgent,30,2,6784.96,5,0
ADM-5780,2024-01-30,PAT-96330,59,Male,General Surgery,Elective,14,2,4644.93,9,1
ADM-5781,2024-01-30,PAT-86441,11,Male,Pediatrics,Emergency,32,2,4554.37,7,1
ADM-5782,2024-01-30,PAT-51429,56,Female,Cardiology,Elective,57,7,23788.92,6,1
ADM-5783,2024-01-30,PAT-85732,65,Male,Emergency,Urgent,61,1,3707.08,6,0
ADM-5784,2024-01-30,PAT-18207,45,Male,Pediatrics,Emergency,25,1,5785.95,5,0
ADM-5785,2024-01-30,PAT-50970,47,Male,Cardiology,Emergency,70,6,25015.4,6,0
ADM-5786,2024-01-31,PAT-74106,15,Female,Cardiology,Urgent,25,4,18511.25,6,0
ADM-5787,2024-01-31,PAT-92188,63,Male,Pediatrics,Emergency,33,1,5828.7,7,0
ADM-5788,2024-01-31,PAT-88367,58,Female,Cardiology,Emergency,57,2,8842.69,4,0
ADM-5789,2024-01-31,PAT-26495,35,Male,Orthopedics,Elective,40,2,7449.77,7,0
ADM-5790,2024-01-31,PAT-85153,56,Female,Pediatrics,Elective,10,1,3023.16,6,0
ADM-5791,2024-01-31,PAT-36828,4,Male,General Surgery,Emergency,51,5,9888.31,5,0
ADM-5792,2024-01-31,PAT-88867,52,Female,Orthopedics,Elective,42,4,8858.04,7,0
ADM-5793,2024-01-31,PAT-74270,40,Male,Emergency,Emergency,28,6,8454.92,5,0
ADM-5794,2024-01-31,PAT-88663,52,Male,Orthopedics,Urgent,10,2,5222.92,7,1
ADM-5795,2024-01-31,PAT-56831,69,Male,General Surgery,Urgent,45,1,3866.11,7,0
ADM-5796,2024-01-31,PAT-69402,54,Female,Pediatrics,Emergency,22,4,10263.66,6,0
ADM-5797,2024-01-31,PAT-17505,76,Female,Orthopedics,Emergency,14,1,4816.01,9,0
ADM-5798,2024-01-31,PAT-15478,64,Male,Pediatrics,Elective,38,3,8637.23,6,0
ADM-5799,2024-01-31,PAT-23164,23,Female,Orthopedics,Urgent,26,1,3797.42,9,0
ADM-5800,2024-01-31,PAT-97170,55,Male,Cardiology,Elective,67,8,29226.29,5,0
ADM-5801,2024-01-31,PAT-62025,1,Male,Pediatrics,Emergency,43,10,18797.05,5,0
ADM-5802,2024-01-31,PAT-53497,89,Female,Emergency,Emergency,60,3,5963.55,5,0
ADM-5803,2024-01-31,PAT-26487,53,Female,General Surgery,Urgent,20,1,5899.9,6,0
ADM-5804,2024-01-31,PAT-30030,54,Male,Emergency,Emergency,63,1,2726.77,6,0
ADM-5805,2024-01-31,PAT-11819,67,Female,Pediatrics,Elective,23,3,9156.98,6,0
ADM-5806,2024-02-01,PAT-79795,68,Female,General Surgery,Urgent,10,1,4450.27,7,0
ADM-5807,2024-02-01,PAT-53028,62,Male,General Surgery,Urgent,33,2,4748.2,6,0
ADM-5808,2024-02-01,PAT-85152,44,Female,Emergency,Urgent,22,1,2893.55,6,0
ADM-5809,2024-02-01,PAT-81580,28,Male,Cardiology,Urgent,26,23,64950.52,10,0
ADM-5810,2024-02-01,PAT-47590,60,Male,General Surgery,Emergency,23,1,6172.34,7,0
ADM-5811,2024-02-01,PAT-70216,51,Male,Emergency,Urgent,78,1,4203.67,10,0
ADM-5812,2024-02-01,PAT-63828,68,Male,Cardiology,Urgent,31,2,10958.64,6,1
ADM-5813,2024-02-01,PAT-59165,50,Male,Emergency,Urgent,64,3,5953.38,6,0
ADM-5814,2024-02-01,PAT-45950,51,Male,General Surgery,Elective,27,3,9009.82,6,0
ADM-5815,2024-02-01,PAT-73501,35,Female,General Surgery,Emergency,29,1,3115.5,9,0
ADM-5816,2024-02-01,PAT-50876,69,Male,Cardiology,Emergency,32,2,9815.05,7,0
ADM-5817,2024-02-01,PAT-18038,51,Male,Orthopedics,Urgent,25,1,3006.16,7,0
ADM-5818,2024-02-01,PAT-63054,79,Male,Pediatrics,Elective,19,4,8455.07,8,0
ADM-5819,2024-02-01,PAT-18172,44,Female,Pediatrics,Elective,34,1,3040.7,8,0
ADM-5820,2024-02-01,PAT-16276,37,Male,Orthopedics,Elective,38,1,5275.08,7,0
ADM-5821,2024-02-01,PAT-65913,44,Male,Orthopedics,Emergency,36,2,5560.33,7,0
ADM-5822,2024-02-01,PAT-84309,61,Female,Emergency,Elective,62,1,3319.82,8,0
ADM-5823,2024-02-01,PAT-70028,62,Male,Emergency,Urgent,82,1,2936.63,4,0
ADM-5824,2024-02-01,PAT-27035,78,Female,General Surgery,Emergency,24,1,6329.07,5,0
ADM-5825,2024-02-01,PAT-28940,54,Male,Emergency,Urgent,110,6,10245.98,4,0
ADM-5826,2024-02-01,PAT-52563,83,Male,Emergency,Urgent,70,4,6342.65,5,0
ADM-5827,2024-02-01,PAT-94023,55,Male,Orthopedics,Elective,28,1,5196.4,5,0
ADM-5828,2024-02-01,PAT-44283,79,Male,Emergency,Emergency,50,1,2964.62,6,0
ADM-5829,2024-02-01,PAT-17650,30,Female,Cardiology,Emergency,40,15,43712.09,7,0
ADM-5830,2024-02-01,PAT-33012,36,Male,General Surgery,Elective,30,1,4432.47,8,0
ADM-5831,2024-02-01,PAT-15687,43,Female,Pediatrics,Emergency,50,1,5337.6,7,0
ADM-5832,2024-02-01,PAT-29661,49,Female,General Surgery,Emergency,10,1,3517.17,6,0
ADM-5833,2024-02-01,PAT-94998,42,Male,General Surgery,Elective,16,16,25188.25,7,0
ADM-5834,2024-02-01,PAT-19942,50,Male,Cardiology,Urgent,51,3,14781.95,6,0
ADM-5835,2024-02-01,PAT-67895,86,Male,Emergency,Emergency,80,1,3090.53,5,0
ADM-5836,2024-02-01,PAT-99233,71,Female,General Surgery,Elective,45,1,3800.65,7,0
ADM-5837,2024-02-01,PAT-52576,47,Female,Orthopedics,Elective,42,1,6143.07,7,0
ADM-5838,2024-02-01,PAT-90652,84,Female,Cardiology,Emergency,35,2,15154.6,5,0
ADM-5839,2024-02-01,PAT-57877,39,Male,Orthopedics,Emergency,18,1,5372.94,7,0
ADM-5840,2024-02-02,PAT-12523,37,Male,Pediatrics,Emergency,24,1,5155.78,6,0
ADM-5841,2024-02-02,PAT-86584,33,Female,General Surgery,Elective,40,4,10066.12,7,0
ADM-5842,2024-02-02,PAT-46095,54,Male,Pediatrics,Elective,32,2,5546.9,8,0
ADM-5843,2024-02-02,PAT-78674,52,Male,Cardiology,Elective,36,2,14565.35,7,0
ADM-5844,2024-02-02,PAT-69140,63,Female,Emergency,Emergency,92,1,3935.59,6,0
ADM-5845,2024-02-02,PAT-65075,32,Female,Pediatrics,Emergency,30,1,3656.28,8,0
ADM-5846,2024-02-02,PAT-13490,47,Male,Pediatrics,Emergency,10,1,5075.49,7,0
ADM-5847,2024-02-02,PAT-36232,72,Male,Cardiology,Elective,39,3,17764.01,4,0
ADM-5848,2024-02-02,PAT-52439,37,Male,General Surgery,Elective,28,2,6429.87,6,1
ADM-5849,2024-02-02,PAT-11147,30,Female,Emergency,Emergency,39,1,3591.03,3,0
ADM-5850,2024-02-02,PAT-37004,39,Female,Pediatrics,Elective,34,6,11747.8,7,0
ADM-5851,2024-02-02,PAT-84496,58,Male,Cardiology,Elective,15,2,15452.7,6,0
ADM-5852,2024-02-02,PAT-94313,29,Male,Orthopedics,Emergency,31,6,10985.09,7,0
ADM-5853,2024-02-02,PAT-49591,36,Male,Cardiology,Elective,63,2,14776.86,5,0
ADM-5854,2024-02-02,PAT-72858,50,Female,Orthopedics,Urgent,31,2,5033.84,6,0
ADM-5855,2024-02-02,PAT-25597,43,Male,Pediatrics,Elective,18,3,7189.17,9,1
ADM-5856,2024-02-02,PAT-48157,42,Male,General Surgery,Emergency,51,3,6771.79,6,0
ADM-5857,2024-02-02,PAT-10085,67,Female,Pediatrics,Elective,18,1,4731.88,7,0
ADM-5858,2024-02-02,PAT-97752,22,Female,Pediatrics,Urgent,36,4,8821.34,7,0
ADM-5859,2024-02-02,PAT-73828,56,Female,Pediatrics,Emergency,10,3,8511.26,7,0
ADM-5860,2024-02-03,PAT-40671,63,Male,Cardiology,Elective,18,2,9497.77,7,0
ADM-5861,2024-02-03,PAT-80675,31,Male,Emergency,Elective,100,5,8397.03,5,0
ADM-5862,2024-02-03,PAT-26788,73,Female,Orthopedics,Elective,44,8,14800.41,4,1
ADM-5863,2024-02-03,PAT-42925,53,Male,Pediatrics,Emergency,17,2,7155.45,7,0
ADM-5864,2024-02-03,PAT-99646,42,Female,Cardiology,Emergency,25,2,14911.82,5,0
ADM-5865,2024-02-03,PAT-44567,56,Male,Emergency,Urgent,63,1,3007.03,6,0
ADM-5866,2024-02-03,PAT-80834,59,Female,Emergency,Emergency,86,2,4603.27,5,0
ADM-5867,2024-02-03,PAT-25630,39,Male,Emergency,Urgent,104,4,6659.8,4,0
ADM-5868,2024-02-03,PAT-29267,47,Male,Orthopedics,Emergency,22,1,5113.77,10,0
ADM-5869,2024-02-03,PAT-53404,90,Female,General Surgery,Elective,17,7,13886.76,6,0
ADM-5870,2024-02-03,PAT-78388,71,Female,Cardiology,Urgent,69,2,16739.3,7,0
ADM-5871,2024-02-03,PAT-94540,15,Male,Pediatrics,Elective,27,7,12840.27,9,1
ADM-5872,2024-02-03,PAT-91940,29,Female,Orthopedics,Urgent,10,1,3990.39,8,0
ADM-5873,2024-02-03,PAT-19782,64,Male,Orthopedics,Emergency,32,1,6055.3,7,0
ADM-5874,2024-02-03,PAT-91964,66,Female,Orthopedics,Emergency,32,1,5770.2,7,0
ADM-5875,2024-02-03,PAT-91084,35,Male,Cardiology,Elective,45,4,16144.55,7,0
ADM-5876,2024-02-03,PAT-22871,60,Female,Orthopedics,Urgent,40,1,3616.71,5,0
ADM-5877,2024-02-03,PAT-10152,76,Male,Pediatrics,Elective,10,1,5952.15,7,0
ADM-5878,2024-02-03,PAT-10018,39,Female,General Surgery,Elective,24,5,9614.41,7,0
ADM-5879,2024-02-03,PAT-57121,15,Female,Pediatrics,Urgent,22,3,9025.73,7,0
ADM-5880,2024-02-03,PAT-49373,47,Female,General Surgery,Elective,34,1,2992.41,7,0
ADM-5881,2024-02-03,PAT-87863,29,Male,Emergency,Emergency,68,1,4006.52,7,0
ADM-5882,2024-02-03,PAT-84902,67,Female,Emergency,Elective,9,1,2039.06,9,0
ADM-5883,2024-02-03,PAT-98478,61,Female,Pediatrics,Urgent,43,1,6247.49,6,0
ADM-5884,2024-02-04,PAT-72267,64,Female,Pediatrics,Emergency,40,1,3677.57,6,0
ADM-5885,2024-02-04,PAT-87302,80,Female,Orthopedics,Elective,47,2,6028.21,6,0
ADM-5886,2024-02-04,PAT-16944,66,Female,Cardiology,Emergency,33,2,8931.23,6,0
ADM-5887,2024-02-04,PAT-25437,47,Female,Emergency,Urgent,50,3,5876.49,4,0
ADM-5888,2024-02-04,PAT-38684,29,Male,Pediatrics,Urgent,22,1,5023.68,6,0
ADM-5889,2024-02-04,PAT-95672,35,Male,Orthopedics,Urgent,27,5,11847.26,6,0
ADM-5890,2024-02-04,PAT-30735,33,Female,Emergency,Urgent,30,1,2487.22,7,0
ADM-5891,2024-02-04,PAT-93685,49,Female,Emergency,Urgent,76,2,4462.49,4,0
ADM-5892,2024-02-04,PAT-88041,55,Male,Emergency,Emergency,63,1,3800.02,7,0
ADM-5893,2024-02-04,PAT-64896,51,Female,Orthopedics,Emergency,32,3,7733.82,6,0
ADM-5894,2024-02-04,PAT-73720,60,Male,Emergency,Urgent,85,2,4080.5,6,0
ADM-5895,2024-02-04,PAT-39456,27,Female,Cardiology,Urgent,49,2,10683.85,7,0
ADM-5896,2024-02-04,PAT-23962,91,Male,General Surgery,Urgent,52,12,19563.55,6,0
ADM-5897,2024-02-04,PAT-37669,56,Male,Emergency,Emergency,17,11,14331.08,6,0
ADM-5898,2024-02-04,PAT-32600,44,Female,Pediatrics,Elective,28,4,7767.51,9,0
ADM-5899,2024-02-04,PAT-45630,88,Male,Orthopedics,Emergency,16,1,4562.77,7,0
ADM-5900,2024-02-04,PAT-73318,81,Female,Cardiology,Elective,37,2,9006.05,7,0
ADM-5901,2024-02-04,PAT-66109,50,Male,Emergency,Urgent,43,1,3671.59,6,0
ADM-5902,2024-02-04,PAT-28232,87,Female,Cardiology,Emergency,32,7,21522.27,7,0
ADM-5903,2024-02-04,PAT-95579,82,Male,Emergency,Urgent,58,1,3851.15,6,1
ADM-5904,2024-02-04,PAT-51174,61,Male,Cardiology,Emergency,47,2,9671.16,6,0
ADM-5905,2024-02-04,PAT-80655,32,Male,General Surgery,Emergency,42,1,4679.52,8,0
ADM-5906,2024-02-04,PAT-39300,50,Male,Cardiology,Elective,35,4,21338.73,6,0
ADM-5907,2024-02-04,PAT-75912,18,Male,Orthopedics,Emergency,33,3,7063.52,4,0
ADM-5908,2024-02-04,PAT-19110,58,Female,Pediatrics,Urgent,10,1,4643.27,6,0
ADM-5909,2024-02-04,PAT-75491,49,Male,General Surgery,Emergency,10,3,8013.67,8,0
ADM-5910,2024-02-04,PAT-84259,17,Female,General Surgery,Elective,34,2,4975.52,8,0
ADM-5911,2024-02-04,PAT-12363,39,Female,Emergency,Emergency,99,1,4313.68,5,0
ADM-5912,2024-02-04,PAT-41903,34,Female,Emergency,Emergency,67,1,3877.48,7,0
ADM-5913,2024-02-05,PAT-61901,16,Female,Pediatrics,Elective,17,1,4176.97,6,0
ADM-5914,2024-02-05,PAT-54088,37,Male,Cardiology,Urgent,63,2,9267.39,4,0
ADM-5915,2024-02-05,PAT-30581,72,Male,Emergency,Emergency,117,3,6843.94,6,0
ADM-5916,2024-02-05,PAT-72348,30,Female,Emergency,Urgent,77,9,12803.98,7,0
ADM-5917,2024-02-05,PAT-34616,46,Male,Orthopedics,Urgent,43,1,6323.52,7,0
ADM-5918,2024-02-05,PAT-78983,95,Male,Cardiology,Elective,55,6,23177.06,5,0
ADM-5919,2024-02-05,PAT-85958,35,Male,Emergency,Urgent,143,1,4574.05,5,0
ADM-5920,2024-02-05,PAT-81438,54,Female,Emergency,Elective,42,1,2617.72,8,0
ADM-5921,2024-02-05,PAT-36257,22,Female,Pediatrics,Elective,27,1,2992.95,6,1
ADM-5922,2024-02-05,PAT-80183,46,Male,General Surgery,Urgent,25,1,5219.66,6,0
ADM-5923,2024-02-05,PAT-86840,46,Male,Emergency,Emergency,53,1,3853.12,5,0
ADM-5924,2024-02-05,PAT-49724,41,Male,Emergency,Emergency,65,2,4674.18,7,0
ADM-5925,2024-02-05,PAT-30705,69,Female,Emergency,Elective,82,5,8083.58,5,0
ADM-5926,2024-02-05,PAT-13719,35,Female,Orthopedics,Emergency,32,1,4258.65,6,0
ADM-5927,2024-02-05,PAT-74339,54,Female,Emergency,Elective,102,1,3196.93,3,0
ADM-5928,2024-02-05,PAT-32542,85,Female,Cardiology,Elective,44,2,9202.52,7,0
ADM-5929,2024-02-05,PAT-98823,36,Male,Orthopedics,Urgent,10,4,8358.13,4,0
ADM-5930,2024-02-05,PAT-70252,71,Female,General Surgery,Urgent,43,3,7819.0,6,0
ADM-5931,2024-02-05,PAT-26553,57,Female,Orthopedics,Elective,30,4,7485.18,8,0
ADM-5932,2024-02-05,PAT-46320,62,Male,General Surgery,Emergency,45,2,5960.2,8,0
ADM-5933,2024-02-05,PAT-12537,73,Male,Emergency,Elective,41,2,4692.4,9,0
ADM-5934,2024-02-05,PAT-65214,72,Male,Emergency,Urgent,90,6,9832.59,5,0
ADM-5935,2024-02-05,PAT-24828,58,Male,Orthopedics,Urgent,31,2,7092.83,6,0
ADM-5936,2024-02-06,PAT-49369,43,Male,Cardiology,Urgent,18,3,16267.5,6,0
ADM-5937,2024-02-06,PAT-70740,49,Male,Cardiology,Emergency,40,2,9282.53,5,0
ADM-5938,2024-02-06,PAT-59145,45,Male,General Surgery,Elective,30,3,6613.93,7,0
ADM-5939,2024-02-06,PAT-31013,34,Female,Orthopedics,Emergency,17,1,5796.57,8,0
ADM-5940,2024-02-06,PAT-87950,47,Female,General Surgery,Elective,10,1,6034.43,8,0
ADM-5941,2024-02-06,PAT-58465,80,Male,Orthopedics,Urgent,26,9,15562.23,8,0
ADM-5942,2024-02-06,PAT-16954,77,Female,Orthopedics,Urgent,38,1,5680.16,7,0
ADM-5943,2024-02-06,PAT-93262,43,Female,General Surgery,Elective,34,1,3731.35,7,0
ADM-5944,2024-02-06,PAT-62143,48,Female,Emergency,Elective,77,1,3444.62,6,0
ADM-5945,2024-02-06,PAT-81978,39,Female,Cardiology,Elective,22,6,19335.26,8,0
ADM-5946,2024-02-06,PAT-36628,67,Male,Pediatrics,Elective,40,1,6192.53,5,0
ADM-5947,2024-02-06,PAT-86594,30,Female,General Surgery,Elective,25,7,12556.57,9,0
ADM-5948,2024-02-06,PAT-91836,45,Male,Orthopedics,Urgent,34,1,5182.14,8,0
ADM-5949,2024-02-06,PAT-30103,1,Male,General Surgery,Elective,10,2,6986.04,9,0
ADM-5950,2024-02-06,PAT-43461,78,Female,Emergency,Urgent,46,6,8153.24,5,0
ADM-5951,2024-02-06,PAT-71891,71,Male,Emergency,Urgent,30,1,2344.67,6,0
ADM-5952,2024-02-06,PAT-90765,27,Female,Pediatrics,Urgent,57,2,5606.45,5,0
ADM-5953,2024-02-06,PAT-64826,86,Male,Cardiology,Urgent,42,2,15460.85,7,0
ADM-5954,2024-02-06,PAT-51307,54,Female,Orthopedics,Urgent,36,7,12167.6,5,0
ADM-5955,2024-02-06,PAT-21984,61,Male,Emergency,Urgent,66,1,3401.27,4,0
ADM-5956,2024-02-06,PAT-24857,60,Female,Cardiology,Urgent,43,2,14465.05,9,0
ADM-5957,2024-02-06,PAT-96276,63,Female,Emergency,Emergency,75,3,5659.73,2,0
ADM-5958,2024-02-06,PAT-47907,74,Female,General Surgery,Emergency,37,3,6798.37,6,0
ADM-5959,2024-02-06,PAT-97982,56,Female,General Surgery,Elective,25,3,8387.75,6,0
ADM-5960,2024-02-06,PAT-25406,46,Male,Cardiology,Urgent,54,2,13696.79,6,0
ADM-5961,2024-02-06,PAT-44429,71,Male,Emergency,Elective,43,1,3417.47,7,0
ADM-5962,2024-02-06,PAT-29830,51,Female,Cardiology,Urgent,33,2,16534.53,6,0
ADM-5963,2024-02-06,PAT-50106,95,Female,General Surgery,Elective,28,1,4896.92,7,0
ADM-5964,2024-02-07,PAT-53878,66,Male,General Surgery,Urgent,41,5,9629.12,9,1
ADM-5965,2024-02-07,PAT-19512,60,Female,Orthopedics,Urgent,25,1,4355.61,7,0
ADM-5966,2024-02-07,PAT-78253,29,Female,Pediatrics,Emergency,39,3,7707.75,9,0
ADM-5967,2024-02-07,PAT-24349,29,Female,Emergency,Elective,104,6,8925.42,4,0
ADM-5968,2024-02-07,PAT-10913,25,Female,Cardiology,Emergency,64,2,15582.03,6,0
ADM-5969,2024-02-07,PAT-88133,62,Male,Orthopedics,Emergency,12,1,5120.15,8,0
ADM-5970,2024-02-07,PAT-89668,59,Male,Orthopedics,Elective,32,2,4674.51,9,0
ADM-5971,2024-02-07,PAT-91791,18,Male,Emergency,Urgent,58,2,3954.9,6,0
ADM-5972,2024-02-07,PAT-75521,80,Male,Pediatrics,Elective,36,2,6793.72,6,0
ADM-5973,2024-02-07,PAT-98953,58,Male,Orthopedics,Emergency,13,3,8696.06,9,0
ADM-5974,2024-02-07,PAT-63371,70,Female,Orthopedics,Emergency,13,1,4025.63,9,0
ADM-5975,2024-02-07,PAT-31460,93,Female,General Surgery,Emergency,20,7,12175.37,5,0
ADM-5976,2024-02-07,PAT-95490,42,Female,General Surgery,Urgent,32,1,3218.78,8,0
ADM-5977,2024-02-07,PAT-27665,63,Female,Pediatrics,Urgent,10,15,25252.51,8,0
ADM-5978,2024-02-07,PAT-16621,71,Male,Pediatrics,Emergency,28,3,6543.82,8,0
ADM-5979,2024-02-07,PAT-98538,61,Female,General Surgery,Urgent,26,1,5000.29,6,1
ADM-5980,2024-02-07,PAT-33015,55,Male,Cardiology,Urgent,68,3,17325.85,7,0
ADM-5981,2024-02-07,PAT-38797,34,Male,Orthopedics,Urgent,20,1,3006.81,7,0
ADM-5982,2024-02-07,PAT-57733,74,Male,Cardiology,Emergency,55,2,11390.54,6,0
ADM-5983,2024-02-07,PAT-30059,47,Male,Cardiology,Elective,58,9,27867.15,6,0
ADM-5984,2024-02-07,PAT-10259,22,Female,General Surgery,Urgent,40,8,13203.95,7,0
ADM-5985,2024-02-07,PAT-91129,55,Female,Cardiology,Emergency,58,7,23715.5,7,0
ADM-5986,2024-02-07,PAT-39784,29,Male,Orthopedics,Elective,49,3,7294.45,7,0
ADM-5987,2024-02-07,PAT-84258,44,Male,General Surgery,Urgent,33,1,2998.73,5,1
ADM-5988,2024-02-07,PAT-91519,24,Male,Emergency,Urgent,83,1,3016.69,4,1
ADM-5989,2024-02-07,PAT-76683,60,Male,Cardiology,Elective,49,6,22948.67,4,0
ADM-5990,2024-02-08,PAT-49255,53,Female,Pediatrics,Emergency,18,1,5818.1,7,0
ADM-5991,2024-02-08,PAT-44825,51,Male,Pediatrics,Emergency,45,4,7629.05,6,0
ADM-5992,2024-02-08,PAT-48678,69,Male,Pediatrics,Urgent,29,8,15426.56,6,0
ADM-5993,2024-02-08,PAT-45816,37,Male,General Surgery,Emergency,38,1,4343.12,8,0
ADM-5994,2024-02-08,PAT-21028,57,Male,Emergency,Urgent,73,3,6353.68,5,0
ADM-5995,2024-02-08,PAT-52309,44,Male,Pediatrics,Urgent,41,1,4528.63,8,0
ADM-5996,2024-02-08,PAT-39927,28,Male,Emergency,Urgent,95,8,10784.67,4,0
ADM-5997,2024-02-08,PAT-86411,19,Male,General Surgery,Emergency,33,3,7483.15,7,0
ADM-5998,2024-02-08,PAT-69111,47,Female,Pediatrics,Elective,52,1,6136.45,8,0
ADM-5999,2024-02-08,PAT-12435,70,Male,Pediatrics,Emergency,15,1,4239.56,7,0
ADM-6000,2024-02-08,PAT-52821,45,Female,Cardiology,Emergency,35,2,12445.73,6,0
ADM-6001,2024-02-08,PAT-56385,34,Female,Emergency,Emergency,67,6,8304.6,8,0
ADM-6002,2024-02-08,PAT-33854,37,Male,Cardiology,Elective,27,3,13288.87,7,0
ADM-6003,2024-02-08,PAT-11890,60,Male,General Surgery,Emergency,22,5,11611.37,6,1
ADM-6004,2024-02-08,PAT-17282,35,Female,General Surgery,Urgent,33,1,5766.17,6,0
ADM-6005,2024-02-08,PAT-60695,65,Male,Cardiology,Emergency,25,8,25602.21,6,0
ADM-6006,2024-02-08,PAT-40426,57,Male,Pediatrics,Emergency,47,4,7523.95,3,0
ADM-6007,2024-02-08,PAT-21110,70,Male,Emergency,Elective,43,1,3368.63,5,0
ADM-6008,2024-02-08,PAT-50887,72,Male,Cardiology,Emergency,58,2,10202.21,7,0
ADM-6009,2024-02-08,PAT-16086,66,Female,General Surgery,Emergency,35,6,10222.06,7,0
ADM-6010,2024-02-08,PAT-23408,55,Female,General Surgery,Urgent,28,1,5439.94,4,0
ADM-6011,2024-02-08,PAT-23232,83,Male,General Surgery,Emergency,26,1,4519.54,8,1
ADM-6012,2024-02-08,PAT-23930,39,Male,Emergency,Elective,87,6,8963.15,5,0
ADM-6013,2024-02-08,PAT-34384,74,Male,Cardiology,Elective,57,7,25513.21,5,0
ADM-6014,2024-02-08,PAT-75180,39,Female,Pediatrics,Emergency,29,6,11442.66,7,0
ADM-6015,2024-02-08,PAT-16139,54,Female,Cardiology,Emergency,39,13,36995.2,6,0
ADM-6016,2024-02-08,PAT-71258,49,Female,Pediatrics,Elective,31,1,3347.07,7,0
ADM-6017,2024-02-08,PAT-97097,67,Female,Pediatrics,Emergency,46,1,4098.04,6,0
ADM-6018,2024-02-08,PAT-71127,42,Female,Orthopedics,Elective,29,6,12750.56,5,0
ADM-6019,2024-02-08,PAT-59828,56,Female,Emergency,Elective,82,1,2973.29,3,0
ADM-6020,2024-02-09,PAT-66659,39,Female,General Surgery,Elective,19,1,3596.69,8,0
ADM-6021,2024-02-09,PAT-26308,29,Male,Cardiology,Emergency,56,2,9261.65,6,0
ADM-6022,2024-02-09,PAT-65766,35,Female,Orthopedics,Elective,19,7,13147.84,9,0
ADM-6023,2024-02-09,PAT-69466,38,Male,Cardiology,Elective,31,12,39151.41,4,0
ADM-6024,2024-02-09,PAT-90129,59,Male,Emergency,Urgent,81,3,6508.83,5,0
ADM-6025,2024-02-09,PAT-25332,50,Female,Pediatrics,Elective,35,2,7195.18,6,0
ADM-6026,2024-02-09,PAT-56790,57,Male,Orthopedics,Urgent,27,3,8087.14,7,0
ADM-6027,2024-02-09,PAT-33276,62,Female,Orthopedics,Urgent,30,2,4688.2,5,0
ADM-6028,2024-02-09,PAT-71261,42,Female,Cardiology,Urgent,45,2,12208.94,6,0
ADM-6029,2024-02-09,PAT-24951,55,Male,Emergency,Elective,85,1,3184.09,5,0
ADM-6030,2024-02-09,PAT-79604,50,Female,Orthopedics,Emergency,20,1,6038.17,7,0
ADM-6031,2024-02-09,PAT-53124,49,Male,Emergency,Elective,102,1,4537.36,7,0
ADM-6032,2024-02-09,PAT-41892,57,Female,Pediatrics,Urgent,31,5,8800.53,7,0
ADM-6033,2024-02-09,PAT-35393,36,Female,Pediatrics,Urgent,34,1,5994.43,5,0
ADM-6034,2024-02-09,PAT-41766,48,Male,Orthopedics,Emergency,33,3,7848.96,6,0
ADM-6035,2024-02-09,PAT-75767,48,Female,Pediatrics,Emergency,17,1,5472.27,7,0
ADM-6036,2024-02-09,PAT-92226,39,Male,Emergency,Elective,85,1,3756.84,5,0
ADM-6037,2024-02-09,PAT-56716,88,Male,General Surgery,Emergency,10,1,4287.44,7,0
ADM-6038,2024-02-09,PAT-28476,45,Female,Pediatrics,Elective,38,2,6709.1,5,0
ADM-6039,2024-02-09,PAT-43234,63,Male,Pediatrics,Elective,31,13,22665.49,6,1
ADM-6040,2024-02-09,PAT-74791,64,Male,General Surgery,Emergency,41,1,3856.98,6,1
ADM-6041,2024-02-09,PAT-90501,47,Male,Cardiology,Emergency,44,11,33015.37,10,0
ADM-6042,2024-02-09,PAT-49859,58,Male,Emergency,Urgent,58,1,2909.97,2,0
ADM-6043,2024-02-10,PAT-99010,51,Female,General Surgery,Elective,31,7,13834.95,6,0
ADM-6044,2024-02-10,PAT-14768,38,Female,Emergency,Urgent,53,1,3605.93,5,0
ADM-6045,2024-02-10,PAT-49802,54,Female,Pediatrics,Emergency,34,6,10566.94,6,0
ADM-6046,2024-02-10,PAT-40450,46,Female,Cardiology,Emergency,70,12,32872.6,5,0
ADM-6047,2024-02-10,PAT-21960,52,Male,Cardiology,Elective,42,4,15725.99,6,0
ADM-6048,2024-02-10,PAT-39998,36,Female,Emergency,Elective,67,7,10050.5,6,0
ADM-6049,2024-02-10,PAT-43819,52,Female,General Surgery,Emergency,43,1,5044.86,6,0
ADM-6050,2024-02-10,PAT-19460,43,Male,Cardiology,Urgent,55,9,27761.19,7,0
ADM-6051,2024-02-10,PAT-41709,45,Female,General Surgery,Urgent,30,4,7689.42,8,0
ADM-6052,2024-02-10,PAT-53882,65,Female,Cardiology,Urgent,44,2,14719.04,6,0
ADM-6053,2024-02-10,PAT-30754,77,Male,Emergency,Urgent,75,6,8590.4,5,0
ADM-6054,2024-02-10,PAT-60261,95,Male,General Surgery,Urgent,19,1,3316.7,7,1
ADM-6055,2024-02-10,PAT-70928,46,Male,Emergency,Emergency,28,1,2992.55,6,0
ADM-6056,2024-02-10,PAT-51834,27,Male,Cardiology,Urgent,78,9,32338.44,5,0
ADM-6057,2024-02-10,PAT-93537,8,Female,Cardiology,Elective,51,7,26562.82,7,0
ADM-6058,2024-02-10,PAT-75263,53,Male,Cardiology,Elective,44,5,17377.11,6,1
ADM-6059,2024-02-10,PAT-15674,66,Male,Cardiology,Emergency,32,2,12463.56,6,0
ADM-6060,2024-02-10,PAT-79191,81,Female,Pediatrics,Urgent,35,5,11572.55,6,0
ADM-6061,2024-02-10,PAT-29503,32,Female,Pediatrics,Elective,24,10,15819.94,7,0
ADM-6062,2024-02-10,PAT-54953,53,Male,Cardiology,Urgent,42,5,16237.29,6,0
ADM-6063,2024-02-10,PAT-95992,45,Female,Emergency,Urgent,43,1,3595.77,5,0
ADM-6064,2024-02-10,PAT-68918,78,Male,Pediatrics,Urgent,21,5,11711.93,5,0
ADM-6065,2024-02-10,PAT-64455,47,Female,General Surgery,Emergency,47,1,4464.22,8,0
ADM-6066,2024-02-10,PAT-13219,43,Female,Cardiology,Elective,60,4,19445.16,5,0
ADM-6067,2024-02-10,PAT-40714,50,Male,Emergency,Emergency,55,12,15480.88,5,0
ADM-6068,2024-02-10,PAT-52734,37,Male,Orthopedics,Elective,25,1,5024.5,7,0
ADM-6069,2024-02-10,PAT-15302,30,Male,Pediatrics,Urgent,28,6,10083.87,6,0
ADM-6070,2024-02-10,PAT-58901,46,Male,Pediatrics,Urgent,19,1,6306.69,7,0
ADM-6071,2024-02-10,PAT-20514,32,Female,Cardiology,Urgent,32,7,24224.48,4,1
ADM-6072,2024-02-10,PAT-86657,67,Female,Cardiology,Urgent,36,2,15624.87,9,0
ADM-6073,2024-02-10,PAT-18982,39,Male,Cardiology,Urgent,33,3,11703.37,4,1
ADM-6074,2024-02-10,PAT-31134,61,Male,Orthopedics,Urgent,35,1,4359.89,7,0
ADM-6075,2024-02-10,PAT-39638,95,Female,Cardiology,Emergency,71,6,24767.53,5,0
ADM-6076,2024-02-10,PAT-99359,54,Female,Orthopedics,Elective,22,2,7134.39,6,1
ADM-6077,2024-02-11,PAT-53098,31,Female,Orthopedics,Urgent,24,2,5973.01,7,0
ADM-6078,2024-02-11,PAT-24294,16,Female,Pediatrics,Urgent,33,1,3587.14,5,1
ADM-6079,2024-02-11,PAT-96403,44,Female,General Surgery,Urgent,39,1,4627.64,5,0
ADM-6080,2024-02-11,PAT-39458,53,Female,Cardiology,Emergency,36,2,15896.21,6,0
ADM-6081,2024-02-11,PAT-90801,55,Female,General Surgery,Urgent,32,5,8780.18,6,0
ADM-6082,2024-02-11,PAT-48746,38,Female,Emergency,Emergency,95,1,4517.44,5,1
ADM-6083,2024-02-11,PAT-84216,52,Female,Pediatrics,Elective,44,3,6151.62,6,0
ADM-6084,2024-02-11,PAT-34975,61,Male,Orthopedics,Emergency,30,1,3737.64,7,0
ADM-6085,2024-02-11,PAT-65353,36,Female,General Surgery,Emergency,51,2,4826.74,5,0
ADM-6086,2024-02-11,PAT-75777,35,Female,Orthopedics,Urgent,45,1,6099.34,6,0
ADM-6087,2024-02-11,PAT-62225,62,Female,Emergency,Emergency,71,2,5005.41,5,0
ADM-6088,2024-02-11,PAT-64237,48,Male,Pediatrics,Emergency,24,1,3423.75,7,0
ADM-6089,2024-02-11,PAT-10234,48,Female,Pediatrics,Elective,28,1,3936.65,7,0
ADM-6090,2024-02-11,PAT-79840,51,Female,Cardiology,Elective,56,13,38892.81,6,0
ADM-6091,2024-02-11,PAT-93107,39,Male,Orthopedics,Elective,42,1,3263.52,5,0
ADM-6092,2024-02-11,PAT-64279,58,Male,General Surgery,Urgent,24,1,4787.7,6,0
ADM-6093,2024-02-11,PAT-20514,52,Male,Orthopedics,Elective,45,2,6116.85,5,0
ADM-6094,2024-02-11,PAT-73975,30,Female,Cardiology,Emergency,68,2,10538.86,7,0
ADM-6095,2024-02-11,PAT-13843,51,Male,General Surgery,Emergency,12,1,4664.14,5,0
ADM-6096,2024-02-11,PAT-31241,34,Female,Pediatrics,Elective,37,2,6732.09,7,1
ADM-6097,2024-02-11,PAT-56837,53,Female,Emergency,Emergency,68,1,3354.5,7,0
ADM-6098,2024-02-11,PAT-45775,59,Male,Cardiology,Urgent,36,12,33504.95,6,0
ADM-6099,2024-02-11,PAT-47880,55,Female,Pediatrics,Elective,19,1,6185.28,7,0
ADM-6100,2024-02-11,PAT-15301,15,Male,Orthopedics,Urgent,10,1,4537.84,6,0
ADM-6101,2024-02-11,PAT-67904,95,Female,General Surgery,Urgent,35,1,5544.67,7,0
ADM-6102,2024-02-12,PAT-75592,48,Male,Orthopedics,Emergency,34,1,4145.85,8,0
ADM-6103,2024-02-12,PAT-71486,60,Female,Emergency,Urgent,59,1,2889.85,4,0
ADM-6104,2024-02-12,PAT-92267,48,Male,Cardiology,Emergency,54,2,10826.55,5,0
ADM-6105,2024-02-12,PAT-92135,43,Male,Emergency,Urgent,112,1,3741.29,5,0
ADM-6106,2024-02-12,PAT-70780,48,Female,General Surgery,Elective,29,1,5416.86,7,0
ADM-6107,2024-02-12,PAT-92443,32,Male,Cardiology,Emergency,28,24,64209.58,7,0
ADM-6108,2024-02-12,PAT-78870,43,Female,Cardiology,Elective,40,5,23558.01,7,0
ADM-6109,2024-02-12,PAT-71193,45,Male,General Surgery,Elective,26,1,5347.29,5,0
ADM-6110,2024-02-12,PAT-29939,92,Female,Orthopedics,Emergency,10,1,5944.34,7,0
ADM-6111,2024-02-12,PAT-32406,42,Female,Pediatrics,Urgent,23,2,6284.34,7,0
ADM-6112,2024-02-12,PAT-16420,46,Female,Emergency,Urgent,64,4,6181.33,7,0
ADM-6113,2024-02-12,PAT-82271,69,Male,Pediatrics,Elective,29,1,6107.52,5,0
ADM-6114,2024-02-12,PAT-59157,46,Male,Cardiology,Elective,60,2,9559.93,5,0
ADM-6115,2024-02-12,PAT-41435,51,Female,Cardiology,Emergency,22,7,26081.04,6,0
ADM-6116,2024-02-12,PAT-75713,48,Male,Emergency,Emergency,68,2,5050.08,8,0
ADM-6117,2024-02-12,PAT-23749,58,Male,Emergency,Emergency,64,1,4039.84,3,0
ADM-6118,2024-02-12,PAT-36348,33,Female,General Surgery,Urgent,35,1,3852.8,7,0
ADM-6119,2024-02-12,PAT-57693,45,Male,Pediatrics,Urgent,34,6,11741.97,7,0
ADM-6120,2024-02-12,PAT-77960,34,Male,Cardiology,Emergency,57,2,10892.38,7,0
ADM-6121,2024-02-12,PAT-21678,37,Female,Pediatrics,Elective,20,1,6030.88,9,0
ADM-6122,2024-02-12,PAT-16971,53,Female,Emergency,Elective,97,1,4475.67,4,0
ADM-6123,2024-02-12,PAT-82878,34,Male,General Surgery,Elective,39,1,5362.15,9,0
ADM-6124,2024-02-12,PAT-55578,32,Female,Pediatrics,Elective,35,2,6335.89,8,0
ADM-6125,2024-02-12,PAT-19033,18,Male,Cardiology,Urgent,50,5,20395.61,5,0
ADM-6126,2024-02-12,PAT-21524,49,Male,Orthopedics,Elective,36,1,4535.87,6,0
ADM-6127,2024-02-12,PAT-72060,57,Female,General Surgery,Urgent,26,10,17421.34,8,0
ADM-6128,2024-02-13,PAT-41568,45,Female,General Surgery,Emergency,22,1,3695.72,6,0
ADM-6129,2024-02-13,PAT-93308,55,Male,General Surgery,Urgent,26,5,11668.56,9,0
ADM-6130,2024-02-13,PAT-52028,59,Female,Orthopedics,Elective,35,5,8955.2,6,0
ADM-6131,2024-02-13,PAT-37375,54,Male,Emergency,Emergency,57,1,3254.04,6,0
ADM-6132,2024-02-13,PAT-87075,37,Male,Orthopedics,Elective,39,1,3532.13,10,0
ADM-6133,2024-02-13,PAT-25326,34,Female,Emergency,Elective,107,1,4607.55,7,0
ADM-6134,2024-02-13,PAT-32678,61,Male,Orthopedics,Emergency,11,5,9504.94,7,0
ADM-6135,2024-02-13,PAT-29579,87,Male,Emergency,Emergency,45,3,4511.49,7,0
ADM-6136,2024-02-13,PAT-63329,52,Female,Orthopedics,Urgent,10,1,3052.22,7,0
ADM-6137,2024-02-13,PAT-83938,73,Male,Pediatrics,Urgent,29,1,6217.76,6,0
ADM-6138,2024-02-13,PAT-59412,71,Male,General Surgery,Emergency,44,1,6248.03,6,0
ADM-6139,2024-02-13,PAT-78270,45,Male,General Surgery,Elective,47,18,29134.87,6,0
ADM-6140,2024-02-13,PAT-97130,31,Male,Orthopedics,Urgent,22,1,2992.16,9,0
ADM-6141,2024-02-13,PAT-29435,80,Male,Emergency,Urgent,5,3,4299.2,9,0
ADM-6142,2024-02-13,PAT-11462,46,Male,Orthopedics,Emergency,35,1,3055.27,6,0
ADM-6143,2024-02-13,PAT-44424,44,Male,Orthopedics,Urgent,16,1,6227.73,6,0
ADM-6144,2024-02-13,PAT-57403,41,Female,General Surgery,Urgent,25,2,5446.86,5,0
ADM-6145,2024-02-13,PAT-49377,57,Male,Cardiology,Urgent,34,2,14457.3,6,0
ADM-6146,2024-02-13,PAT-68892,57,Male,General Surgery,Elective,41,1,5776.46,5,0
ADM-6147,2024-02-13,PAT-23751,76,Male,Orthopedics,Elective,40,1,2997.18,6,0
ADM-6148,2024-02-13,PAT-47573,60,Male,Pediatrics,Urgent,21,4,7331.36,6,0
ADM-6149,2024-02-13,PAT-82456,79,Female,Orthopedics,Urgent,36,1,4410.35,7,0
ADM-6150,2024-02-13,PAT-77355,47,Male,Cardiology,Emergency,56,3,15614.2,6,0
ADM-6151,2024-02-13,PAT-38985,32,Male,Emergency,Urgent,60,1,3383.99,7,0
ADM-6152,2024-02-14,PAT-99538,48,Female,Pediatrics,Urgent,42,1,3804.18,6,0
ADM-6153,2024-02-14,PAT-68317,21,Female,Emergency,Urgent,49,1,3102.23,7,0
ADM-6154,2024-02-14,PAT-61935,67,Female,General Surgery,Urgent,55,4,7584.86,5,0
ADM-6155,2024-02-14,PAT-21424,59,Male,Emergency,Elective,75,1,4162.5,6,0
ADM-6156,2024-02-14,PAT-55374,46,Male,Cardiology,Urgent,41,4,14031.77,9,0
ADM-6157,2024-02-14,PAT-70719,71,Male,Pediatrics,Elective,37,2,5480.67,5,1
ADM-6158,2024-02-14,PAT-29876,46,Male,Pediatrics,Elective,28,1,3315.0,4,0
ADM-6159,2024-02-14,PAT-93454,71,Male,Pediatrics,Emergency,50,3,6505.35,6,0
ADM-6160,2024-02-14,PAT-56363,49,Male,Orthopedics,Elective,21,1,3532.61,8,0
ADM-6161,2024-02-14,PAT-43489,71,Female,Pediatrics,Elective,18,3,8082.64,6,0
ADM-6162,2024-02-14,PAT-86152,59,Female,Emergency,Emergency,31,3,5028.57,6,0
ADM-6163,2024-02-14,PAT-25538,61,Female,Pediatrics,Urgent,35,5,11426.86,5,0
ADM-6164,2024-02-14,PAT-24501,82,Female,General Surgery,Elective,37,6,12437.65,7,0
ADM-6165,2024-02-14,PAT-16210,58,Male,Cardiology,Emergency,25,2,11744.72,7,0
ADM-6166,2024-02-14,PAT-15913,72,Female,Emergency,Urgent,70,9,12541.8,5,0
ADM-6167,2024-02-14,PAT-71836,75,Male,Orthopedics,Emergency,30,7,13853.95,6,0
ADM-6168,2024-02-14,PAT-84382,72,Female,General Surgery,Emergency,31,1,3152.32,7,0
ADM-6169,2024-02-14,PAT-47761,71,Female,Cardiology,Urgent,80,14,43158.08,5,0
ADM-6170,2024-02-14,PAT-91993,42,Female,General Surgery,Emergency,34,2,7234.43,8,0
ADM-6171,2024-02-14,PAT-56854,57,Female,Pediatrics,Urgent,31,5,10238.04,9,0
ADM-6172,2024-02-14,PAT-64241,52,Female,Cardiology,Elective,50,10,31227.42,8,1
ADM-6173,2024-02-14,PAT-95902,86,Female,Cardiology,Urgent,66,7,21185.83,7,0
ADM-6174,2024-02-14,PAT-39853,50,Male,Cardiology,Elective,60,2,12475.1,5,0
ADM-6175,2024-02-14,PAT-99016,37,Male,Orthopedics,Emergency,49,1,3723.33,7,0
ADM-6176,2024-02-14,PAT-68858,57,Female,Pediatrics,Elective,32,1,4810.42,7,0
ADM-6177,2024-02-14,PAT-71638,25,Male,Emergency,Urgent,38,1,3157.77,5,1
ADM-6178,2024-02-14,PAT-75798,33,Female,Orthopedics,Elective,18,8,14638.68,6,0
ADM-6179,2024-02-14,PAT-28872,46,Male,Emergency,Elective,108,1,3677.19,3,0
ADM-6180,2024-02-14,PAT-68385,61,Female,General Surgery,Urgent,33,11,19687.22,8,0
ADM-6181,2024-02-14,PAT-65975,53,Female,Pediatrics,Elective,10,3,7843.71,8,0
ADM-6182,2024-02-14,PAT-40456,42,Female,General Surgery,Emergency,30,4,7947.04,6,0
ADM-6183,2024-02-14,PAT-83919,60,Male,Cardiology,Emergency,56,2,14528.97,7,0
ADM-6184,2024-02-14,PAT-81864,46,Male,General Surgery,Urgent,33,1,4988.79,7,0
ADM-6185,2024-02-14,PAT-20357,56,Male,Cardiology,Urgent,25,2,15373.16,7,0
ADM-6186,2024-02-15,PAT-14303,24,Male,Pediatrics,Urgent,18,3,5990.15,8,0
ADM-6187,2024-02-15,PAT-99552,95,Female,General Surgery,Elective,42,8,12888.43,6,0
ADM-6188,2024-02-15,PAT-17668,65,Male,Orthopedics,Urgent,46,1,3864.61,6,0
ADM-6189,2024-02-15,PAT-84585,48,Male,Orthopedics,Elective,14,17,25609.66,8,0
ADM-6190,2024-02-15,PAT-50081,60,Male,Cardiology,Urgent,28,20,59393.63,6,0
ADM-6191,2024-02-15,PAT-89771,33,Male,General Surgery,Urgent,41,5,10527.97,8,0
ADM-6192,2024-02-15,PAT-85738,49,Female,Pediatrics,Emergency,24,1,4847.72,7,0
ADM-6193,2024-02-15,PAT-65026,62,Male,Emergency,Elective,59,1,3263.65,8,0
ADM-6194,2024-02-15,PAT-55275,27,Female,Cardiology,Emergency,86,2,11721.75,6,0
ADM-6195,2024-02-15,PAT-61238,70,Female,Cardiology,Elective,21,11,32281.59,7,1
ADM-6196,2024-02-15,PAT-25386,88,Male,Pediatrics,Emergency,36,1,4627.42,5,0
ADM-6197,2024-02-15,PAT-64566,52,Male,Pediatrics,Urgent,18,3,7137.64,8,0
ADM-6198,2024-02-15,PAT-91773,59,Female,Pediatrics,Elective,12,2,6384.1,7,0
ADM-6199,2024-02-15,PAT-87121,66,Male,Emergency,Elective,74,1,3790.71,6,0
ADM-6200,2024-02-15,PAT-83579,56,Female,Cardiology,Urgent,29,4,15987.79,7,0
ADM-6201,2024-02-15,PAT-55621,42,Male,Pediatrics,Elective,10,12,21532.36,7,0
ADM-6202,2024-02-15,PAT-16158,58,Female,Cardiology,Emergency,47,2,15926.66,8,0
ADM-6203,2024-02-15,PAT-82730,76,Male,Emergency,Urgent,101,1,3329.92,8,0
ADM-6204,2024-02-15,PAT-26983,67,Male,Cardiology,Emergency,67,2,11277.13,6,1
ADM-6205,2024-02-15,PAT-33564,31,Male,Cardiology,Elective,58,10,28692.65,7,0
ADM-6206,2024-02-15,PAT-11376,16,Female,Cardiology,Emergency,43,2,12255.77,5,0
ADM-6207,2024-02-15,PAT-60192,47,Female,Orthopedics,Urgent,38,2,6707.39,6,0
ADM-6208,2024-02-15,PAT-39856,60,Male,Emergency,Urgent,77,2,4580.43,4,0
ADM-6209,2024-02-15,PAT-32240,65,Female,Pediatrics,Urgent,18,4,7726.15,9,1
ADM-6210,2024-02-15,PAT-51993,46,Male,General Surgery,Elective,26,1,6354.42,8,0
ADM-6211,2024-02-16,PAT-30967,44,Female,Emergency,Elective,101,1,3924.87,5,0
ADM-6212,2024-02-16,PAT-93268,47,Female,Emergency,Urgent,68,5,8438.45,7,0
ADM-6213,2024-02-16,PAT-74592,29,Female,General Surgery,Urgent,22,1,3801.87,4,0
ADM-6214,2024-02-16,PAT-58142,54,Female,Pediatrics,Urgent,41,3,6369.66,5,0
ADM-6215,2024-02-16,PAT-19535,53,Female,Pediatrics,Urgent,52,1,4511.83,7,0
ADM-6216,2024-02-16,PAT-18133,57,Male,General Surgery,Elective,10,10,15646.17,7,1
ADM-6217,2024-02-16,PAT-27477,32,Female,General Surgery,Emergency,43,3,7733.75,8,0
ADM-6218,2024-02-16,PAT-15721,49,Male,Orthopedics,Urgent,10,1,3405.88,8,0
ADM-6219,2024-02-16,PAT-47088,75,Male,Emergency,Elective,26,1,3219.87,9,0
ADM-6220,2024-02-16,PAT-48060,26,Female,Cardiology,Emergency,39,8,28909.92,7,0
ADM-6221,2024-02-16,PAT-94099,31,Female,Cardiology,Elective,30,13,36838.22,6,0
ADM-6222,2024-02-16,PAT-93117,44,Female,Orthopedics,Emergency,48,1,4696.46,7,0
ADM-6223,2024-02-16,PAT-98908,51,Female,General Surgery,Emergency,35,1,5594.24,6,0
ADM-6224,2024-02-16,PAT-97157,39,Male,Cardiology,Emergency,58,7,27774.45,5,0
ADM-6225,2024-02-16,PAT-30428,95,Male,Orthopedics,Emergency,24,8,13292.98,5,0
ADM-6226,2024-02-16,PAT-12984,52,Male,Pediatrics,Emergency,21,1,4133.25,7,0
ADM-6227,2024-02-16,PAT-98394,53,Female,Orthopedics,Urgent,21,1,3864.54,7,0
ADM-6228,2024-02-16,PAT-36544,57,Male,Pediatrics,Emergency,25,2,5056.48,6,0
ADM-6229,2024-02-16,PAT-30721,54,Male,Orthopedics,Urgent,36,4,7523.89,6,0
ADM-6230,2024-02-16,PAT-77037,30,Male,Emergency,Urgent,53,1,3794.7,6,0
ADM-6231,2024-02-16,PAT-79871,54,Male,Emergency,Emergency,34,2,3816.82,6,0
ADM-6232,2024-02-16,PAT-38767,61,Male,Pediatrics,Elective,38,1,5551.69,7,1
ADM-6233,2024-02-16,PAT-56067,29,Male,Pediatrics,Emergency,43,1,4815.5,8,0
ADM-6234,2024-02-17,PAT-99957,43,Male,General Surgery,Emergency,13,1,6173.56,7,0
ADM-6235,2024-02-17,PAT-61167,22,Male,Pediatrics,Urgent,35,1,5086.31,6,0
ADM-6236,2024-02-17,PAT-40705,49,Male,Orthopedics,Urgent,50,1,4691.36,7,0
ADM-6237,2024-02-17,PAT-37266,45,Female,General Surgery,Urgent,21,5,10152.81,5,0
ADM-6238,2024-02-17,PAT-88840,52,Male,Cardiology,Urgent,61,2,15141.75,4,0
ADM-6239,2024-02-17,PAT-43914,36,Female,General Surgery,Elective,28,6,13253.24,5,0
ADM-6240,2024-02-17,PAT-93408,49,Male,Orthopedics,Urgent,47,1,3286.89,5,0
ADM-6241,2024-02-17,PAT-97594,25,Male,General Surgery,Emergency,17,1,5683.01,8,0
ADM-6242,2024-02-17,PAT-54722,48,Male,Orthopedics,Elective,17,1,5708.51,9,0
ADM-6243,2024-02-17,PAT-85087,47,Female,Pediatrics,Elective,37,4,8058.03,7,0
ADM-6244,2024-02-17,PAT-91036,58,Male,Orthopedics,Urgent,17,4,7266.55,5,0
ADM-6245,2024-02-17,PAT-83747,92,Male,General Surgery,Urgent,41,5,8786.16,8,0
ADM-6246,2024-02-17,PAT-40617,51,Female,Orthopedics,Elective,32,1,5706.53,8,1
ADM-6247,2024-02-17,PAT-52408,68,Male,Cardiology,Emergency,18,4,16843.62,7,0
ADM-6248,2024-02-17,PAT-56010,19,Male,Emergency,Urgent,71,2,4623.34,6,0
ADM-6249,2024-02-17,PAT-44688,63,Male,Pediatrics,Urgent,38,1,5774.9,6,0
ADM-6250,2024-02-17,PAT-96654,69,Female,Cardiology,Elective,80,10,29388.31,5,0
ADM-6251,2024-02-17,PAT-61060,31,Male,Orthopedics,Urgent,34,1,4503.84,5,0
ADM-6252,2024-02-17,PAT-49733,76,Female,Orthopedics,Elective,25,1,3835.15,6,0
ADM-6253,2024-02-17,PAT-76128,65,Male,Pediatrics,Elective,22,1,3737.86,8,0
ADM-6254,2024-02-17,PAT-54217,60,Male,Orthopedics,Emergency,21,4,9971.23,7,1
ADM-6255,2024-02-17,PAT-75666,13,Male,Emergency,Elective,92,1,3274.75,6,0
ADM-6256,2024-02-17,PAT-34514,1,Male,Emergency,Elective,111,2,5242.45,3,0
ADM-6257,2024-02-17,PAT-89152,63,Female,Emergency,Emergency,108,1,4599.33,3,0
ADM-6258,2024-02-17,PAT-42647,76,Female,Pediatrics,Emergency,41,5,11623.74,6,0
ADM-6259,2024-02-17,PAT-15220,31,Female,Emergency,Elective,52,4,6689.62,5,0
ADM-6260,2024-02-18,PAT-66185,90,Male,General Surgery,Urgent,58,1,4550.19,7,0
ADM-6261,2024-02-18,PAT-12962,42,Female,Cardiology,Emergency,54,8,28456.47,5,0
ADM-6262,2024-02-18,PAT-95973,64,Female,Emergency,Urgent,110,2,4824.04,6,0
ADM-6263,2024-02-18,PAT-28034,95,Male,Emergency,Elective,72,2,5200.05,5,0
ADM-6264,2024-02-18,PAT-99194,58,Male,Cardiology,Urgent,38,2,12609.23,7,0
ADM-6265,2024-02-18,PAT-21364,30,Female,Cardiology,Urgent,72,7,22989.7,4,0
ADM-6266,2024-02-18,PAT-31087,44,Male,Emergency,Emergency,35,1,3038.33,6,0
ADM-6267,2024-02-18,PAT-87538,34,Male,Emergency,Elective,55,1,3054.13,8,0
ADM-6268,2024-02-18,PAT-80539,41,Male,General Surgery,Emergency,22,3,8399.39,6,0
ADM-6269,2024-02-18,PAT-35161,60,Male,Emergency,Elective,75,8,10901.74,5,0
ADM-6270,2024-02-18,PAT-24134,48,Female,General Surgery,Emergency,47,1,3715.75,6,0
ADM-6271,2024-02-18,PAT-69246,95,Male,Orthopedics,Elective,33,6,10410.94,5,0
ADM-6272,2024-02-18,PAT-10992,68,Male,Cardiology,Elective,53,9,28790.85,5,0
ADM-6273,2024-02-18,PAT-12949,62,Male,Orthopedics,Elective,15,1,5928.57,6,0
ADM-6274,2024-02-18,PAT-15477,26,Female,Emergency,Urgent,46,6,8984.48,5,0
ADM-6275,2024-02-18,PAT-91362,46,Male,General Surgery,Elective,29,1,3595.1,8,0
ADM-6276,2024-02-18,PAT-85237,62,Male,General Surgery,Elective,46,1,5464.78,6,0
ADM-6277,2024-02-18,PAT-19421,68,Male,Emergency,Urgent,53,2,4955.96,8,0
ADM-6278,2024-02-18,PAT-96770,68,Male,Pediatrics,Urgent,22,1,5407.45,6,0
ADM-6279,2024-02-18,PAT-39905,37,Female,Emergency,Emergency,91,2,4250.04,6,0
ADM-6280,2024-02-18,PAT-78804,81,Female,Pediatrics,Emergency,41,2,7712.33,8,0
ADM-6281,2024-02-18,PAT-44937,46,Male,General Surgery,Emergency,27,7,12351.22,7,0
ADM-6282,2024-02-18,PAT-71431,39,Male,Cardiology,Elective,67,4,18724.85,4,0
ADM-6283,2024-02-18,PAT-53911,63,Female,General Surgery,Emergency,27,1,4412.02,7,0
ADM-6284,2024-02-18,PAT-26199,49,Female,General Surgery,Urgent,27,1,3378.07,7,0
ADM-6285,2024-02-18,PAT-41332,78,Female,Orthopedics,Urgent,38,1,6354.23,7,0
ADM-6286,2024-02-19,PAT-50704,63,Male,Orthopedics,Elective,25,3,6550.89,7,0
ADM-6287,2024-02-19,PAT-31618,20,Male,Emergency,Emergency,80,2,5106.35,4,0
ADM-6288,2024-02-19,PAT-35335,60,Male,Orthopedics,Elective,19,1,3890.06,9,0
ADM-6289,2024-02-19,PAT-54574,48,Male,Cardiology,Emergency,17,4,18092.17,8,1
ADM-6290,2024-02-19,PAT-35710,61,Female,Pediatrics,Emergency,23,1,3672.13,6,0
ADM-6291,2024-02-19,PAT-98238,60,Female,General Surgery,Elective,10,1,5337.78,7,0
ADM-6292,2024-02-19,PAT-32674,39,Female,Cardiology,Emergency,38,2,12926.01,6,0
ADM-6293,2024-02-19,PAT-52294,31,Male,Orthopedics,Emergency,30,1,4729.31,7,0
ADM-6294,2024-02-19,PAT-88775,29,Female,General Surgery,Emergency,28,4,9464.98,5,0
ADM-6295,2024-02-19,PAT-80627,79,Female,Pediatrics,Elective,48,1,6261.05,7,0
ADM-6296,2024-02-19,PAT-30137,59,Female,Emergency,Elective,80,2,5230.69,5,0
ADM-6297,2024-02-19,PAT-21734,59,Male,Pediatrics,Urgent,19,1,5721.14,5,0
ADM-6298,2024-02-19,PAT-48206,70,Female,Pediatrics,Elective,34,1,3410.78,7,0
ADM-6299,2024-02-19,PAT-73523,37,Male,General Surgery,Urgent,37,5,10139.59,4,0
ADM-6300,2024-02-19,PAT-34518,51,Female,Pediatrics,Emergency,30,3,8844.93,5,0
ADM-6301,2024-02-19,PAT-69749,74,Male,Pediatrics,Emergency,37,7,13524.96,5,0
ADM-6302,2024-02-19,PAT-78692,20,Female,General Surgery,Elective,48,1,3210.09,8,0
ADM-6303,2024-02-19,PAT-31207,93,Female,Emergency,Emergency,97,2,4312.49,5,0
ADM-6304,2024-02-19,PAT-14105,89,Female,Cardiology,Urgent,52,4,21290.6,7,0
ADM-6305,2024-02-19,PAT-40295,29,Female,Cardiology,Elective,40,20,55947.05,7,0
ADM-6306,2024-02-19,PAT-49552,38,Male,Cardiology,Urgent,15,2,15059.39,7,0
ADM-6307,2024-02-19,PAT-28531,48,Female,Pediatrics,Urgent,17,1,5170.75,7,0
ADM-6308,2024-02-19,PAT-59130,67,Male,General Surgery,Elective,23,1,6041.37,6,0
ADM-6309,2024-02-19,PAT-32020,53,Male,Pediatrics,Elective,38,3,6009.82,8,0
ADM-6310,2024-02-19,PAT-69495,51,Female,Emergency,Urgent,55,1,3055.88,7,0
ADM-6311,2024-02-19,PAT-62398,40,Female,Cardiology,Emergency,40,10,33541.65,8,0
ADM-6312,2024-02-19,PAT-61931,80,Male,Pediatrics,Urgent,49,5,9131.04,5,0
ADM-6313,2024-02-19,PAT-32007,95,Male,Orthopedics,Elective,33,1,4932.87,8,0
ADM-6314,2024-02-19,PAT-44197,2,Male,Cardiology,Urgent,74,2,12346.35,4,0
ADM-6315,2024-02-19,PAT-68535,24,Female,General Surgery,Urgent,36,1,3619.55,7,0
ADM-6316,2024-02-19,PAT-69716,42,Female,Pediatrics,Emergency,22,1,3954.05,8,0
ADM-6317,2024-02-19,PAT-42679,43,Female,Orthopedics,Elective,30,9,16095.87,7,0
ADM-6318,2024-02-20,PAT-73148,62,Female,Pediatrics,Urgent,25,5,9450.43,9,0
ADM-6319,2024-02-20,PAT-90553,49,Male,General Surgery,Emergency,39,1,5272.08,6,0
ADM-6320,2024-02-20,PAT-12217,26,Female,General Surgery,Emergency,10,6,12712.15,8,0
ADM-6321,2024-02-20,PAT-29188,50,Female,Emergency,Emergency,61,1,2791.44,5,1
ADM-6322,2024-02-20,PAT-59025,20,Female,Emergency,Urgent,25,1,2130.48,7,0
ADM-6323,2024-02-20,PAT-43726,74,Male,Pediatrics,Urgent,34,1,4298.03,7,0
ADM-6324,2024-02-20,PAT-78698,44,Female,General Surgery,Elective,42,1,5055.75,6,0
ADM-6325,2024-02-20,PAT-56465,83,Male,General Surgery,Emergency,37,1,4445.52,6,0
ADM-6326,2024-02-20,PAT-94646,78,Male,General Surgery,Urgent,24,4,7277.18,9,0
ADM-6327,2024-02-20,PAT-80167,40,Female,Orthopedics,Emergency,14,1,3039.28,7,0
ADM-6328,2024-02-20,PAT-43689,47,Female,Emergency,Elective,97,1,4271.96,6,0
ADM-6329,2024-02-20,PAT-19279,60,Male,Orthopedics,Elective,23,1,3758.34,7,0
ADM-6330,2024-02-20,PAT-85959,42,Female,Emergency,Emergency,79,1,3011.7,2,0
ADM-6331,2024-02-20,PAT-53364,17,Female,Emergency,Emergency,66,1,3657.61,7,0
ADM-6332,2024-02-20,PAT-56175,26,Male,Orthopedics,Urgent,29,7,14784.36,5,0
ADM-6333,2024-02-20,PAT-52369,69,Male,General Surgery,Urgent,33,1,3467.69,5,0
ADM-6334,2024-02-20,PAT-31750,33,Female,Orthopedics,Elective,19,11,20010.99,6,1
ADM-6335,2024-02-20,PAT-61469,67,Female,Emergency,Elective,43,3,5881.14,5,0
ADM-6336,2024-02-20,PAT-44931,48,Male,Emergency,Emergency,66,1,3185.62,7,0
ADM-6337,2024-02-20,PAT-50693,59,Male,Emergency,Emergency,41,1,2508.49,7,0
ADM-6338,2024-02-20,PAT-23947,14,Male,Cardiology,Urgent,50,11,31646.61,6,0
ADM-6339,2024-02-20,PAT-24248,27,Male,Emergency,Elective,131,1,4091.6,1,0
ADM-6340,2024-02-20,PAT-41453,29,Female,Emergency,Urgent,93,8,11160.59,6,0
ADM-6341,2024-02-20,PAT-38151,89,Female,Cardiology,Elective,44,6,19775.43,7,0
ADM-6342,2024-02-20,PAT-90880,68,Male,Pediatrics,Elective,43,8,16085.12,8,0
ADM-6343,2024-02-20,PAT-75272,59,Female,Cardiology,Emergency,21,2,11564.86,8,0
ADM-6344,2024-02-20,PAT-58332,44,Male,Cardiology,Emergency,32,5,21794.3,6,0
ADM-6345,2024-02-20,PAT-71448,48,Female,General Surgery,Emergency,36,12,19366.44,7,0
ADM-6346,2024-02-21,PAT-33522,50,Male,General Surgery,Emergency,10,2,7235.82,8,0
ADM-6347,2024-02-21,PAT-14666,83,Female,Cardiology,Emergency,47,2,14197.41,7,0
ADM-6348,2024-02-21,PAT-59725,53,Male,Pediatrics,Elective,11,1,3930.87,7,0
ADM-6349,2024-02-21,PAT-52381,44,Male,Emergency,Emergency,89,6,8934.05,7,0
ADM-6350,2024-02-21,PAT-23086,65,Female,Cardiology,Urgent,24,11,37514.07,6,0
ADM-6351,2024-02-21,PAT-24436,64,Female,Cardiology,Urgent,46,4,18676.61,8,0
ADM-6352,2024-02-21,PAT-94767,64,Female,Orthopedics,Emergency,26,2,5516.68,7,0
ADM-6353,2024-02-21,PAT-31444,44,Female,Orthopedics,Emergency,21,6,12895.07,7,0
ADM-6354,2024-02-21,PAT-26321,46,Female,Pediatrics,Elective,23,1,3793.04,9,0
ADM-6355,2024-02-21,PAT-97070,27,Male,Orthopedics,Urgent,29,2,7486.42,6,0
ADM-6356,2024-02-21,PAT-64601,64,Female,General Surgery,Urgent,23,1,3175.88,7,0
ADM-6357,2024-02-21,PAT-59698,51,Female,Pediatrics,Urgent,24,1,5698.37,6,0
ADM-6358,2024-02-21,PAT-75453,24,Male,Pediatrics,Elective,29,5,8706.56,6,0
ADM-6359,2024-02-21,PAT-72986,51,Female,Cardiology,Urgent,80,2,11398.68,5,0
ADM-6360,2024-02-21,PAT-85682,72,Female,Orthopedics,Urgent,23,1,5572.58,7,0
ADM-6361,2024-02-21,PAT-10845,65,Male,Orthopedics,Urgent,24,5,9835.85,5,1
ADM-6362,2024-02-21,PAT-44397,33,Male,Orthopedics,Urgent,28,1,6095.09,7,0
ADM-6363,2024-02-21,PAT-76604,46,Female,General Surgery,Elective,39,1,4265.97,7,0
ADM-6364,2024-02-21,PAT-80864,67,Female,Orthopedics,Elective,13,1,4276.64,8,0
ADM-6365,2024-02-21,PAT-74071,61,Male,Orthopedics,Elective,23,6,12118.29,6,0
ADM-6366,2024-02-21,PAT-82800,41,Male,Orthopedics,Elective,32,1,2937.97,8,0
ADM-6367,2024-02-21,PAT-24301,55,Male,Orthopedics,Elective,22,3,6338.59,8,0
ADM-6368,2024-02-21,PAT-44325,70,Female,Cardiology,Urgent,55,7,25930.16,7,0
ADM-6369,2024-02-21,PAT-14479,52,Female,Cardiology,Urgent,46,2,14510.3,5,0
ADM-6370,2024-02-22,PAT-72015,62,Female,Orthopedics,Elective,23,1,5792.33,10,0
ADM-6371,2024-02-22,PAT-46629,46,Female,Cardiology,Emergency,56,11,35085.82,7,0
ADM-6372,2024-02-22,PAT-81413,37,Male,Pediatrics,Urgent,21,1,4644.91,6,0
ADM-6373,2024-02-22,PAT-88353,38,Female,General Surgery,Urgent,26,1,6350.16,6,0
ADM-6374,2024-02-22,PAT-54417,87,Male,General Surgery,Elective,29,1,3201.83,10,0
ADM-6375,2024-02-22,PAT-85922,32,Female,Cardiology,Emergency,50,3,17318.23,7,0
ADM-6376,2024-02-22,PAT-87718,57,Female,General Surgery,Elective,35,4,9119.26,5,0
ADM-6377,2024-02-22,PAT-61189,59,Male,Orthopedics,Urgent,21,3,7500.41,8,0
ADM-6378,2024-02-22,PAT-24255,40,Male,Pediatrics,Elective,34,5,9356.36,8,0
ADM-6379,2024-02-22,PAT-15384,55,Female,General Surgery,Emergency,48,3,6682.63,6,0
ADM-6380,2024-02-22,PAT-17963,36,Female,Emergency,Elective,76,1,3316.86,5,0
ADM-6381,2024-02-22,PAT-83061,59,Female,Orthopedics,Emergency,18,3,6184.49,6,0
ADM-6382,2024-02-22,PAT-34987,43,Female,Emergency,Elective,59,2,4182.31,5,0
ADM-6383,2024-02-22,PAT-63257,38,Male,General Surgery,Urgent,44,1,5522.1,7,0
ADM-6384,2024-02-22,PAT-68325,53,Female,Pediatrics,Emergency,18,1,4039.89,9,0
ADM-6385,2024-02-22,PAT-89163,59,Male,Emergency,Urgent,122,2,4868.83,4,0
ADM-6386,2024-02-22,PAT-66329,51,Male,Orthopedics,Emergency,10,1,5028.41,8,0
ADM-6387,2024-02-22,PAT-51574,32,Male,General Surgery,Emergency,54,1,5605.68,4,0
ADM-6388,2024-02-22,PAT-12205,36,Female,Pediatrics,Emergency,48,1,4000.59,7,1
ADM-6389,2024-02-22,PAT-39519,72,Female,Cardiology,Elective,23,2,9040.73,8,0
ADM-6390,2024-02-22,PAT-77890,42,Female,Orthopedics,Elective,49,1,3219.49,6,0
ADM-6391,2024-02-22,PAT-12748,71,Female,Emergency,Emergency,92,4,7506.47,6,0
ADM-6392,2024-02-22,PAT-68989,49,Male,Emergency,Urgent,84,1,3947.94,4,0
ADM-6393,2024-02-22,PAT-53689,65,Male,Orthopedics,Elective,43,1,4504.2,5,0
ADM-6394,2024-02-22,PAT-34430,32,Female,Emergency,Urgent,25,1,3329.21,8,0
ADM-6395,2024-02-22,PAT-81452,64,Male,Cardiology,Elective,34,2,12217.47,7,0
ADM-6396,2024-02-22,PAT-29770,80,Male,Orthopedics,Urgent,33,1,5941.91,5,0
ADM-6397,2024-02-23,PAT-62791,62,Male,Cardiology,Elective,39,5,19599.27,4,0
ADM-6398,2024-02-23,PAT-31673,75,Male,Orthopedics,Emergency,10,1,3030.71,6,0
ADM-6399,2024-02-23,PAT-97250,68,Female,Cardiology,Emergency,50,11,31370.8,7,0
ADM-6400,2024-02-23,PAT-51581,51,Male,Pediatrics,Elective,28,1,2938.76,8,0
ADM-6401,2024-02-23,PAT-41178,68,Female,Cardiology,Emergency,54,3,12205.07,4,1
ADM-6402,2024-02-23,PAT-74585,59,Female,General Surgery,Urgent,23,7,11949.95,9,0
ADM-6403,2024-02-23,PAT-87444,29,Male,Emergency,Elective,61,1,3466.52,7,0
ADM-6404,2024-02-23,PAT-88761,70,Male,Emergency,Emergency,61,1,2924.48,7,0
ADM-6405,2024-02-23,PAT-95284,35,Male,Orthopedics,Elective,30,1,4347.48,7,0
ADM-6406,2024-02-23,PAT-34031,52,Male,Orthopedics,Emergency,32,1,3913.1,6,0
ADM-6407,2024-02-23,PAT-85014,25,Female,Orthopedics,Emergency,30,4,9726.28,5,0
ADM-6408,2024-02-23,PAT-80672,55,Female,Orthopedics,Emergency,40,3,6422.1,5,0
ADM-6409,2024-02-23,PAT-98252,34,Female,Pediatrics,Emergency,18,3,5851.23,8,0
ADM-6410,2024-02-23,PAT-73414,71,Female,Emergency,Elective,32,5,7537.52,7,0
ADM-6411,2024-02-23,PAT-71928,50,Male,General Surgery,Urgent,26,7,13049.8,6,1
ADM-6412,2024-02-23,PAT-75721,68,Female,Cardiology,Elective,47,4,20193.31,8,1
ADM-6413,2024-02-23,PAT-73190,69,Male,General Surgery,Elective,16,1,4066.22,8,0
ADM-6414,2024-02-23,PAT-35555,59,Female,Orthopedics,Urgent,43,1,5735.23,6,0
ADM-6415,2024-02-23,PAT-88830,63,Female,Emergency,Urgent,72,1,2843.44,5,0
ADM-6416,2024-02-23,PAT-20996,67,Female,Emergency,Elective,41,1,2734.84,5,0
ADM-6417,2024-02-23,PAT-80972,75,Male,General Surgery,Emergency,23,7,11653.23,8,0
ADM-6418,2024-02-23,PAT-24980,43,Female,Emergency,Emergency,65,1,2986.16,6,0
ADM-6419,2024-02-24,PAT-80441,43,Female,Orthopedics,Urgent,21,3,6165.54,7,0
ADM-6420,2024-02-24,PAT-60291,36,Female,Orthopedics,Elective,18,2,4948.65,5,0
ADM-6421,2024-02-24,PAT-43913,42,Male,Pediatrics,Elective,35,6,11891.7,7,0
ADM-6422,2024-02-24,PAT-73699,37,Male,Pediatrics,Emergency,29,1,4629.4,8,0
ADM-6423,2024-02-24,PAT-61267,7,Female,Cardiology,Elective,60,2,16361.66,5,0
ADM-6424,2024-02-24,PAT-88938,48,Male,Pediatrics,Urgent,28,2,4921.94,5,0
ADM-6425,2024-02-24,PAT-35875,52,Male,Cardiology,Urgent,26,10,33025.75,6,0
ADM-6426,2024-02-24,PAT-63249,34,Female,Pediatrics,Emergency,34,1,6199.06,7,0
ADM-6427,2024-02-24,PAT-50000,44,Male,Emergency,Elective,71,5,7795.96,7,0
ADM-6428,2024-02-24,PAT-35916,57,Female,Pediatrics,Urgent,20,4,10353.01,6,1
ADM-6429,2024-02-24,PAT-31802,39,Female,Cardiology,Urgent,56,2,13324.8,6,0
ADM-6430,2024-02-24,PAT-34793,63,Female,Emergency,Emergency,71,1,3946.72,6,0
ADM-6431,2024-02-24,PAT-55277,29,Female,Emergency,Elective,36,1,2671.68,10,0
ADM-6432,2024-02-24,PAT-31345,26,Female,General Surgery,Emergency,36,1,5920.08,6,0
ADM-6433,2024-02-24,PAT-26872,93,Female,Pediatrics,Emergency,26,3,9062.1,5,0
ADM-6434,2024-02-24,PAT-89936,74,Male,General Surgery,Elective,34,9,14378.39,7,1
ADM-6435,2024-02-24,PAT-27770,72,Male,Pediatrics,Elective,42,3,7905.84,5,0
ADM-6436,2024-02-24,PAT-34408,42,Male,Emergency,Elective,45,1,2347.61,6,0
ADM-6437,2024-02-24,PAT-93553,75,Female,Cardiology,Emergency,15,9,31329.6,5,0
ADM-6438,2024-02-24,PAT-11973,57,Male,General Surgery,Elective,13,6,13168.81,8,0
ADM-6439,2024-02-24,PAT-79213,56,Female,Emergency,Urgent,104,1,3302.15,4,0
ADM-6440,2024-02-24,PAT-29855,47,Female,Emergency,Urgent,74,8,11551.42,6,0
ADM-6441,2024-02-24,PAT-43955,41,Female,Emergency,Elective,30,1,2239.27,5,0
ADM-6442,2024-02-24,PAT-28289,58,Female,General Surgery,Elective,24,2,6171.0,7,1
ADM-6443,2024-02-24,PAT-39716,42,Male,Cardiology,Elective,48,8,29203.22,5,0
ADM-6444,2024-02-24,PAT-66909,47,Female,Pediatrics,Emergency,12,7,12523.58,9,0
ADM-6445,2024-02-24,PAT-24432,40,Male,Cardiology,Emergency,57,14,41919.37,6,0
ADM-6446,2024-02-24,PAT-87942,74,Female,Cardiology,Elective,21,2,15803.86,7,0
ADM-6447,2024-02-24,PAT-73663,46,Male,Orthopedics,Elective,27,1,5216.7,6,0
ADM-6448,2024-02-25,PAT-46699,43,Female,Emergency,Elective,5,1,2316.01,7,0
ADM-6449,2024-02-25,PAT-61195,18,Female,Cardiology,Emergency,34,2,8903.78,8,0
ADM-6450,2024-02-25,PAT-49564,40,Male,Orthopedics,Elective,26,4,8196.48,8,0
ADM-6451,2024-02-25,PAT-62934,24,Male,Pediatrics,Urgent,37,7,12503.66,6,0
ADM-6452,2024-02-25,PAT-15454,60,Female,Emergency,Elective,45,4,6253.67,7,0
ADM-6453,2024-02-25,PAT-66183,29,Male,General Surgery,Emergency,25,3,8723.25,7,0
ADM-6454,2024-02-25,PAT-48275,66,Male,Emergency,Emergency,38,1,2784.48,7,0
ADM-6455,2024-02-25,PAT-24332,48,Female,Cardiology,Urgent,57,9,30162.8,6,0
ADM-6456,2024-02-25,PAT-45128,45,Female,Orthopedics,Urgent,22,1,4115.45,6,1
ADM-6457,2024-02-25,PAT-30288,80,Female,Pediatrics,Emergency,23,1,6351.36,8,0
ADM-6458,2024-02-25,PAT-56943,64,Male,Emergency,Elective,44,1,3655.59,6,0
ADM-6459,2024-02-25,PAT-90018,46,Female,Orthopedics,Elective,28,3,7007.76,8,1
ADM-6460,2024-02-25,PAT-63947,56,Male,Orthopedics,Elective,10,1,6196.53,8,0
ADM-6461,2024-02-25,PAT-97310,57,Female,Cardiology,Emergency,20,6,24935.9,8,0
ADM-6462,2024-02-25,PAT-37462,52,Male,Orthopedics,Emergency,15,2,7267.48,7,0
ADM-6463,2024-02-25,PAT-70925,63,Female,General Surgery,Urgent,18,1,2966.43,9,0
ADM-6464,2024-02-25,PAT-67302,40,Male,Emergency,Emergency,52,1,3415.6,5,0
ADM-6465,2024-02-25,PAT-44740,53,Male,General Surgery,Urgent,29,1,4568.58,8,0
ADM-6466,2024-02-25,PAT-79412,54,Female,Emergency,Elective,64,2,4881.82,3,0
ADM-6467,2024-02-25,PAT-48002,35,Male,Orthopedics,Emergency,10,2,7106.12,7,0
ADM-6468,2024-02-25,PAT-13750,85,Female,Cardiology,Elective,56,7,25961.06,6,1
ADM-6469,2024-02-25,PAT-41106,67,Male,Pediatrics,Elective,11,4,7565.0,7,0
ADM-6470,2024-02-25,PAT-56947,53,Male,Pediatrics,Urgent,27,1,4374.3,5,1
ADM-6471,2024-02-25,PAT-86151,46,Male,Pediatrics,Emergency,35,1,3955.25,5,0
ADM-6472,2024-02-25,PAT-45140,50,Male,General Surgery,Emergency,22,1,5679.72,7,0
ADM-6473,2024-02-25,PAT-35872,63,Female,Cardiology,Elective,49,2,15435.69,6,1
ADM-6474,2024-02-25,PAT-72373,62,Male,Emergency,Elective,109,3,5749.09,4,0
ADM-6475,2024-02-25,PAT-58207,43,Female,Cardiology,Elective,32,7,27250.78,7,0
ADM-6476,2024-02-25,PAT-73081,68,Male,Cardiology,Emergency,19,2,15679.55,8,0
ADM-6477,2024-02-25,PAT-62585,53,Male,Pediatrics,Elective,31,1,4725.59,7,0
ADM-6478,2024-02-25,PAT-12920,39,Male,Orthopedics,Urgent,39,1,3303.85,6,0
ADM-6479,2024-02-25,PAT-89973,38,Male,Pediatrics,Urgent,21,1,3649.17,7,0
ADM-6480,2024-02-25,PAT-86069,35,Female,Emergency,Emergency,63,2,4016.48,5,0
ADM-6481,2024-02-25,PAT-78959,69,Female,Cardiology,Elective,21,4,20337.83,7,0
ADM-6482,2024-02-26,PAT-30374,55,Female,Pediatrics,Emergency,35,1,6235.37,5,0
ADM-6483,2024-02-26,PAT-74388,56,Female,Orthopedics,Urgent,42,2,6380.21,7,0
ADM-6484,2024-02-26,PAT-10021,37,Male,Orthopedics,Emergency,35,1,5607.05,6,0
ADM-6485,2024-02-26,PAT-40684,51,Male,Orthopedics,Urgent,34,1,4140.15,7,0
ADM-6486,2024-02-26,PAT-77024,16,Female,Emergency,Emergency,72,1,2862.09,7,1
ADM-6487,2024-02-26,PAT-11563,56,Male,Emergency,Emergency,86,1,3592.06,7,0
ADM-6488,2024-02-26,PAT-84869,54,Female,General Surgery,Emergency,33,1,3705.38,4,0
ADM-6489,2024-02-26,PAT-35877,58,Female,General Surgery,Elective,44,1,3512.28,7,0
ADM-6490,2024-02-26,PAT-75770,51,Male,Cardiology,Elective,55,3,12154.9,4,0
ADM-6491,2024-02-26,PAT-20531,72,Female,Orthopedics,Emergency,19,3,5700.33,7,0
ADM-6492,2024-02-26,PAT-32698,61,Male,General Surgery,Urgent,44,1,4721.16,7,0
ADM-6493,2024-02-26,PAT-82465,55,Female,Pediatrics,Urgent,25,1,3241.94,6,0
ADM-6494,2024-02-26,PAT-13595,51,Male,Cardiology,Elective,82,5,22552.87,6,0
ADM-6495,2024-02-26,PAT-82280,78,Male,Orthopedics,Emergency,20,2,6937.22,5,0
ADM-6496,2024-02-26,PAT-75644,51,Male,Orthopedics,Urgent,33,1,3787.76,5,0
ADM-6497,2024-02-26,PAT-58773,47,Female,Orthopedics,Urgent,34,4,10379.02,6,0
ADM-6498,2024-02-26,PAT-31584,69,Male,General Surgery,Elective,34,4,8539.52,7,0
ADM-6499,2024-02-26,PAT-54976,67,Male,Cardiology,Urgent,51,2,12998.42,6,0
ADM-6500,2024-02-26,PAT-29640,40,Male,Emergency,Emergency,50,1,3019.61,7,0
ADM-6501,2024-02-26,PAT-20124,14,Male,General Surgery,Elective,30,3,6679.89,7,0
ADM-6502,2024-02-26,PAT-25298,54,Male,Pediatrics,Emergency,40,1,3498.25,5,0
ADM-6503,2024-02-26,PAT-79580,41,Male,Emergency,Urgent,91,6,9327.18,4,0
ADM-6504,2024-02-26,PAT-36181,18,Male,Cardiology,Emergency,60,4,14856.91,6,0
ADM-6505,2024-02-26,PAT-38964,45,Female,Pediatrics,Emergency,30,2,7088.62,9,0
ADM-6506,2024-02-26,PAT-55245,57,Male,General Surgery,Urgent,60,8,14098.57,7,0
ADM-6507,2024-02-26,PAT-82107,37,Male,Cardiology,Emergency,46,7,28682.24,5,0
ADM-6508,2024-02-26,PAT-26466,40,Male,Cardiology,Elective,51,13,42733.57,5,0
ADM-6509,2024-02-26,PAT-52884,40,Male,Orthopedics,Emergency,34,1,6160.53,7,0
ADM-6510,2024-02-27,PAT-65825,80,Male,Emergency,Elective,107,1,4659.75,5,0
ADM-6511,2024-02-27,PAT-92860,71,Male,Emergency,Elective,5,1,2631.97,6,0
ADM-6512,2024-02-27,PAT-37992,65,Female,General Surgery,Emergency,17,1,4077.41,7,0
ADM-6513,2024-02-27,PAT-28137,59,Female,Cardiology,Urgent,26,2,11334.34,6,0
ADM-6514,2024-02-27,PAT-41946,51,Male,Cardiology,Elective,39,2,9526.19,6,0
ADM-6515,2024-02-27,PAT-60717,59,Male,Pediatrics,Emergency,49,3,8993.68,6,0
ADM-6516,2024-02-27,PAT-30470,62,Female,General Surgery,Emergency,37,3,8188.35,5,1
ADM-6517,2024-02-27,PAT-91235,17,Female,General Surgery,Elective,35,6,12341.32,7,0
ADM-6518,2024-02-27,PAT-15194,34,Female,Pediatrics,Urgent,16,1,5395.09,7,0
ADM-6519,2024-02-27,PAT-35597,59,Female,Cardiology,Emergency,25,8,26955.56,7,0
ADM-6520,2024-02-27,PAT-45829,37,Male,Emergency,Urgent,20,4,5363.45,8,0
ADM-6521,2024-02-27,PAT-39806,93,Male,Emergency,Urgent,61,1,2728.05,5,0
ADM-6522,2024-02-27,PAT-43263,93,Male,Emergency,Urgent,80,1,3290.09,7,0
ADM-6523,2024-02-27,PAT-66160,59,Male,Pediatrics,Emergency,38,1,6135.64,7,0
ADM-6524,2024-02-27,PAT-12955,55,Female,Cardiology,Urgent,27,4,16123.71,7,0
ADM-6525,2024-02-27,PAT-22746,61,Female,Emergency,Elective,44,2,4051.5,5,0
ADM-6526,2024-02-27,PAT-82483,79,Female,Emergency,Emergency,90,6,8769.53,4,0
ADM-6527,2024-02-27,PAT-31394,67,Male,Pediatrics,Emergency,49,2,5987.92,7,0
ADM-6528,2024-02-27,PAT-55105,57,Female,Emergency,Emergency,11,1,2958.83,7,0
ADM-6529,2024-02-27,PAT-45807,64,Male,General Surgery,Urgent,27,2,5783.04,7,0
ADM-6530,2024-02-27,PAT-40727,42,Female,Orthopedics,Urgent,33,1,4706.45,7,0
ADM-6531,2024-02-27,PAT-58599,72,Female,Pediatrics,Elective,14,1,5621.15,6,0
ADM-6532,2024-02-27,PAT-32044,42,Female,Cardiology,Elective,44,4,18490.52,5,1
ADM-6533,2024-02-27,PAT-82681,51,Female,Orthopedics,Urgent,27,7,13089.36,7,0
ADM-6534,2024-02-27,PAT-89458,57,Female,Emergency,Elective,93,4,6857.43,5,0
ADM-6535,2024-02-27,PAT-96837,47,Male,Pediatrics,Urgent,21,1,3989.48,6,0
ADM-6536,2024-02-27,PAT-81145,26,Female,Emergency,Emergency,74,1,2777.34,5,0
ADM-6537,2024-02-27,PAT-56108,49,Female,Pediatrics,Elective,37,1,4536.81,6,0
ADM-6538,2024-02-27,PAT-27158,41,Male,General Surgery,Elective,48,2,5714.59,6,0
ADM-6539,2024-02-27,PAT-31102,45,Female,Cardiology,Urgent,27,4,13927.95,8,0
ADM-6540,2024-02-27,PAT-86771,66,Male,General Surgery,Urgent,45,2,5694.73,7,0
ADM-6541,2024-02-27,PAT-66522,48,Female,Emergency,Emergency,46,1,2345.28,6,0
ADM-6542,2024-02-27,PAT-45833,52,Female,Pediatrics,Urgent,30,2,6240.11,7,0
ADM-6543,2024-02-27,PAT-66338,44,Male,Emergency,Urgent,56,6,8259.56,5,0
ADM-6544,2024-02-28,PAT-65611,63,Female,Pediatrics,Emergency,28,3,8508.6,6,0
ADM-6545,2024-02-28,PAT-91283,52,Female,Emergency,Emergency,98,1,3631.01,5,0
ADM-6546,2024-02-28,PAT-83663,38,Female,Orthopedics,Emergency,34,1,6163.28,8,0
ADM-6547,2024-02-28,PAT-44295,59,Male,Cardiology,Emergency,61,2,14035.44,5,0
ADM-6548,2024-02-28,PAT-62552,69,Female,Pediatrics,Emergency,28,8,13163.63,10,1
ADM-6549,2024-02-28,PAT-13603,42,Female,Orthopedics,Urgent,21,5,9819.08,6,0
ADM-6550,2024-02-28,PAT-24092,65,Female,Cardiology,Urgent,48,2,10964.54,7,0
ADM-6551,2024-02-28,PAT-67134,26,Female,Cardiology,Elective,51,4,20571.58,6,0
ADM-6552,2024-02-28,PAT-23460,55,Male,Emergency,Urgent,32,1,2545.42,6,0
ADM-6553,2024-02-28,PAT-36671,49,Male,Emergency,Urgent,76,2,4006.13,6,1
ADM-6554,2024-02-28,PAT-68771,36,Female,Emergency,Elective,55,2,3593.9,5,0
ADM-6555,2024-02-28,PAT-22006,65,Female,Cardiology,Elective,61,7,22395.81,5,0
ADM-6556,2024-02-28,PAT-30323,31,Male,Orthopedics,Emergency,18,7,13953.23,6,0
ADM-6557,2024-02-28,PAT-96782,43,Female,General Surgery,Emergency,24,2,4539.92,8,1
ADM-6558,2024-02-28,PAT-86112,54,Male,General Surgery,Urgent,22,2,7729.78,6,0
ADM-6559,2024-02-28,PAT-89807,49,Female,Cardiology,Urgent,28,2,9022.85,8,0
ADM-6560,2024-02-28,PAT-29093,48,Female,Pediatrics,Emergency,32,1,3868.54,6,0
ADM-6561,2024-02-28,PAT-60305,48,Female,Pediatrics,Urgent,36,1,5707.85,7,0
ADM-6562,2024-02-28,PAT-59088,73,Female,General Surgery,Elective,34,1,3393.03,5,0
ADM-6563,2024-02-28,PAT-52350,41,Female,General Surgery,Elective,27,2,6755.25,9,0
ADM-6564,2024-02-28,PAT-54405,24,Female,Emergency,Emergency,50,1,3082.85,4,0
ADM-6565,2024-02-29,PAT-88462,59,Female,General Surgery,Elective,35,1,5381.36,6,0
ADM-6566,2024-02-29,PAT-71160,63,Male,Emergency,Emergency,86,4,6298.21,3,0
ADM-6567,2024-02-29,PAT-35190,39,Female,General Surgery,Emergency,36,1,4228.99,6,0
ADM-6568,2024-02-29,PAT-41882,51,Female,General Surgery,Elective,18,1,5070.55,6,0
ADM-6569,2024-02-29,PAT-26362,64,Male,Pediatrics,Elective,41,5,8526.05,7,0
ADM-6570,2024-02-29,PAT-57789,22,Male,Emergency,Urgent,165,3,6770.39,2,0
ADM-6571,2024-02-29,PAT-12429,20,Male,Cardiology,Elective,32,2,9172.01,4,0
ADM-6572,2024-02-29,PAT-71758,37,Male,Cardiology,Urgent,61,2,10695.69,4,1
ADM-6573,2024-02-29,PAT-34729,8,Male,Pediatrics,Urgent,26,1,3342.25,7,0
ADM-6574,2024-02-29,PAT-25719,42,Male,Orthopedics,Emergency,22,5,10097.02,6,0
ADM-6575,2024-02-29,PAT-18109,48,Male,Orthopedics,Emergency,28,2,4706.7,9,0
ADM-6576,2024-02-29,PAT-26551,48,Female,Cardiology,Elective,58,9,27363.04,5,1
ADM-6577,2024-02-29,PAT-71904,65,Male,Emergency,Elective,96,2,5288.44,4,0
ADM-6578,2024-02-29,PAT-50190,78,Female,Cardiology,Emergency,30,2,15172.43,7,0
ADM-6579,2024-02-29,PAT-86139,10,Male,Orthopedics,Urgent,15,1,6142.79,7,0
ADM-6580,2024-02-29,PAT-25441,67,Male,General Surgery,Emergency,43,8,14689.91,8,0
ADM-6581,2024-02-29,PAT-25307,48,Male,Emergency,Elective,62,1,3512.35,7,0
ADM-6582,2024-02-29,PAT-59146,28,Male,Pediatrics,Elective,20,1,5122.13,6,0
ADM-6583,2024-02-29,PAT-11360,51,Female,Emergency,Urgent,98,1,3534.52,4,0
ADM-6584,2024-02-29,PAT-82438,56,Female,Pediatrics,Elective,46,3,7597.44,8,0
ADM-6585,2024-02-29,PAT-92233,62,Female,General Surgery,Urgent,23,1,3771.55,6,0
ADM-6586,2024-02-29,PAT-36684,47,Female,General Surgery,Elective,35,3,9123.25,8,0
ADM-6587,2024-02-29,PAT-87080,60,Female,General Surgery,Elective,43,1,5061.17,7,0
ADM-6588,2024-02-29,PAT-73974,73,Male,Orthopedics,Emergency,16,1,3431.35,6,0
ADM-6589,2024-02-29,PAT-67352,61,Male,Emergency,Urgent,117,3,6430.27,3,0
ADM-6590,2024-02-29,PAT-37830,53,Male,Emergency,Urgent,41,1,2440.54,9,0
ADM-6591,2024-02-29,PAT-49744,48,Female,Orthopedics,Urgent,36,1,5484.06,4,0
ADM-6592,2024-02-29,PAT-71569,71,Female,General Surgery,Elective,10,3,7871.07,8,0
ADM-6593,2024-02-29,PAT-58203,67,Male,General Surgery,Elective,30,12,21154.4,8,1
ADM-6594,2024-03-01,PAT-57660,53,Male,Emergency,Urgent,30,1,2771.11,7,0
ADM-6595,2024-03-01,PAT-87201,54,Male,Pediatrics,Emergency,10,3,6013.72,8,0
ADM-6596,2024-03-01,PAT-37504,43,Female,Pediatrics,Emergency,46,1,6394.44,8,0
ADM-6597,2024-03-01,PAT-27353,47,Male,Pediatrics,Emergency,24,2,6263.16,6,0
ADM-6598,2024-03-01,PAT-26082,43,Male,Cardiology,Elective,52,2,8936.12,7,0
ADM-6599,2024-03-01,PAT-41927,38,Female,Orthopedics,Urgent,20,4,7968.63,8,1
ADM-6600,2024-03-01,PAT-63025,11,Female,Cardiology,Elective,59,2,12197.12,6,0
ADM-6601,2024-03-01,PAT-34434,75,Female,Emergency,Urgent,60,1,2584.76,5,0
ADM-6602,2024-03-01,PAT-85024,64,Female,General Surgery,Urgent,14,3,7810.03,6,0
ADM-6603,2024-03-01,PAT-55386,59,Male,Pediatrics,Elective,48,10,16815.43,6,0
ADM-6604,2024-03-01,PAT-59801,42,Male,Emergency,Elective,88,1,3489.39,5,0
ADM-6605,2024-03-01,PAT-80859,61,Male,General Surgery,Elective,29,3,7953.92,6,0
ADM-6606,2024-03-01,PAT-73448,53,Male,Pediatrics,Elective,41,3,9184.5,6,0
ADM-6607,2024-03-01,PAT-98240,15,Male,Emergency,Emergency,55,4,7162.39,7,0
ADM-6608,2024-03-01,PAT-79082,66,Male,Emergency,Urgent,79,1,2927.11,5,0
ADM-6609,2024-03-01,PAT-68450,69,Male,Pediatrics,Urgent,10,1,4991.6,6,0
ADM-6610,2024-03-01,PAT-68826,73,Female,Cardiology,Elective,42,2,14571.98,6,0
ADM-6611,2024-03-01,PAT-68491,72,Male,Emergency,Urgent,80,2,4638.07,6,0
ADM-6612,2024-03-01,PAT-98237,62,Male,Cardiology,Urgent,43,5,21532.54,7,0
ADM-6613,2024-03-01,PAT-78053,37,Male,Cardiology,Emergency,62,10,35202.42,7,1
ADM-6614,2024-03-02,PAT-69167,33,Female,General Surgery,Elective,33,4,9054.06,7,1
ADM-6615,2024-03-02,PAT-51179,40,Female,Orthopedics,Elective,18,1,4116.07,7,1
ADM-6616,2024-03-02,PAT-10223,39,Male,Emergency,Urgent,77,1,4036.31,4,0
ADM-6617,2024-03-02,PAT-22880,24,Male,Cardiology,Urgent,60,2,8966.6,7,0
ADM-6618,2024-03-02,PAT-53575,38,Male,General Surgery,Urgent,33,7,11844.49,9,0
ADM-6619,2024-03-02,PAT-65695,55,Female,Orthopedics,Elective,53,2,5852.11,8,1
ADM-6620,2024-03-02,PAT-51409,53,Female,General Surgery,Emergency,54,6,11237.07,6,0
ADM-6621,2024-03-02,PAT-17905,50,Female,Pediatrics,Emergency,11,1,6277.74,7,0
ADM-6622,2024-03-02,PAT-86297,44,Male,Cardiology,Urgent,52,14,44014.18,7,0
ADM-6623,2024-03-02,PAT-11344,56,Female,Cardiology,Elective,49,24,68030.62,7,0
ADM-6624,2024-03-02,PAT-56897,27,Male,Cardiology,Urgent,26,8,26051.14,7,1
ADM-6625,2024-03-02,PAT-87524,70,Female,Emergency,Urgent,72,1,3619.09,5,0
ADM-6626,2024-03-02,PAT-90881,72,Female,Emergency,Elective,28,9,10934.27,8,0
ADM-6627,2024-03-02,PAT-57319,42,Male,Orthopedics,Elective,49,3,6962.63,7,0
ADM-6628,2024-03-02,PAT-10374,40,Male,Orthopedics,Urgent,32,1,5363.18,8,0
ADM-6629,2024-03-02,PAT-24013,20,Female,Cardiology,Emergency,52,2,11996.07,6,0
ADM-6630,2024-03-02,PAT-52410,81,Male,Cardiology,Urgent,27,13,41268.65,6,0
ADM-6631,2024-03-02,PAT-87541,60,Male,Emergency,Elective,32,1,3240.24,6,0
ADM-6632,2024-03-02,PAT-48076,61,Female,Cardiology,Elective,37,2,12562.34,6,0
ADM-6633,2024-03-02,PAT-85816,63,Female,Orthopedics,Urgent,26,5,10983.7,6,0
ADM-6634,2024-03-02,PAT-62010,24,Male,Cardiology,Elective,51,2,13833.82,8,0
ADM-6635,2024-03-02,PAT-86056,47,Female,Orthopedics,Emergency,25,3,8310.07,6,0
ADM-6636,2024-03-02,PAT-63397,84,Male,Orthopedics,Urgent,10,10,18792.09,7,0
ADM-6637,2024-03-02,PAT-57874,53,Male,Emergency,Elective,84,1,4086.72,6,0
ADM-6638,2024-03-02,PAT-96179,64,Male,Emergency,Urgent,51,1,3559.6,8,0
ADM-6639,2024-03-02,PAT-31626,61,Female,General Surgery,Elective,33,7,14096.19,7,0
ADM-6640,2024-03-02,PAT-85669,48,Female,General Surgery,Emergency,27,1,3200.25,7,0
ADM-6641,2024-03-02,PAT-46831,63,Female,Orthopedics,Urgent,42,1,6377.51,4,0
ADM-6642,2024-03-03,PAT-39600,44,Female,Cardiology,Elective,52,10,30632.41,7,0
ADM-6643,2024-03-03,PAT-77059,50,Female,Emergency,Elective,90,8,11457.83,6,1
ADM-6644,2024-03-03,PAT-62753,46,Male,Emergency,Urgent,76,1,3353.19,6,0
ADM-6645,2024-03-03,PAT-97320,40,Female,Cardiology,Urgent,62,8,30066.38,5,0
ADM-6646,2024-03-03,PAT-19055,32,Male,Pediatrics,Urgent,36,1,3093.08,3,0
ADM-6647,2024-03-03,PAT-93035,48,Male,Emergency,Emergency,41,1,3168.39,9,0
ADM-6648,2024-03-03,PAT-53369,46,Male,General Surgery,Urgent,10,2,7450.7,6,0
ADM-6649,2024-03-03,PAT-66176,24,Male,Pediatrics,Urgent,28,14,23408.25,6,1
ADM-6650,2024-03-03,PAT-63651,7,Male,Pediatrics,Elective,39,1,5372.9,6,0
ADM-6651,2024-03-03,PAT-43534,36,Male,Emergency,Urgent,56,3,5340.28,6,0
ADM-6652,2024-03-03,PAT-84613,42,Male,Orthopedics,Emergency,28,1,4172.84,7,1
ADM-6653,2024-03-03,PAT-78461,55,Male,Orthopedics,Emergency,24,2,6304.06,6,0
ADM-6654,2024-03-03,PAT-19947,88,Male,Cardiology,Elective,53,3,18846.64,6,0
ADM-6655,2024-03-03,PAT-49495,12,Female,Emergency,Elective,78,1,3597.36,7,0
ADM-6656,2024-03-03,PAT-48529,83,Male,Emergency,Urgent,94,1,3478.43,7,0
ADM-6657,2024-03-03,PAT-53380,55,Male,Cardiology,Elective,66,2,11473.82,5,0
ADM-6658,2024-03-03,PAT-73745,37,Male,Pediatrics,Urgent,10,2,5504.47,7,0
ADM-6659,2024-03-03,PAT-84438,46,Female,Emergency,Emergency,61,1,3522.23,6,0
ADM-6660,2024-03-03,PAT-57262,75,Male,Orthopedics,Urgent,21,2,5226.99,8,0
ADM-6661,2024-03-03,PAT-37922,46,Female,Cardiology,Urgent,49,3,14578.57,6,0
ADM-6662,2024-03-03,PAT-86644,33,Female,Cardiology,Elective,34,12,40639.41,5,1
ADM-6663,2024-03-04,PAT-63945,43,Male,Cardiology,Elective,34,19,57475.41,5,0
ADM-6664,2024-03-04,PAT-37902,49,Female,Cardiology,Urgent,40,2,11278.32,4,0
ADM-6665,2024-03-04,PAT-25350,43,Male,General Surgery,Urgent,23,2,7069.1,7,0
ADM-6666,2024-03-04,PAT-79507,40,Female,Pediatrics,Urgent,29,1,5001.24,6,0
ADM-6667,2024-03-04,PAT-14708,63,Male,Emergency,Elective,75,8,10764.01,5,0
ADM-6668,2024-03-04,PAT-84962,95,Female,Emergency,Urgent,114,6,9582.91,6,0
ADM-6669,2024-03-04,PAT-59494,25,Female,Orthopedics,Emergency,32,1,3497.01,6,0
ADM-6670,2024-03-04,PAT-88963,40,Female,Emergency,Urgent,47,1,2329.09,7,0
ADM-6671,2024-03-04,PAT-14944,53,Female,Orthopedics,Emergency,16,14,21341.44,7,0
ADM-6672,2024-03-04,PAT-20466,21,Male,Cardiology,Urgent,30,2,14995.28,5,0
ADM-6673,2024-03-04,PAT-22672,68,Male,Orthopedics,Urgent,39,1,5067.97,7,0
ADM-6674,2024-03-04,PAT-78766,46,Male,Orthopedics,Urgent,25,3,5904.39,7,0
ADM-6675,2024-03-04,PAT-37927,48,Male,General Surgery,Emergency,27,4,10213.35,7,0
ADM-6676,2024-03-04,PAT-37541,75,Male,Pediatrics,Emergency,33,4,9218.45,6,0
ADM-6677,2024-03-04,PAT-99752,35,Male,Emergency,Elective,49,1,2556.0,8,0
ADM-6678,2024-03-04,PAT-83120,65,Male,Orthopedics,Urgent,18,2,5006.35,8,0
ADM-6679,2024-03-04,PAT-84986,43,Female,General Surgery,Urgent,29,1,5451.14,3,0
ADM-6680,2024-03-04,PAT-42027,61,Male,General Surgery,Elective,29,1,4687.12,6,0
ADM-6681,2024-03-04,PAT-78116,57,Male,Emergency,Elective,102,1,4406.03,6,0
ADM-6682,2024-03-04,PAT-28816,61,Male,Cardiology,Urgent,57,10,31264.52,7,0
ADM-6683,2024-03-04,PAT-79016,66,Female,Pediatrics,Urgent,47,1,3942.75,5,0
ADM-6684,2024-03-04,PAT-36277,48,Female,General Surgery,Emergency,29,3,6397.51,7,0
ADM-6685,2024-03-04,PAT-14483,54,Male,General Surgery,Urgent,42,1,5736.35,7,0
ADM-6686,2024-03-04,PAT-23833,44,Male,Cardiology,Elective,36,2,13020.84,4,0
ADM-6687,2024-03-04,PAT-14412,79,Female,Emergency,Elective,64,1,2997.24,5,0
ADM-6688,2024-03-04,PAT-81108,58,Female,Emergency,Emergency,18,3,5277.43,7,0
ADM-6689,2024-03-04,PAT-47861,69,Male,General Surgery,Elective,55,1,3905.54,7,0
ADM-6690,2024-03-05,PAT-99060,25,Male,General Surgery,Emergency,10,1,3631.64,8,0
ADM-6691,2024-03-05,PAT-20871,95,Female,Cardiology,Urgent,47,2,16207.34,7,0
ADM-6692,2024-03-05,PAT-56594,28,Male,Orthopedics,Emergency,27,1,5424.15,8,0
ADM-6693,2024-03-05,PAT-93258,17,Female,Pediatrics,Elective,40,1,5930.78,7,0
ADM-6694,2024-03-05,PAT-49059,42,Male,General Surgery,Elective,10,16,25950.45,7,1
ADM-6695,2024-03-05,PAT-39839,19,Male,Orthopedics,Urgent,25,1,3698.86,9,0
ADM-6696,2024-03-05,PAT-57572,58,Male,Cardiology,Urgent,42,3,17425.29,7,0
ADM-6697,2024-03-05,PAT-90286,35,Male,Cardiology,Urgent,26,3,12819.84,5,0
ADM-6698,2024-03-05,PAT-25447,83,Male,Pediatrics,Urgent,31,4,7561.68,7,0
ADM-6699,2024-03-05,PAT-61528,95,Male,General Surgery,Urgent,24,1,4262.84,7,0
ADM-6700,2024-03-05,PAT-85422,63,Female,General Surgery,Urgent,23,1,5920.77,8,0
ADM-6701,2024-03-05,PAT-67499,92,Male,General Surgery,Urgent,37,5,9385.65,8,0
ADM-6702,2024-03-05,PAT-25819,51,Female,Orthopedics,Emergency,51,1,3788.44,6,0
ADM-6703,2024-03-05,PAT-87597,45,Female,Cardiology,Elective,44,2,13680.44,4,0
ADM-6704,2024-03-05,PAT-47436,52,Male,Pediatrics,Elective,38,6,12534.92,8,0
ADM-6705,2024-03-05,PAT-26812,66,Male,General Surgery,Urgent,29,2,4945.76,6,0
ADM-6706,2024-03-05,PAT-99023,90,Female,Emergency,Urgent,111,1,3466.9,5,0
ADM-6707,2024-03-05,PAT-80621,78,Female,Cardiology,Urgent,74,3,11924.45,6,0
ADM-6708,2024-03-05,PAT-51852,64,Male,General Surgery,Urgent,17,2,5210.54,8,0
ADM-6709,2024-03-05,PAT-90469,30,Male,General Surgery,Elective,34,2,7101.6,8,0
ADM-6710,2024-03-05,PAT-80870,65,Female,General Surgery,Urgent,40,1,5452.56,6,0
ADM-6711,2024-03-05,PAT-50422,66,Female,Emergency,Emergency,89,2,5156.43,7,1
ADM-6712,2024-03-05,PAT-50161,68,Female,General Surgery,Urgent,45,3,6813.21,7,0
ADM-6713,2024-03-05,PAT-85812,56,Female,Orthopedics,Emergency,45,1,4837.07,7,0
ADM-6714,2024-03-05,PAT-86932,60,Female,General Surgery,Emergency,50,7,11371.83,5,0
ADM-6715,2024-03-05,PAT-80352,39,Female,Pediatrics,Urgent,13,1,3494.37,6,0
ADM-6716,2024-03-05,PAT-93165,34,Male,Orthopedics,Urgent,28,7,14161.18,8,0
ADM-6717,2024-03-05,PAT-66471,51,Male,General Surgery,Elective,22,6,13392.26,7,0
ADM-6718,2024-03-05,PAT-30144,24,Male,Emergency,Emergency,64,1,3270.57,4,0
ADM-6719,2024-03-06,PAT-94266,41,Female,Orthopedics,Emergency,32,9,16525.74,8,0
ADM-6720,2024-03-06,PAT-85610,48,Female,Cardiology,Urgent,71,5,20318.63,7,0
ADM-6721,2024-03-06,PAT-31983,32,Female,General Surgery,Elective,30,1,4695.35,7,0
ADM-6722,2024-03-06,PAT-99229,49,Female,Pediatrics,Elective,34,1,6221.09,6,0
ADM-6723,2024-03-06,PAT-44743,34,Female,Pediatrics,Urgent,27,4,7549.03,7,0
ADM-6724,2024-03-06,PAT-54319,83,Female,Pediatrics,Emergency,17,1,4504.82,6,0
ADM-6725,2024-03-06,PAT-83992,50,Female,Emergency,Urgent,65,2,4795.81,6,0
ADM-6726,2024-03-06,PAT-55741,63,Male,Pediatrics,Elective,41,1,4005.29,8,0
ADM-6727,2024-03-06,PAT-35605,2,Male,Emergency,Urgent,32,1,2379.58,7,0
ADM-6728,2024-03-06,PAT-90163,26,Female,Emergency,Emergency,47,1,3081.93,7,1
ADM-6729,2024-03-06,PAT-14806,58,Male,Cardiology,Elective,27,2,9501.2,6,0
ADM-6730,2024-03-06,PAT-16042,54,Female,Pediatrics,Emergency,15,1,3264.31,7,0
ADM-6731,2024-03-06,PAT-24394,74,Female,Pediatrics,Urgent,28,1,5068.78,7,0
ADM-6732,2024-03-06,PAT-72953,39,Female,Pediatrics,Urgent,45,1,3752.34,5,0
ADM-6733,2024-03-06,PAT-39285,55,Female,Emergency,Elective,43,1,3297.48,7,0
ADM-6734,2024-03-06,PAT-17042,68,Female,Emergency,Elective,35,1,2350.53,7,0
ADM-6735,2024-03-06,PAT-85112,54,Female,Emergency,Elective,50,4,5839.93,4,0
ADM-6736,2024-03-06,PAT-87241,77,Male,Pediatrics,Urgent,44,4,8843.88,6,0
ADM-6737,2024-03-06,PAT-27086,62,Female,Orthopedics,Elective,24,1,6074.22,7,0
ADM-6738,2024-03-06,PAT-41699,50,Male,Cardiology,Urgent,56,4,18820.87,8,0
ADM-6739,2024-03-06,PAT-93263,37,Male,Orthopedics,Elective,25,2,5580.39,6,0
ADM-6740,2024-03-06,PAT-57048,49,Female,General Surgery,Elective,40,1,5210.7,6,0
ADM-6741,2024-03-06,PAT-93996,68,Female,Emergency,Urgent,85,1,3746.45,4,0
ADM-6742,2024-03-06,PAT-61175,37,Female,Emergency,Elective,100,1,4339.95,5,1
ADM-6743,2024-03-06,PAT-12585,84,Female,Pediatrics,Urgent,24,2,4690.6,8,0
ADM-6744,2024-03-06,PAT-43049,72,Male,Pediatrics,Urgent,63,1,4341.97,6,0
ADM-6745,2024-03-06,PAT-90773,58,Female,Emergency,Emergency,91,3,6371.72,7,0
ADM-6746,2024-03-06,PAT-88132,66,Female,Cardiology,Elective,41,2,16497.59,9,1
ADM-6747,2024-03-06,PAT-60250,66,Female,Emergency,Urgent,33,9,12097.91,8,0
ADM-6748,2024-03-06,PAT-76045,87,Male,Orthopedics,Urgent,29,1,3474.78,8,0
ADM-6749,2024-03-06,PAT-15010,52,Male,Orthopedics,Emergency,39,1,4233.52,8,0
ADM-6750,2024-03-06,PAT-22591,36,Male,Orthopedics,Emergency,22,1,6330.03,9,0
ADM-6751,2024-03-06,PAT-35482,91,Male,General Surgery,Urgent,36,1,6136.43,5,0
ADM-6752,2024-03-07,PAT-55217,36,Female,Pediatrics,Elective,24,2,4463.76,6,0
ADM-6753,2024-03-07,PAT-93397,66,Male,Pediatrics,Urgent,35,1,4219.65,10,0
ADM-6754,2024-03-07,PAT-69668,55,Male,Pediatrics,Emergency,32,1,3330.56,7,0
ADM-6755,2024-03-07,PAT-31183,77,Female,General Surgery,Emergency,10,1,3982.21,6,0
ADM-6756,2024-03-07,PAT-68066,56,Female,General Surgery,Emergency,28,1,6181.51,7,1
ADM-6757,2024-03-07,PAT-75115,32,Female,Cardiology,Urgent,34,4,20753.67,9,0
ADM-6758,2024-03-07,PAT-42509,50,Female,Cardiology,Emergency,53,4,14839.62,5,0
ADM-6759,2024-03-07,PAT-64738,58,Male,Emergency,Emergency,70,4,6372.85,6,0
ADM-6760,2024-03-07,PAT-89096,42,Male,Pediatrics,Elective,29,1,6154.87,9,0
ADM-6761,2024-03-07,PAT-48036,53,Female,General Surgery,Urgent,27,5,9942.0,5,0
ADM-6762,2024-03-07,PAT-95512,60,Male,General Surgery,Elective,29,2,4429.81,9,0
ADM-6763,2024-03-07,PAT-92005,39,Male,Emergency,Urgent,72,2,4851.59,7,0
ADM-6764,2024-03-07,PAT-76260,48,Female,Cardiology,Elective,56,2,16211.2,6,0
ADM-6765,2024-03-07,PAT-62852,54,Female,Pediatrics,Urgent,38,3,7726.47,6,0
ADM-6766,2024-03-07,PAT-70726,67,Female,Pediatrics,Emergency,10,4,7582.38,6,0
ADM-6767,2024-03-07,PAT-31764,55,Male,Pediatrics,Urgent,24,1,5474.92,10,1
ADM-6768,2024-03-07,PAT-86897,58,Female,Cardiology,Emergency,50,4,16219.41,5,0
ADM-6769,2024-03-07,PAT-77355,25,Male,Pediatrics,Emergency,47,2,4924.48,6,0
ADM-6770,2024-03-07,PAT-66689,48,Female,Orthopedics,Elective,36,1,5869.66,8,0
ADM-6771,2024-03-07,PAT-14953,37,Female,Cardiology,Elective,61,8,24923.44,5,0
ADM-6772,2024-03-07,PAT-21379,51,Female,Pediatrics,Elective,10,1,3001.8,7,0
ADM-6773,2024-03-07,PAT-56134,62,Female,Cardiology,Emergency,41,9,31095.53,8,1
ADM-6774,2024-03-07,PAT-92754,62,Male,General Surgery,Emergency,39,6,12317.75,5,0
ADM-6775,2024-03-07,PAT-95310,37,Male,Cardiology,Emergency,63,2,12865.32,3,0
ADM-6776,2024-03-07,PAT-32896,74,Female,Pediatrics,Elective,19,1,3445.77,9,0
ADM-6777,2024-03-07,PAT-77144,48,Female,Emergency,Urgent,42,5,7308.56,8,0
ADM-6778,2024-03-07,PAT-76233,27,Male,Pediatrics,Emergency,40,3,7045.43,7,0
ADM-6779,2024-03-07,PAT-16594,48,Male,Pediatrics,Urgent,29,6,10479.05,6,0
ADM-6780,2024-03-07,PAT-93953,38,Female,Orthopedics,Urgent,23,3,8049.27,7,0
ADM-6781,2024-03-07,PAT-15740,45,Female,Pediatrics,Emergency,21,1,5642.25,7,0
ADM-6782,2024-03-07,PAT-41812,42,Female,Cardiology,Urgent,45,2,15486.54,5,0
ADM-6783,2024-03-07,PAT-69154,29,Male,Pediatrics,Urgent,23,1,5601.12,8,0
ADM-6784,2024-03-07,PAT-51616,49,Female,Emergency,Elective,77,6,9501.64,5,0
ADM-6785,2024-03-08,PAT-49946,67,Female,Pediatrics,Urgent,30,1,4632.22,8,0
ADM-6786,2024-03-08,PAT-96385,31,Female,Orthopedics,Elective,20,4,10571.12,6,0
ADM-6787,2024-03-08,PAT-83647,53,Female,Orthopedics,Elective,22,1,5753.51,8,0
ADM-6788,2024-03-08,PAT-49309,27,Male,Orthopedics,Elective,15,1,5507.6,6,0
ADM-6789,2024-03-08,PAT-59391,55,Female,Cardiology,Elective,76,12,39426.25,6,0
ADM-6790,2024-03-08,PAT-12470,95,Female,Cardiology,Urgent,33,2,12749.63,8,0
ADM-6791,2024-03-08,PAT-93048,60,Female,Orthopedics,Emergency,40,1,4409.96,5,0
ADM-6792,2024-03-08,PAT-54492,44,Male,Pediatrics,Urgent,33,1,3178.5,7,0
ADM-6793,2024-03-08,PAT-67515,25,Female,Pediatrics,Elective,10,1,4163.13,9,0
ADM-6794,2024-03-08,PAT-21741,40,Female,Orthopedics,Emergency,30,3,6025.16,6,0
ADM-6795,2024-03-08,PAT-81331,2,Female,Cardiology,Emergency,22,11,31868.65,7,0
ADM-6796,2024-03-08,PAT-77200,55,Female,Pediatrics,Urgent,21,8,13207.16,6,0
ADM-6797,2024-03-08,PAT-56104,27,Female,Emergency,Urgent,98,1,4567.41,4,0
ADM-6798,2024-03-08,PAT-67750,40,Female,Orthopedics,Emergency,10,2,6402.92,9,0
ADM-6799,2024-03-08,PAT-31249,59,Female,Emergency,Emergency,44,1,3102.48,7,0
ADM-6800,2024-03-08,PAT-75501,57,Female,Pediatrics,Emergency,28,1,5608.76,7,0
ADM-6801,2024-03-08,PAT-76005,75,Male,Emergency,Elective,90,1,4235.09,5,0
ADM-6802,2024-03-08,PAT-29604,51,Male,Emergency,Elective,144,2,6173.93,4,1
ADM-6803,2024-03-08,PAT-39345,40,Male,General Surgery,Urgent,62,1,6175.39,5,0
ADM-6804,2024-03-08,PAT-59869,60,Male,Pediatrics,Urgent,51,3,5803.69,9,0
ADM-6805,2024-03-08,PAT-33618,44,Female,Orthopedics,Elective,23,2,5665.31,7,1
ADM-6806,2024-03-08,PAT-26944,43,Male,Cardiology,Elective,59,2,16192.23,5,0
ADM-6807,2024-03-08,PAT-22408,18,Female,Orthopedics,Urgent,44,2,4831.52,5,0
ADM-6808,2024-03-08,PAT-30131,31,Male,General Surgery,Urgent,21,1,4785.35,7,0
ADM-6809,2024-03-08,PAT-49231,68,Female,Orthopedics,Emergency,35,1,4364.18,8,0
ADM-6810,2024-03-08,PAT-23597,61,Female,Cardiology,Emergency,62,5,17418.65,7,0
ADM-6811,2024-03-08,PAT-82790,27,Male,Pediatrics,Urgent,14,1,3908.06,5,0
ADM-6812,2024-03-08,PAT-69970,85,Male,Emergency,Emergency,52,8,11093.65,6,0
ADM-6813,2024-03-08,PAT-36430,61,Female,Pediatrics,Emergency,10,1,6396.25,7,0
ADM-6814,2024-03-08,PAT-76272,74,Male,Emergency,Emergency,35,2,3249.91,5,0
ADM-6815,2024-03-08,PAT-26697,90,Male,Orthopedics,Elective,17,1,5481.91,7,0
ADM-6816,2024-03-09,PAT-79835,55,Female,Pediatrics,Emergency,24,1,6165.82,8,0
ADM-6817,2024-03-09,PAT-40307,63,Male,General Surgery,Elective,30,5,11080.64,10,0
ADM-6818,2024-03-09,PAT-99483,59,Female,Orthopedics,Emergency,14,1,4135.39,7,0
ADM-6819,2024-03-09,PAT-59382,34,Male,General Surgery,Emergency,37,1,3815.15,5,0
ADM-6820,2024-03-09,PAT-68380,37,Female,General Surgery,Emergency,44,1,4110.13,6,0
ADM-6821,2024-03-09,PAT-64757,68,Female,Orthopedics,Urgent,23,1,6272.93,6,0
ADM-6822,2024-03-09,PAT-16957,10,Female,Emergency,Urgent,38,1,3057.64,6,0
ADM-6823,2024-03-09,PAT-64126,22,Female,Pediatrics,Urgent,39,4,8923.36,5,0
ADM-6824,2024-03-09,PAT-39535,67,Female,Emergency,Elective,91,1,4195.8,5,0
ADM-6825,2024-03-09,PAT-79794,33,Female,General Surgery,Urgent,34,1,6151.15,6,0
ADM-6826,2024-03-09,PAT-36937,57,Male,Orthopedics,Elective,51,1,4079.78,8,0
ADM-6827,2024-03-09,PAT-40161,53,Female,General Surgery,Urgent,38,4,8743.16,8,0
ADM-6828,2024-03-09,PAT-19349,44,Female,Pediatrics,Elective,47,1,5523.85,8,0
ADM-6829,2024-03-09,PAT-36190,26,Male,General Surgery,Emergency,42,1,5532.23,6,0
ADM-6830,2024-03-09,PAT-27830,62,Female,Cardiology,Urgent,39,3,15499.47,5,0
ADM-6831,2024-03-09,PAT-12407,49,Female,Orthopedics,Elective,32,1,4387.81,7,0
ADM-6832,2024-03-09,PAT-27893,23,Female,Emergency,Elective,71,7,10762.75,5,0
ADM-6833,2024-03-09,PAT-86089,90,Male,Orthopedics,Elective,18,1,5711.58,6,0
ADM-6834,2024-03-09,PAT-96107,53,Male,Cardiology,Elective,62,2,14993.99,4,0
ADM-6835,2024-03-09,PAT-63143,27,Male,Emergency,Elective,86,1,3609.17,6,0
ADM-6836,2024-03-09,PAT-46035,40,Male,General Surgery,Elective,29,1,5628.29,8,0
ADM-6837,2024-03-09,PAT-37737,14,Male,Pediatrics,Urgent,34,1,4409.79,6,0
ADM-6838,2024-03-09,PAT-15361,56,Female,Emergency,Urgent,111,1,3865.61,5,0
ADM-6839,2024-03-09,PAT-44754,56,Female,Pediatrics,Elective,45,1,5398.43,7,0
ADM-6840,2024-03-09,PAT-75297,95,Male,General Surgery,Elective,27,4,9333.08,6,0
ADM-6841,2024-03-09,PAT-89026,83,Female,Cardiology,Emergency,45,5,16453.5,6,0
ADM-6842,2024-03-09,PAT-45708,80,Male,Orthopedics,Emergency,54,1,4066.14,5,0
ADM-6843,2024-03-09,PAT-11418,49,Female,Emergency,Emergency,84,1,3000.33,3,0
ADM-6844,2024-03-09,PAT-50345,24,Male,General Surgery,Urgent,18,1,4460.88,7,0
ADM-6845,2024-03-09,PAT-45969,65,Female,Emergency,Urgent,41,3,4628.04,8,0
ADM-6846,2024-03-09,PAT-68353,52,Female,Orthopedics,Urgent,10,1,3275.94,6,0
ADM-6847,2024-03-09,PAT-80512,46,Male,Cardiology,Elective,32,5,18337.63,7,0
ADM-6848,2024-03-09,PAT-17097,46,Male,Orthopedics,Urgent,41,1,4715.26,6,0
ADM-6849,2024-03-10,PAT-15867,49,Female,Cardiology,Urgent,32,12,38241.72,10,0
ADM-6850,2024-03-10,PAT-92011,48,Female,Orthopedics,Urgent,38,5,10686.95,6,0
ADM-6851,2024-03-10,PAT-49920,37,Male,Emergency,Emergency,61,2,4004.05,3,0
ADM-6852,2024-03-10,PAT-78094,23,Female,General Surgery,Urgent,24,1,4685.14,8,0
ADM-6853,2024-03-10,PAT-67600,49,Female,Emergency,Emergency,21,3,5281.82,6,0
ADM-6854,2024-03-10,PAT-96243,41,Male,Cardiology,Elective,47,5,22077.22,7,0
ADM-6855,2024-03-10,PAT-30666,51,Female,Cardiology,Urgent,45,2,15384.8,6,0
ADM-6856,2024-03-10,PAT-17270,27,Male,General Surgery,Elective,30,1,4158.48,7,0
ADM-6857,2024-03-10,PAT-33254,55,Female,Pediatrics,Urgent,29,1,3053.54,7,0
ADM-6858,2024-03-10,PAT-90656,22,Female,Pediatrics,Urgent,43,1,4831.46,9,0
ADM-6859,2024-03-10,PAT-33799,33,Male,Cardiology,Emergency,58,7,23667.34,4,1
ADM-6860,2024-03-10,PAT-69780,38,Male,Orthopedics,Emergency,28,2,7476.52,8,0
ADM-6861,2024-03-10,PAT-83105,51,Male,Emergency,Emergency,10,1,1925.24,10,0
ADM-6862,2024-03-10,PAT-12965,28,Female,General Surgery,Urgent,33,1,2940.46,7,0
ADM-6863,2024-03-10,PAT-38766,70,Male,Orthopedics,Urgent,45,2,5717.87,7,0
ADM-6864,2024-03-10,PAT-15014,88,Female,General Surgery,Emergency,24,1,4045.47,8,0
ADM-6865,2024-03-10,PAT-75469,61,Female,Cardiology,Elective,21,9,32637.52,8,0
ADM-6866,2024-03-10,PAT-77124,36,Female,Cardiology,Elective,37,2,11871.86,6,0
ADM-6867,2024-03-10,PAT-34736,69,Male,Pediatrics,Elective,36,1,5439.48,8,0
ADM-6868,2024-03-10,PAT-67589,58,Female,Orthopedics,Elective,23,1,5200.35,6,0
ADM-6869,2024-03-10,PAT-87993,27,Male,General Surgery,Elective,26,2,5878.11,6,0
ADM-6870,2024-03-10,PAT-50554,72,Female,Emergency,Emergency,105,11,15041.16,4,0
ADM-6871,2024-03-10,PAT-57949,70,Female,Orthopedics,Urgent,12,1,5013.54,6,0
ADM-6872,2024-03-10,PAT-73315,79,Male,Pediatrics,Urgent,26,4,8385.85,7,0
ADM-6873,2024-03-10,PAT-97175,43,Female,General Surgery,Emergency,33,1,4346.62,9,0
ADM-6874,2024-03-10,PAT-76213,33,Male,General Surgery,Emergency,31,4,9878.71,5,0
ADM-6875,2024-03-11,PAT-33566,52,Male,General Surgery,Emergency,30,5,9274.66,8,0
ADM-6876,2024-03-11,PAT-94804,51,Female,General Surgery,Elective,14,6,10123.47,8,0
ADM-6877,2024-03-11,PAT-67412,49,Male,General Surgery,Elective,10,5,9548.79,6,0
ADM-6878,2024-03-11,PAT-11298,64,Male,Emergency,Emergency,78,2,4959.65,3,0
ADM-6879,2024-03-11,PAT-32864,66,Male,Orthopedics,Urgent,36,3,8328.54,8,0
ADM-6880,2024-03-11,PAT-63160,20,Male,Orthopedics,Emergency,48,2,6685.8,6,0
ADM-6881,2024-03-11,PAT-48531,39,Male,Orthopedics,Emergency,16,1,5690.84,7,0
ADM-6882,2024-03-11,PAT-79910,54,Male,General Surgery,Urgent,30,1,3817.55,6,0
ADM-6883,2024-03-11,PAT-38108,54,Female,Cardiology,Emergency,50,2,15377.63,7,0
ADM-6884,2024-03-11,PAT-34000,84,Male,Cardiology,Emergency,22,2,16125.33,5,0
ADM-6885,2024-03-11,PAT-72668,43,Female,Cardiology,Urgent,43,2,11659.87,6,0
ADM-6886,2024-03-11,PAT-92210,64,Male,Orthopedics,Emergency,34,6,13015.45,7,0
ADM-6887,2024-03-11,PAT-51336,93,Male,Orthopedics,Elective,54,9,15801.8,5,1
ADM-6888,2024-03-11,PAT-36025,28,Female,Emergency,Emergency,87,1,4092.57,7,0
ADM-6889,2024-03-11,PAT-58644,50,Male,Emergency,Urgent,109,1,3301.71,4,0
ADM-6890,2024-03-11,PAT-24446,30,Female,Orthopedics,Emergency,27,1,5085.34,8,0
ADM-6891,2024-03-11,PAT-23460,65,Male,Emergency,Urgent,75,1,4208.5,5,0
ADM-6892,2024-03-11,PAT-73056,54,Male,Emergency,Emergency,102,2,4701.41,4,0
ADM-6893,2024-03-11,PAT-95752,38,Male,Orthopedics,Urgent,41,2,7248.0,6,0
ADM-6894,2024-03-11,PAT-56753,45,Male,Pediatrics,Urgent,37,10,16629.64,9,1
ADM-6895,2024-03-11,PAT-23571,26,Male,Emergency,Emergency,89,1,3310.88,4,0
ADM-6896,2024-03-11,PAT-96599,72,Female,Orthopedics,Elective,35,1,5707.93,6,0
ADM-6897,2024-03-11,PAT-80318,30,Female,Orthopedics,Urgent,42,1,5856.48,6,0
ADM-6898,2024-03-11,PAT-51548,69,Female,Pediatrics,Elective,33,3,5874.97,8,0
ADM-6899,2024-03-11,PAT-22007,37,Female,Cardiology,Elective,48,5,22428.93,4,0
ADM-6900,2024-03-11,PAT-30208,64,Female,Orthopedics,Urgent,21,2,6171.62,4,0
ADM-6901,2024-03-11,PAT-73655,31,Male,General Surgery,Elective,29,15,25380.97,9,0
ADM-6902,2024-03-11,PAT-43977,34,Male,General Surgery,Elective,41,4,8997.07,6,1
ADM-6903,2024-03-11,PAT-79075,64,Male,Cardiology,Urgent,63,5,23144.28,5,0
ADM-6904,2024-03-11,PAT-75464,28,Female,Orthopedics,Emergency,48,4,10124.97,7,0
ADM-6905,2024-03-11,PAT-47652,35,Male,Pediatrics,Urgent,13,2,5967.99,7,0
ADM-6906,2024-03-12,PAT-70323,26,Male,General Surgery,Elective,42,7,13558.71,8,0
ADM-6907,2024-03-12,PAT-33218,63,Male,Emergency,Urgent,18,1,2527.71,7,0
ADM-6908,2024-03-12,PAT-43458,43,Male,Pediatrics,Elective,33,2,7772.29,9,1
ADM-6909,2024-03-12,PAT-69122,61,Female,General Surgery,Emergency,36,1,3464.91,5,0
ADM-6910,2024-03-12,PAT-66555,39,Male,Emergency,Elective,86,1,3913.88,6,0
ADM-6911,2024-03-12,PAT-95509,41,Male,Cardiology,Elective,47,3,19046.68,6,0
ADM-6912,2024-03-12,PAT-62973,54,Female,Cardiology,Elective,15,2,12141.98,8,0
ADM-6913,2024-03-12,PAT-41269,42,Male,Pediatrics,Elective,31,6,11353.89,7,0
ADM-6914,2024-03-12,PAT-55594,67,Male,Pediatrics,Elective,11,1,5913.07,9,0
ADM-6915,2024-03-12,PAT-47442,54,Male,Cardiology,Elective,59,5,19544.5,5,0
ADM-6916,2024-03-12,PAT-86876,14,Male,Pediatrics,Urgent,30,1,4171.66,9,0
ADM-6917,2024-03-12,PAT-68794,37,Female,Cardiology,Elective,35,2,9740.0,6,0
ADM-6918,2024-03-12,PAT-44627,47,Female,General Surgery,Elective,25,4,9262.6,7,0
ADM-6919,2024-03-12,PAT-21952,46,Female,Cardiology,Emergency,46,14,45279.68,5,1
ADM-6920,2024-03-12,PAT-81708,45,Male,Orthopedics,Urgent,26,7,13374.58,7,0
ADM-6921,2024-03-12,PAT-38250,29,Male,Emergency,Emergency,17,3,4745.12,7,0
ADM-6922,2024-03-12,PAT-47248,39,Female,General Surgery,Emergency,27,1,5276.28,5,0
ADM-6923,2024-03-12,PAT-70365,53,Male,Orthopedics,Urgent,10,4,8836.61,7,1
ADM-6924,2024-03-12,PAT-98855,38,Male,Cardiology,Elective,65,19,57062.08,5,0
ADM-6925,2024-03-12,PAT-12574,59,Female,Emergency,Elective,67,1,3322.42,7,0
ADM-6926,2024-03-12,PAT-93644,16,Male,Cardiology,Emergency,31,6,21910.16,8,0
ADM-6927,2024-03-12,PAT-56908,68,Male,Emergency,Elective,80,2,4187.99,6,0
ADM-6928,2024-03-12,PAT-23250,19,Female,Orthopedics,Elective,49,18,29748.5,6,1
ADM-6929,2024-03-12,PAT-17106,51,Female,General Surgery,Urgent,18,4,8097.32,8,0
ADM-6930,2024-03-12,PAT-85304,65,Male,Orthopedics,Emergency,27,1,3799.67,4,0
ADM-6931,2024-03-12,PAT-82136,35,Female,Emergency,Emergency,40,1,2991.18,8,0
ADM-6932,2024-03-12,PAT-85648,73,Female,Emergency,Urgent,66,2,4095.9,3,0
ADM-6933,2024-03-13,PAT-15911,44,Female,Cardiology,Elective,55,4,17118.61,7,0
ADM-6934,2024-03-13,PAT-94028,44,Male,Orthopedics,Elective,36,1,4380.8,9,1
ADM-6935,2024-03-13,PAT-70288,95,Male,Cardiology,Elective,39,11,37227.47,6,0
ADM-6936,2024-03-13,PAT-32241,69,Female,Emergency,Urgent,14,7,8959.29,5,1
ADM-6937,2024-03-13,PAT-59515,37,Male,Orthopedics,Elective,47,1,5748.25,10,0
ADM-6938,2024-03-13,PAT-32226,43,Male,Cardiology,Emergency,64,5,17712.54,6,0
ADM-6939,2024-03-13,PAT-40801,66,Female,Emergency,Urgent,34,1,2250.4,5,1
ADM-6940,2024-03-13,PAT-64721,59,Female,Orthopedics,Urgent,42,5,10650.48,6,0
ADM-6941,2024-03-13,PAT-86303,39,Female,Pediatrics,Urgent,10,2,6967.06,7,0
ADM-6942,2024-03-13,PAT-41785,74,Female,Emergency,Elective,97,1,3126.28,4,0
ADM-6943,2024-03-13,PAT-69136,70,Male,Orthopedics,Emergency,34,1,3829.93,6,0
ADM-6944,2024-03-13,PAT-63570,66,Female,Pediatrics,Urgent,23,3,6833.32,7,0
ADM-6945,2024-03-13,PAT-11791,67,Female,Cardiology,Emergency,61,2,11071.45,8,0
ADM-6946,2024-03-13,PAT-24995,60,Male,Pediatrics,Urgent,17,3,5763.35,7,0
ADM-6947,2024-03-13,PAT-70765,59,Female,Pediatrics,Emergency,22,3,8575.17,5,0
ADM-6948,2024-03-13,PAT-63228,21,Male,General Surgery,Elective,25,1,5113.99,6,0
ADM-6949,2024-03-13,PAT-28826,77,Female,General Surgery,Elective,31,1,5551.07,5,0
ADM-6950,2024-03-13,PAT-14309,47,Female,Pediatrics,Urgent,31,1,4743.95,8,0
ADM-6951,2024-03-13,PAT-65163,55,Female,General Surgery,Elective,29,13,22587.84,8,0
ADM-6952,2024-03-13,PAT-92828,93,Male,Emergency,Emergency,28,3,5280.78,6,0
ADM-6953,2024-03-13,PAT-85286,58,Female,Emergency,Urgent,58,5,7480.09,7,0
ADM-6954,2024-03-13,PAT-75927,37,Male,Cardiology,Elective,15,2,9824.31,6,0
ADM-6955,2024-03-13,PAT-48840,64,Male,Emergency,Emergency,89,1,3460.51,8,0
ADM-6956,2024-03-13,PAT-29422,36,Male,General Surgery,Urgent,26,8,12741.05,6,0
ADM-6957,2024-03-13,PAT-11591,58,Male,Orthopedics,Urgent,47,1,3319.5,7,0
ADM-6958,2024-03-13,PAT-87797,36,Female,Pediatrics,Emergency,59,1,3108.47,7,0
ADM-6959,2024-03-13,PAT-85103,62,Male,Cardiology,Elective,40,2,16268.22,6,0
ADM-6960,2024-03-13,PAT-50806,75,Male,Cardiology,Urgent,24,3,14123.38,6,0
ADM-6961,2024-03-13,PAT-12981,44,Male,Orthopedics,Elective,10,6,10415.82,6,0
ADM-6962,2024-03-13,PAT-31427,71,Female,Cardiology,Elective,17,2,10550.64,7,0
ADM-6963,2024-03-13,PAT-84240,51,Male,General Surgery,Urgent,30,1,5885.46,7,0
ADM-6964,2024-03-13,PAT-30392,50,Female,Emergency,Elective,106,1,4480.72,5,1
ADM-6965,2024-03-13,PAT-13793,85,Male,Orthopedics,Urgent,22,14,22534.11,7,0
ADM-6966,2024-03-14,PAT-35994,51,Male,Orthopedics,Emergency,51,1,4347.07,6,0
ADM-6967,2024-03-14,PAT-17825,54,Female,Pediatrics,Emergency,35,3,7087.97,8,0
ADM-6968,2024-03-14,PAT-46818,92,Male,General Surgery,Urgent,13,1,3506.94,5,0
ADM-6969,2024-03-14,PAT-64117,78,Male,Pediatrics,Urgent,20,1,3332.81,7,0
ADM-6970,2024-03-14,PAT-14883,52,Male,Emergency,Elective,96,1,3385.88,6,0
ADM-6971,2024-03-14,PAT-40172,60,Female,Cardiology,Emergency,23,2,10068.73,7,0
ADM-6972,2024-03-14,PAT-25848,49,Female,Pediatrics,Emergency,36,1,5279.03,6,0
ADM-6973,2024-03-14,PAT-16977,48,Female,General Surgery,Elective,26,9,15273.0,6,0
ADM-6974,2024-03-14,PAT-72616,23,Female,General Surgery,Elective,36,1,5166.84,5,0
ADM-6975,2024-03-14,PAT-36758,70,Female,Orthopedics,Urgent,29,1,4218.61,6,0
ADM-6976,2024-03-14,PAT-48540,70,Male,General Surgery,Emergency,34,4,9355.77,8,0
ADM-6977,2024-03-14,PAT-77338,66,Female,General Surgery,Elective,27,3,8475.84,7,0
ADM-6978,2024-03-14,PAT-22039,48,Male,Cardiology,Elective,40,9,29888.8,6,1
ADM-6979,2024-03-14,PAT-35533,53,Male,General Surgery,Emergency,27,2,6727.21,8,0
ADM-6980,2024-03-14,PAT-37961,39,Male,General Surgery,Emergency,50,1,4899.6,5,0
ADM-6981,2024-03-14,PAT-90854,23,Male,Cardiology,Urgent,69,3,16915.23,4,1
ADM-6982,2024-03-14,PAT-41606,26,Male,Emergency,Urgent,75,6,8359.23,5,0
ADM-6983,2024-03-14,PAT-18824,80,Female,Pediatrics,Elective,13,2,5046.14,7,0
ADM-6984,2024-03-14,PAT-69341,54,Female,Pediatrics,Urgent,29,1,4375.67,8,0
ADM-6985,2024-03-14,PAT-83989,37,Female,Pediatrics,Elective,28,1,5988.57,5,0
ADM-6986,2024-03-15,PAT-75334,51,Male,General Surgery,Urgent,30,1,4765.98,6,0
ADM-6987,2024-03-15,PAT-93081,51,Female,Orthopedics,Elective,49,2,6935.54,6,0
ADM-6988,2024-03-15,PAT-39812,58,Male,Pediatrics,Urgent,32,1,3703.28,6,0
ADM-6989,2024-03-15,PAT-38868,74,Female,General Surgery,Urgent,37,1,4742.0,6,0
ADM-6990,2024-03-15,PAT-93359,30,Female,Orthopedics,Emergency,22,1,3049.64,8,0
ADM-6991,2024-03-15,PAT-21966,54,Male,Cardiology,Urgent,36,5,20965.23,5,0
ADM-6992,2024-03-15,PAT-51957,54,Male,Emergency,Urgent,89,1,3851.85,5,0
ADM-6993,2024-03-15,PAT-51873,40,Female,Orthopedics,Elective,49,6,13112.04,4,0
ADM-6994,2024-03-15,PAT-52680,45,Female,General Surgery,Elective,49,7,14180.89,7,0
ADM-6995,2024-03-15,PAT-65817,28,Male,General Surgery,Elective,41,7,14462.24,6,1
ADM-6996,2024-03-15,PAT-96527,55,Female,Orthopedics,Elective,33,2,6840.96,6,0
ADM-6997,2024-03-15,PAT-17474,66,Female,Orthopedics,Emergency,22,3,6631.89,6,0
ADM-6998,2024-03-15,PAT-59256,47,Male,Orthopedics,Elective,40,6,12222.94,5,0
ADM-6999,2024-03-15,PAT-60862,76,Female,Cardiology,Urgent,59,2,15023.76,5,0
ADM-7000,2024-03-15,PAT-33509,31,Female,Orthopedics,Emergency,17,2,5939.76,7,0
ADM-7001,2024-03-15,PAT-52132,86,Male,General Surgery,Elective,22,4,7205.49,8,0
ADM-7002,2024-03-15,PAT-45537,39,Female,Pediatrics,Urgent,23,8,15487.15,6,0
ADM-7003,2024-03-15,PAT-92747,60,Female,Cardiology,Urgent,35,4,21119.38,7,0
ADM-7004,2024-03-15,PAT-61200,58,Female,Orthopedics,Urgent,16,7,13870.18,6,1
ADM-7005,2024-03-15,PAT-22839,28,Male,Orthopedics,Elective,18,2,6290.1,5,0
ADM-7006,2024-03-15,PAT-83710,56,Female,Orthopedics,Emergency,41,5,9213.45,8,0
ADM-7007,2024-03-15,PAT-75564,74,Female,Pediatrics,Elective,30,3,7448.51,5,0
ADM-7008,2024-03-15,PAT-38537,37,Female,Cardiology,Elective,50,7,24134.82,7,0
ADM-7009,2024-03-15,PAT-37742,75,Male,Emergency,Elective,61,1,3997.08,5,0
ADM-7010,2024-03-15,PAT-80776,44,Male,Orthopedics,Elective,29,1,3216.37,6,0
ADM-7011,2024-03-15,PAT-97957,41,Male,Emergency,Emergency,23,3,4432.57,6,0
ADM-7012,2024-03-15,PAT-34562,1,Female,Cardiology,Emergency,60,6,24005.91,7,0
ADM-7013,2024-03-15,PAT-72557,39,Male,Orthopedics,Elective,40,1,3103.55,4,0
ADM-7014,2024-03-15,PAT-93055,59,Female,Cardiology,Emergency,40,2,15930.42,7,0
ADM-7015,2024-03-15,PAT-67022,36,Female,Cardiology,Emergency,36,8,25836.52,5,0
ADM-7016,2024-03-15,PAT-31171,51,Female,General Surgery,Elective,53,1,5941.0,6,0
ADM-7017,2024-03-16,PAT-78520,58,Male,Orthopedics,Elective,30,3,7951.29,7,0
ADM-7018,2024-03-16,PAT-78430,70,Male,Pediatrics,Urgent,36,1,6296.15,8,0
ADM-7019,2024-03-16,PAT-64788,58,Female,General Surgery,Emergency,28,1,5078.39,6,0
ADM-7020,2024-03-16,PAT-38832,56,Female,Pediatrics,Elective,49,1,4931.48,5,0
ADM-7021,2024-03-16,PAT-52208,59,Male,Emergency,Elective,72,6,9306.15,7,0
ADM-7022,2024-03-16,PAT-55598,30,Male,Orthopedics,Emergency,59,3,8857.71,8,0
ADM-7023,2024-03-16,PAT-84256,24,Male,Cardiology,Urgent,48,2,12710.31,6,0
ADM-7024,2024-03-16,PAT-38770,41,Male,Emergency,Urgent,112,1,4180.09,7,0
ADM-7025,2024-03-16,PAT-90227,47,Male,Pediatrics,Elective,21,2,4857.65,6,0
ADM-7026,2024-03-16,PAT-74899,29,Male,Orthopedics,Elective,38,1,3325.1,6,0
ADM-7027,2024-03-16,PAT-37908,61,Female,Pediatrics,Elective,35,1,6236.79,8,0
ADM-7028,2024-03-16,PAT-59141,47,Female,Emergency,Urgent,41,2,4643.66,5,0
ADM-7029,2024-03-16,PAT-48819,90,Female,Orthopedics,Urgent,41,8,13152.69,7,0
ADM-7030,2024-03-16,PAT-20974,77,Female,Emergency,Urgent,71,1,2735.96,6,0
ADM-7031,2024-03-16,PAT-54467,23,Male,General Surgery,Emergency,33,6,10778.25,5,0
ADM-7032,2024-03-16,PAT-34315,75,Female,Emergency,Elective,30,10,13144.16,7,0
ADM-7033,2024-03-16,PAT-22076,46,Female,Pediatrics,Urgent,29,1,4247.92,7,0
ADM-7034,2024-03-16,PAT-83540,42,Female,Cardiology,Urgent,41,2,16514.45,4,0
ADM-7035,2024-03-16,PAT-17048,58,Male,Emergency,Elective,80,2,5199.24,4,0
ADM-7036,2024-03-16,PAT-85224,62,Female,Cardiology,Urgent,44,11,35175.03,5,1
ADM-7037,2024-03-16,PAT-32891,69,Female,General Surgery,Elective,34,1,2995.77,8,0
ADM-7038,2024-03-16,PAT-47516,74,Male,Emergency,Elective,66,1,3130.37,6,0
ADM-7039,2024-03-16,PAT-91825,24,Male,General Surgery,Urgent,20,3,9093.49,9,0
ADM-7040,2024-03-16,PAT-22254,38,Female,Pediatrics,Elective,10,1,3025.54,9,0
ADM-7041,2024-03-17,PAT-54840,43,Male,General Surgery,Urgent,46,1,5480.83,4,0
ADM-7042,2024-03-17,PAT-80527,56,Male,Cardiology,Emergency,49,17,44923.5,8,0
ADM-7043,2024-03-17,PAT-22027,72,Female,Orthopedics,Elective,20,4,7464.98,7,0
ADM-7044,2024-03-17,PAT-26059,38,Male,General Surgery,Emergency,10,6,12290.7,6,0
ADM-7045,2024-03-17,PAT-53264,36,Male,Pediatrics,Urgent,45,1,5043.01,5,0
ADM-7046,2024-03-17,PAT-37959,29,Female,Orthopedics,Elective,12,5,10118.82,7,0
ADM-7047,2024-03-17,PAT-13195,38,Male,Emergency,Emergency,43,1,2391.02,6,0
ADM-7048,2024-03-17,PAT-16210,54,Female,Cardiology,Urgent,40,2,11631.11,6,0
ADM-7049,2024-03-17,PAT-44929,30,Female,Cardiology,Elective,41,3,17428.89,5,0
ADM-7050,2024-03-17,PAT-70915,64,Female,Pediatrics,Urgent,36,3,9113.7,7,0
ADM-7051,2024-03-17,PAT-11340,41,Female,Orthopedics,Elective,31,16,25930.33,3,0
ADM-7052,2024-03-17,PAT-68070,43,Female,Emergency,Urgent,18,1,1872.14,8,1
ADM-7053,2024-03-17,PAT-56948,54,Male,Pediatrics,Urgent,12,5,11638.73,8,0
ADM-7054,2024-03-17,PAT-72027,53,Male,General Surgery,Elective,22,1,4093.92,6,0
ADM-7055,2024-03-17,PAT-94067,53,Male,General Surgery,Elective,28,1,5151.4,8,0
ADM-7056,2024-03-17,PAT-17619,35,Male,Pediatrics,Urgent,14,2,4713.51,7,0
ADM-7057,2024-03-17,PAT-24559,36,Female,Orthopedics,Emergency,40,1,5141.03,7,0
ADM-7058,2024-03-17,PAT-56108,56,Male,General Surgery,Elective,21,3,8527.37,6,0
ADM-7059,2024-03-17,PAT-56077,53,Female,Orthopedics,Emergency,32,2,7156.72,5,0
ADM-7060,2024-03-17,PAT-78613,35,Female,General Surgery,Emergency,26,2,6172.68,7,0
ADM-7061,2024-03-17,PAT-26092,46,Female,Cardiology,Elective,51,6,21467.93,6,0
ADM-7062,2024-03-17,PAT-55308,49,Male,Pediatrics,Urgent,48,1,5405.05,5,0
ADM-7063,2024-03-17,PAT-71976,56,Male,General Surgery,Elective,20,5,9098.76,6,0
ADM-7064,2024-03-17,PAT-17966,63,Male,General Surgery,Elective,20,1,4116.16,4,0
ADM-7065,2024-03-17,PAT-52881,27,Female,General Surgery,Urgent,13,2,4417.82,8,0
ADM-7066,2024-03-17,PAT-11140,64,Female,Pediatrics,Urgent,19,4,8802.58,7,0
ADM-7067,2024-03-17,PAT-98051,65,Female,Orthopedics,Urgent,16,1,3708.21,6,0
ADM-7068,2024-03-17,PAT-23293,72,Female,General Surgery,Emergency,23,2,7301.24,7,0
ADM-7069,2024-03-17,PAT-19305,53,Female,Emergency,Urgent,90,2,5022.22,5,0
ADM-7070,2024-03-17,PAT-41131,72,Female,Orthopedics,Elective,44,6,12583.07,7,0
ADM-7071,2024-03-17,PAT-74008,53,Female,Cardiology,Elective,34,2,9040.01,7,1
ADM-7072,2024-03-17,PAT-98741,54,Female,Cardiology,Urgent,36,2,10535.19,7,0
ADM-7073,2024-03-17,PAT-76537,36,Female,Pediatrics,Emergency,10,1,3398.15,7,0
ADM-7074,2024-03-18,PAT-11782,51,Female,Pediatrics,Elective,31,1,5542.11,7,0
ADM-7075,2024-03-18,PAT-39036,59,Male,Cardiology,Elective,57,4,21572.96,6,0
ADM-7076,2024-03-18,PAT-34361,38,Male,General Surgery,Urgent,26,1,4714.58,6,0
ADM-7077,2024-03-18,PAT-29172,49,Male,Pediatrics,Urgent,10,3,9175.63,7,0
ADM-7078,2024-03-18,PAT-93884,34,Male,Orthopedics,Emergency,29,3,8883.68,7,0
ADM-7079,2024-03-18,PAT-94585,29,Female,Cardiology,Urgent,59,9,30440.97,6,0
ADM-7080,2024-03-18,PAT-74766,71,Female,Pediatrics,Emergency,25,2,6168.09,7,0
ADM-7081,2024-03-18,PAT-66248,41,Male,Emergency,Emergency,64,1,2965.79,5,0
ADM-7082,2024-03-18,PAT-44951,68,Male,Orthopedics,Elective,55,1,5502.88,6,0
ADM-7083,2024-03-18,PAT-82191,63,Female,Pediatrics,Urgent,19,1,3875.21,8,0
ADM-7084,2024-03-18,PAT-93645,60,Male,Orthopedics,Elective,41,3,8171.51,5,0
ADM-7085,2024-03-18,PAT-88233,56,Female,Cardiology,Elective,41,2,12140.62,6,0
ADM-7086,2024-03-18,PAT-80525,48,Male,Orthopedics,Elective,42,2,5185.97,6,0
ADM-7087,2024-03-18,PAT-38228,50,Female,Cardiology,Emergency,43,2,11950.48,6,1
ADM-7088,2024-03-18,PAT-67523,76,Female,Orthopedics,Urgent,24,9,15061.73,7,0
ADM-7089,2024-03-18,PAT-67651,45,Female,Pediatrics,Urgent,33,2,6441.91,6,0
ADM-7090,2024-03-18,PAT-70352,62,Male,Cardiology,Urgent,63,7,23050.15,5,0
ADM-7091,2024-03-18,PAT-97020,53,Female,Pediatrics,Urgent,18,1,5294.47,8,0
ADM-7092,2024-03-18,PAT-67036,57,Male,Pediatrics,Elective,25,1,3061.48,8,0
ADM-7093,2024-03-18,PAT-24710,51,Female,Orthopedics,Urgent,11,1,3715.15,6,0
ADM-7094,2024-03-18,PAT-55751,55,Male,General Surgery,Elective,30,1,3730.89,6,0
ADM-7095,2024-03-18,PAT-49528,45,Female,Cardiology,Emergency,22,2,13849.47,6,0
ADM-7096,2024-03-18,PAT-29168,84,Male,General Surgery,Urgent,22,1,5512.07,6,1
ADM-7097,2024-03-18,PAT-22441,45,Female,Orthopedics,Elective,23,1,5530.78,8,0
ADM-7098,2024-03-18,PAT-11038,35,Male,General Surgery,Urgent,36,1,5293.78,6,0
ADM-7099,2024-03-18,PAT-36877,46,Female,General Surgery,Urgent,35,1,4916.49,6,0
ADM-7100,2024-03-18,PAT-36015,17,Female,Orthopedics,Elective,30,3,8057.6,7,0
ADM-7101,2024-03-18,PAT-15243,70,Male,Pediatrics,Urgent,22,1,4312.46,6,0
ADM-7102,2024-03-18,PAT-86565,44,Male,Cardiology,Elective,40,3,16398.96,6,0
ADM-7103,2024-03-18,PAT-60472,51,Female,Emergency,Emergency,54,1,2823.07,5,0
ADM-7104,2024-03-19,PAT-74694,63,Female,Cardiology,Emergency,39,3,16689.84,6,0
ADM-7105,2024-03-19,PAT-63024,63,Male,Orthopedics,Urgent,38,4,9610.65,8,1
ADM-7106,2024-03-19,PAT-38786,59,Male,Orthopedics,Emergency,29,2,5934.33,6,0
ADM-7107,2024-03-19,PAT-50776,64,Female,Emergency,Urgent,51,2,4057.49,6,0
ADM-7108,2024-03-19,PAT-50318,55,Female,General Surgery,Urgent,35,1,5838.31,6,0
ADM-7109,2024-03-19,PAT-60417,42,Male,Orthopedics,Elective,34,2,5660.92,6,0
ADM-7110,2024-03-19,PAT-66709,60,Female,General Surgery,Urgent,23,1,3598.73,5,1
ADM-7111,2024-03-19,PAT-90957,49,Male,Orthopedics,Emergency,39,2,6121.74,5,0
ADM-7112,2024-03-19,PAT-91708,28,Female,Orthopedics,Elective,32,2,7435.5,8,0
ADM-7113,2024-03-19,PAT-23061,63,Female,Emergency,Elective,104,1,3161.09,4,0
ADM-7114,2024-03-19,PAT-13154,52,Male,Pediatrics,Urgent,42,1,6076.58,6,0
ADM-7115,2024-03-19,PAT-22132,55,Female,Pediatrics,Emergency,21,6,12580.65,7,0
ADM-7116,2024-03-19,PAT-53916,38,Male,Pediatrics,Emergency,40,3,5892.32,7,0
ADM-7117,2024-03-19,PAT-16941,24,Male,General Surgery,Urgent,33,6,10700.45,8,0
ADM-7118,2024-03-19,PAT-25913,58,Male,Emergency,Emergency,53,2,4706.12,6,0
ADM-7119,2024-03-19,PAT-11908,28,Female,Orthopedics,Elective,10,1,3988.02,6,0
ADM-7120,2024-03-19,PAT-60019,44,Male,Emergency,Emergency,42,1,2399.46,8,0
ADM-7121,2024-03-19,PAT-68951,47,Female,Emergency,Urgent,115,1,3354.63,4,0
ADM-7122,2024-03-19,PAT-73381,63,Female,General Surgery,Elective,49,5,11876.16,6,0
ADM-7123,2024-03-19,PAT-53857,67,Female,General Surgery,Emergency,34,6,10612.28,8,0
ADM-7124,2024-03-19,PAT-96905,66,Female,General Surgery,Urgent,35,1,5496.22,6,0
ADM-7125,2024-03-19,PAT-72769,21,Male,General Surgery,Urgent,15,1,4995.84,7,0
ADM-7126,2024-03-19,PAT-37415,67,Female,Emergency,Urgent,86,4,7664.58,6,0
ADM-7127,2024-03-19,PAT-20831,24,Male,Emergency,Elective,115,1,3514.85,4,0
ADM-7128,2024-03-19,PAT-29133,39,Female,General Surgery,Emergency,33,3,7602.5,7,0
ADM-7129,2024-03-19,PAT-34502,57,Female,Pediatrics,Urgent,16,3,6982.78,9,0
ADM-7130,2024-03-19,PAT-75837,63,Male,Orthopedics,Emergency,20,1,3901.41,9,0
ADM-7131,2024-03-19,PAT-87329,48,Female,Pediatrics,Emergency,27,2,5516.43,8,0
ADM-7132,2024-03-19,PAT-51046,50,Female,Orthopedics,Elective,40,1,3357.29,6,0
ADM-7133,2024-03-19,PAT-98833,44,Female,Emergency,Urgent,32,8,11103.23,5,0
ADM-7134,2024-03-19,PAT-39495,60,Male,Pediatrics,Emergency,32,2,7753.89,8,0
ADM-7135,2024-03-19,PAT-11727,67,Male,General Surgery,Elective,10,1,4474.94,2,0
ADM-7136,2024-03-19,PAT-94396,62,Male,Orthopedics,Emergency,32,1,3281.29,8,0
ADM-7137,2024-03-20,PAT-82810,40,Male,Cardiology,Urgent,43,5,23372.69,7,0
ADM-7138,2024-03-20,PAT-66804,51,Male,Cardiology,Elective,22,3,16635.85,9,0
ADM-7139,2024-03-20,PAT-23307,61,Male,Emergency,Urgent,103,1,3150.59,4,0
ADM-7140,2024-03-20,PAT-53250,47,Male,Emergency,Elective,73,6,9447.03,3,0
ADM-7141,2024-03-20,PAT-28284,35,Female,Orthopedics,Emergency,30,1,3066.64,5,0
ADM-7142,2024-03-20,PAT-28766,74,Female,Orthopedics,Elective,28,1,3650.02,6,0
ADM-7143,2024-03-20,PAT-82022,46,Male,Pediatrics,Urgent,27,3,7886.19,6,1
ADM-7144,2024-03-20,PAT-28701,34,Male,Orthopedics,Urgent,46,1,3903.4,5,0
ADM-7145,2024-03-20,PAT-76567,35,Female,Pediatrics,Emergency,40,1,5360.85,6,0
ADM-7146,2024-03-20,PAT-36065,68,Female,General Surgery,Emergency,24,1,4106.96,7,0
ADM-7147,2024-03-20,PAT-96742,87,Male,Emergency,Elective,126,1,3791.89,4,0
ADM-7148,2024-03-20,PAT-59860,21,Male,Pediatrics,Elective,49,7,13417.82,6,0
ADM-7149,2024-03-20,PAT-29327,32,Male,Orthopedics,Elective,44,3,8660.42,7,0
ADM-7150,2024-03-20,PAT-74100,57,Female,Orthopedics,Elective,11,1,4227.55,10,0
ADM-7151,2024-03-20,PAT-12352,78,Male,Pediatrics,Emergency,29,4,9126.55,6,0
ADM-7152,2024-03-20,PAT-50325,30,Male,Orthopedics,Emergency,24,4,7364.18,9,0
ADM-7153,2024-03-20,PAT-62257,52,Female,Cardiology,Elective,37,6,22625.92,7,0
ADM-7154,2024-03-20,PAT-62012,48,Female,General Surgery,Urgent,26,2,4599.7,5,0
ADM-7155,2024-03-20,PAT-41449,83,Male,Cardiology,Elective,30,7,28687.52,6,1
ADM-7156,2024-03-20,PAT-50802,33,Female,Pediatrics,Elective,43,12,20225.72,7,1
ADM-7157,2024-03-20,PAT-12699,32,Male,Emergency,Emergency,90,1,3945.02,5,0
ADM-7158,2024-03-20,PAT-77891,65,Male,Cardiology,Emergency,33,4,18975.94,7,0
ADM-7159,2024-03-20,PAT-14075,54,Male,Orthopedics,Elective,27,6,10838.71,10,0
ADM-7160,2024-03-20,PAT-80449,51,Male,Orthopedics,Emergency,41,1,4235.17,6,0
ADM-7161,2024-03-20,PAT-74959,59,Female,Emergency,Emergency,14,1,3100.06,5,0
ADM-7162,2024-03-20,PAT-24245,1,Female,General Surgery,Elective,38,1,3112.55,6,0
ADM-7163,2024-03-20,PAT-58664,49,Male,Orthopedics,Elective,25,1,4674.89,7,0
ADM-7164,2024-03-20,PAT-40616,49,Female,Pediatrics,Urgent,30,1,4661.61,7,0
ADM-7165,2024-03-20,PAT-83953,33,Female,Orthopedics,Elective,43,1,3544.23,5,0
ADM-7166,2024-03-20,PAT-52278,75,Female,Pediatrics,Urgent,21,1,3143.57,4,0
ADM-7167,2024-03-20,PAT-13385,95,Male,Cardiology,Urgent,48,3,16001.78,6,0
ADM-7168,2024-03-21,PAT-79756,65,Female,Orthopedics,Urgent,44,1,4649.71,6,0
ADM-7169,2024-03-21,PAT-56497,44,Male,Emergency,Elective,40,3,5526.92,6,0
ADM-7170,2024-03-21,PAT-17680,34,Male,General Surgery,Elective,34,1,4091.73,5,0
ADM-7171,2024-03-21,PAT-35196,15,Female,Emergency,Emergency,76,1,3111.71,6,0
ADM-7172,2024-03-21,PAT-27064,48,Female,Pediatrics,Emergency,11,1,5538.7,5,0
ADM-7173,2024-03-21,PAT-47092,64,Male,Orthopedics,Emergency,34,1,4871.28,8,0
ADM-7174,2024-03-21,PAT-22324,44,Male,Cardiology,Elective,48,4,18741.28,6,0
ADM-7175,2024-03-21,PAT-54423,72,Male,General Surgery,Emergency,40,1,6249.73,8,0
ADM-7176,2024-03-21,PAT-21148,34,Female,Pediatrics,Elective,25,1,5463.7,8,0
ADM-7177,2024-03-21,PAT-71338,19,Female,Emergency,Elective,76,1,3284.89,7,1
ADM-7178,2024-03-21,PAT-62510,61,Female,Pediatrics,Emergency,49,4,9062.16,7,0
ADM-7179,2024-03-21,PAT-88443,58,Female,Pediatrics,Elective,38,2,5417.67,5,0
ADM-7180,2024-03-21,PAT-47580,29,Male,Cardiology,Emergency,43,2,13409.66,5,0
ADM-7181,2024-03-21,PAT-22354,64,Male,Orthopedics,Elective,27,1,5871.06,6,0
ADM-7182,2024-03-21,PAT-71892,19,Male,Cardiology,Emergency,47,2,10896.57,8,0
ADM-7183,2024-03-21,PAT-66292,63,Female,Orthopedics,Emergency,22,3,8827.07,7,0
ADM-7184,2024-03-21,PAT-92355,65,Male,Emergency,Emergency,92,2,4243.73,5,0
ADM-7185,2024-03-21,PAT-89168,53,Female,Cardiology,Elective,28,2,10795.52,6,0
ADM-7186,2024-03-21,PAT-97410,31,Male,Pediatrics,Emergency,35,3,8104.37,6,0
ADM-7187,2024-03-21,PAT-32908,38,Male,Emergency,Elective,51,1,3686.57,6,0
ADM-7188,2024-03-21,PAT-28504,10,Female,Pediatrics,Urgent,16,1,5977.43,8,0
ADM-7189,2024-03-21,PAT-65503,44,Female,Pediatrics,Emergency,34,1,3631.03,7,0
ADM-7190,2024-03-21,PAT-58142,56,Male,Pediatrics,Elective,35,2,7273.37,9,0
ADM-7191,2024-03-21,PAT-88267,77,Female,Pediatrics,Emergency,18,1,3280.94,7,0
ADM-7192,2024-03-21,PAT-78103,57,Male,Pediatrics,Urgent,32,1,2955.87,8,1
ADM-7193,2024-03-21,PAT-44358,54,Male,General Surgery,Urgent,26,2,5902.05,7,0
ADM-7194,2024-03-21,PAT-49702,23,Male,Pediatrics,Urgent,31,2,4602.17,5,0
ADM-7195,2024-03-22,PAT-31061,82,Female,Emergency,Elective,45,3,5165.39,8,0
ADM-7196,2024-03-22,PAT-83351,40,Female,Cardiology,Emergency,39,12,38560.99,7,0
ADM-7197,2024-03-22,PAT-91193,42,Female,Cardiology,Emergency,70,2,12003.28,5,0
ADM-7198,2024-03-22,PAT-19493,32,Female,General Surgery,Elective,34,4,10035.16,6,0
ADM-7199,2024-03-22,PAT-27690,38,Female,General Surgery,Emergency,32,6,12968.84,5,0
ADM-7200,2024-03-22,PAT-74919,91,Female,Emergency,Elective,56,3,4689.22,8,1
ADM-7201,2024-03-22,PAT-45133,57,Female,General Surgery,Emergency,56,1,3847.03,3,0
ADM-7202,2024-03-22,PAT-99620,45,Male,Cardiology,Elective,15,8,29221.33,8,0
ADM-7203,2024-03-22,PAT-23477,41,Male,Pediatrics,Urgent,33,4,9299.55,7,0
ADM-7204,2024-03-22,PAT-80454,48,Female,Pediatrics,Urgent,34,3,5819.49,5,1
ADM-7205,2024-03-22,PAT-93009,77,Female,Pediatrics,Urgent,49,10,15918.71,6,0
ADM-7206,2024-03-22,PAT-29442,69,Male,General Surgery,Elective,29,4,10164.01,5,0
ADM-7207,2024-03-22,PAT-70841,13,Male,Pediatrics,Emergency,32,1,2901.12,5,1
ADM-7208,2024-03-22,PAT-66582,37,Female,Cardiology,Elective,66,2,9340.12,5,0
ADM-7209,2024-03-22,PAT-27452,78,Male,Pediatrics,Urgent,18,3,6300.94,6,0
ADM-7210,2024-03-22,PAT-27881,60,Male,General Surgery,Elective,22,1,5014.06,5,0
ADM-7211,2024-03-22,PAT-20421,51,Female,Emergency,Emergency,100,1,3526.68,5,0
ADM-7212,2024-03-22,PAT-11156,48,Female,Cardiology,Urgent,48,2,14497.06,6,0
ADM-7213,2024-03-22,PAT-92057,41,Male,General Surgery,Urgent,29,6,10414.04,4,0
ADM-7214,2024-03-22,PAT-27559,32,Male,Emergency,Elective,95,1,4213.91,4,0
ADM-7215,2024-03-23,PAT-64928,37,Male,Orthopedics,Elective,30,6,10736.6,7,0
ADM-7216,2024-03-23,PAT-21012,51,Male,Cardiology,Urgent,45,5,22180.97,8,0
ADM-7217,2024-03-23,PAT-66193,32,Male,General Surgery,Urgent,20,1,5510.44,8,0
ADM-7218,2024-03-23,PAT-11194,42,Female,Emergency,Urgent,98,2,5302.18,7,0
ADM-7219,2024-03-23,PAT-87744,61,Female,Cardiology,Emergency,58,2,15741.32,6,0
ADM-7220,2024-03-23,PAT-90765,36,Female,Cardiology,Emergency,63,2,11916.6,6,0
ADM-7221,2024-03-23,PAT-64288,68,Male,Pediatrics,Elective,32,1,3313.72,7,0
ADM-7222,2024-03-23,PAT-12842,32,Male,Orthopedics,Emergency,30,13,20167.27,8,0
ADM-7223,2024-03-23,PAT-85354,32,Female,Emergency,Emergency,25,4,6437.67,6,0
ADM-7224,2024-03-23,PAT-63569,77,Male,Emergency,Urgent,9,3,4270.42,7,0
ADM-7225,2024-03-23,PAT-84761,33,Male,General Surgery,Elective,46,1,5456.2,6,0
ADM-7226,2024-03-23,PAT-15662,65,Female,Orthopedics,Urgent,24,1,4269.53,8,0
ADM-7227,2024-03-23,PAT-96663,44,Male,Cardiology,Elective,39,3,16750.73,6,0
ADM-7228,2024-03-23,PAT-92273,50,Male,Cardiology,Urgent,42,2,9775.65,6,0
ADM-7229,2024-03-23,PAT-92677,42,Male,General Surgery,Urgent,48,6,12410.41,7,0
ADM-7230,2024-03-23,PAT-78251,53,Male,General Surgery,Elective,36,1,3034.07,7,0
ADM-7231,2024-03-23,PAT-76015,29,Male,Emergency,Urgent,58,8,10696.26,6,0
ADM-7232,2024-03-23,PAT-13850,17,Female,Pediatrics,Emergency,24,1,2977.28,7,0
ADM-7233,2024-03-23,PAT-56334,74,Female,Emergency,Urgent,33,2,4095.51,5,0
ADM-7234,2024-03-23,PAT-93555,30,Female,Orthopedics,Urgent,29,2,5708.83,6,1
ADM-7235,2024-03-23,PAT-28358,57,Female,General Surgery,Emergency,57,1,6077.69,8,0
ADM-7236,2024-03-23,PAT-50162,51,Female,Emergency,Emergency,79,7,10882.84,6,1
ADM-7237,2024-03-23,PAT-65828,60,Male,Emergency,Urgent,56,3,5158.26,5,0
ADM-7238,2024-03-23,PAT-98581,42,Male,Emergency,Emergency,77,1,3413.93,5,0
ADM-7239,2024-03-23,PAT-80767,73,Male,Cardiology,Emergency,60,5,17286.0,7,0
ADM-7240,2024-03-24,PAT-72290,83,Female,Orthopedics,Elective,25,1,4304.62,4,0
ADM-7241,2024-03-24,PAT-97029,56,Female,General Surgery,Elective,37,1,5068.35,8,0
ADM-7242,2024-03-24,PAT-56454,16,Male,Cardiology,Urgent,59,2,12770.46,6,0
ADM-7243,2024-03-24,PAT-88573,39,Female,Emergency,Urgent,15,4,6431.85,7,0
ADM-7244,2024-03-24,PAT-50504,81,Female,Emergency,Urgent,39,1,3589.08,5,0
ADM-7245,2024-03-24,PAT-57036,60,Male,Cardiology,Emergency,38,4,18158.79,6,0
ADM-7246,2024-03-24,PAT-95067,66,Female,Pediatrics,Elective,44,1,5162.52,9,0
ADM-7247,2024-03-24,PAT-81527,63,Female,Emergency,Elective,74,1,2810.11,8,0
ADM-7248,2024-03-24,PAT-28746,39,Female,Emergency,Emergency,49,1,3520.6,5,0
ADM-7249,2024-03-24,PAT-28916,52,Female,Pediatrics,Emergency,27,3,7091.05,6,0
ADM-7250,2024-03-24,PAT-60346,35,Female,Emergency,Urgent,121,1,3866.16,5,0
ADM-7251,2024-03-24,PAT-23360,34,Female,General Surgery,Emergency,38,3,8137.17,7,0
ADM-7252,2024-03-24,PAT-61962,55,Female,Cardiology,Emergency,40,2,15470.32,6,0
ADM-7253,2024-03-24,PAT-42979,77,Female,Pediatrics,Elective,24,1,5737.22,7,0
ADM-7254,2024-03-24,PAT-34538,41,Female,Emergency,Elective,31,1,3511.84,7,0
ADM-7255,2024-03-24,PAT-88948,66,Female,Pediatrics,Urgent,27,2,6285.38,5,0
ADM-7256,2024-03-24,PAT-42498,29,Female,Pediatrics,Emergency,27,1,4036.94,8,0
ADM-7257,2024-03-24,PAT-17016,75,Male,Pediatrics,Urgent,36,7,11301.74,6,0
ADM-7258,2024-03-24,PAT-24542,59,Male,Orthopedics,Urgent,10,6,13184.53,7,0
ADM-7259,2024-03-24,PAT-28343,40,Female,Cardiology,Emergency,40,2,10715.74,9,0
ADM-7260,2024-03-24,PAT-21912,54,Female,Cardiology,Emergency,58,3,18059.18,7,0
ADM-7261,2024-03-24,PAT-46677,37,Male,Cardiology,Emergency,59,14,44705.0,5,0
ADM-7262,2024-03-24,PAT-90563,73,Female,General Surgery,Urgent,10,1,5233.22,6,0
ADM-7263,2024-03-24,PAT-43174,26,Female,Orthopedics,Urgent,28,1,2977.62,7,0
ADM-7264,2024-03-24,PAT-78523,80,Female,Orthopedics,Emergency,42,2,7548.19,4,0
ADM-7265,2024-03-24,PAT-46481,43,Male,Orthopedics,Elective,40,9,15151.71,8,0
ADM-7266,2024-03-24,PAT-72574,45,Female,General Surgery,Emergency,49,3,6120.34,8,0
ADM-7267,2024-03-25,PAT-47372,60,Female,Pediatrics,Elective,33,1,5624.02,8,0
ADM-7268,2024-03-25,PAT-82927,45,Male,Emergency,Elective,79,1,2967.08,8,0
ADM-7269,2024-03-25,PAT-73151,36,Male,Orthopedics,Urgent,31,10,15821.37,7,0
ADM-7270,2024-03-25,PAT-31593,84,Male,Orthopedics,Urgent,23,1,6189.34,6,0
ADM-7271,2024-03-25,PAT-76778,37,Male,Pediatrics,Emergency,46,1,5190.13,5,1
ADM-7272,2024-03-25,PAT-48293,67,Female,General Surgery,Elective,25,3,7029.33,9,0
ADM-7273,2024-03-25,PAT-82330,65,Female,General Surgery,Elective,20,6,12750.93,8,0
ADM-7274,2024-03-25,PAT-72051,40,Female,Pediatrics,Urgent,53,1,3289.02,6,0
ADM-7275,2024-03-25,PAT-47772,70,Male,Emergency,Emergency,61,4,6521.76,8,0
ADM-7276,2024-03-25,PAT-90794,76,Male,Pediatrics,Elective,27,1,3908.49,7,0
ADM-7277,2024-03-25,PAT-51231,59,Female,Pediatrics,Urgent,34,1,3331.55,7,1
ADM-7278,2024-03-25,PAT-15016,55,Female,Orthopedics,Urgent,43,2,7410.14,5,0
ADM-7279,2024-03-25,PAT-48190,33,Female,Pediatrics,Urgent,39,3,6825.06,6,0
ADM-7280,2024-03-25,PAT-69322,38,Female,Cardiology,Elective,35,2,12101.93,5,0
ADM-7281,2024-03-25,PAT-49058,38,Female,Cardiology,Emergency,42,6,24091.99,7,0
ADM-7282,2024-03-25,PAT-55009,17,Female,General Surgery,Emergency,34,1,5866.52,8,0
ADM-7283,2024-03-25,PAT-49877,35,Female,General Surgery,Urgent,36,2,6462.74,7,0
ADM-7284,2024-03-25,PAT-25461,48,Female,Emergency,Emergency,98,1,3644.28,4,0
ADM-7285,2024-03-25,PAT-19912,15,Male,General Surgery,Elective,30,1,4277.24,6,0
ADM-7286,2024-03-25,PAT-12030,58,Female,Pediatrics,Elective,27,2,6152.95,6,0
ADM-7287,2024-03-25,PAT-57349,56,Female,Pediatrics,Emergency,21,2,7056.79,6,0
ADM-7288,2024-03-26,PAT-21378,58,Female,Pediatrics,Elective,47,2,4424.03,5,0
ADM-7289,2024-03-26,PAT-79197,36,Male,Pediatrics,Emergency,44,1,4005.22,8,0
ADM-7290,2024-03-26,PAT-62976,62,Male,General Surgery,Emergency,10,7,13169.74,7,0
ADM-7291,2024-03-26,PAT-57729,58,Female,General Surgery,Urgent,37,8,12839.33,7,0
ADM-7292,2024-03-26,PAT-23791,59,Male,General Surgery,Urgent,29,1,3586.69,4,0
ADM-7293,2024-03-26,PAT-99437,23,Female,Pediatrics,Urgent,38,2,4590.98,7,0
ADM-7294,2024-03-26,PAT-72005,61,Female,Pediatrics,Emergency,32,1,4489.71,8,0
ADM-7295,2024-03-26,PAT-41335,64,Male,General Surgery,Elective,36,1,6185.79,6,0
ADM-7296,2024-03-26,PAT-77196,49,Female,Cardiology,Urgent,61,5,16528.9,5,0
ADM-7297,2024-03-26,PAT-57704,48,Male,Pediatrics,Urgent,39,2,6925.56,5,0
ADM-7298,2024-03-26,PAT-89823,51,Male,Pediatrics,Emergency,52,3,8265.6,5,0
ADM-7299,2024-03-26,PAT-99272,57,Male,Emergency,Urgent,65,1,2911.57,7,0
ADM-7300,2024-03-26,PAT-42597,1,Male,Orthopedics,Emergency,31,1,6174.86,6,0
ADM-7301,2024-03-26,PAT-20547,30,Male,General Surgery,Elective,10,8,16105.2,7,0
ADM-7302,2024-03-26,PAT-68229,61,Female,Cardiology,Emergency,57,2,10405.44,6,0
ADM-7303,2024-03-26,PAT-59399,61,Male,Pediatrics,Elective,12,1,3037.96,6,0
ADM-7304,2024-03-26,PAT-49277,69,Male,Orthopedics,Emergency,10,7,12832.34,8,0
ADM-7305,2024-03-26,PAT-46601,38,Male,Cardiology,Emergency,40,2,11722.81,5,0
ADM-7306,2024-03-26,PAT-51808,61,Male,Emergency,Emergency,52,2,4032.15,6,0
ADM-7307,2024-03-26,PAT-71926,64,Male,General Surgery,Elective,39,1,4259.4,7,0
ADM-7308,2024-03-26,PAT-42813,69,Male,Orthopedics,Urgent,44,2,7658.84,5,0
ADM-7309,2024-03-26,PAT-76196,67,Female,Emergency,Urgent,40,1,2393.09,4,0
ADM-7310,2024-03-26,PAT-24817,51,Male,Pediatrics,Elective,10,1,4953.99,6,0
ADM-7311,2024-03-26,PAT-97801,11,Female,Cardiology,Elective,36,9,27014.33,7,0
ADM-7312,2024-03-26,PAT-55125,42,Male,Pediatrics,Elective,52,2,7388.65,6,0
ADM-7313,2024-03-26,PAT-84395,52,Female,Cardiology,Emergency,43,6,21155.93,7,0
ADM-7314,2024-03-26,PAT-58615,72,Female,Pediatrics,Elective,33,1,5987.42,8,0
ADM-7315,2024-03-26,PAT-91222,34,Female,Orthopedics,Emergency,20,1,4693.71,6,0
ADM-7316,2024-03-26,PAT-23332,69,Female,Emergency,Emergency,74,2,4809.94,6,0
ADM-7317,2024-03-26,PAT-82360,70,Female,Cardiology,Urgent,49,4,17142.27,5,0
ADM-7318,2024-03-26,PAT-27187,95,Male,Emergency,Urgent,21,1,2283.1,8,0
ADM-7319,2024-03-26,PAT-47275,60,Female,Orthopedics,Elective,52,2,7284.1,6,1
ADM-7320,2024-03-26,PAT-46416,71,Female,Orthopedics,Elective,31,1,6118.26,8,0
ADM-7321,2024-03-26,PAT-31754,85,Female,Orthopedics,Emergency,21,2,4665.06,6,0
ADM-7322,2024-03-27,PAT-21454,72,Male,Emergency,Elective,32,3,5105.09,5,0
ADM-7323,2024-03-27,PAT-85367,40,Male,Orthopedics,Emergency,42,2,4701.38,8,0
ADM-7324,2024-03-27,PAT-19178,27,Female,Orthopedics,Urgent,29,3,8249.64,7,0
ADM-7325,2024-03-27,PAT-75079,40,Male,General Surgery,Emergency,10,3,8152.33,10,0
ADM-7326,2024-03-27,PAT-81136,45,Female,Cardiology,Urgent,59,2,14328.94,7,0
ADM-7327,2024-03-27,PAT-65373,76,Female,Orthopedics,Emergency,36,1,3701.88,4,0
ADM-7328,2024-03-27,PAT-76781,31,Female,Orthopedics,Emergency,35,4,8747.95,6,0
ADM-7329,2024-03-27,PAT-63366,51,Female,General Surgery,Urgent,31,13,22741.74,6,1
ADM-7330,2024-03-27,PAT-12489,54,Female,General Surgery,Urgent,31,1,3581.86,6,0
ADM-7331,2024-03-27,PAT-45189,72,Male,Cardiology,Emergency,20,2,11460.27,6,0
ADM-7332,2024-03-27,PAT-97699,47,Male,General Surgery,Emergency,15,8,12858.99,7,0
ADM-7333,2024-03-27,PAT-11777,57,Male,Emergency,Emergency,5,3,5302.96,4,0
ADM-7334,2024-03-27,PAT-81983,57,Male,Pediatrics,Emergency,41,1,3653.5,7,0
ADM-7335,2024-03-27,PAT-73549,37,Male,General Surgery,Elective,29,1,5099.32,5,0
ADM-7336,2024-03-27,PAT-41460,57,Female,General Surgery,Urgent,13,3,7411.84,8,0
ADM-7337,2024-03-27,PAT-46431,54,Female,Cardiology,Elective,34,7,26317.28,5,0
ADM-7338,2024-03-27,PAT-12312,59,Male,General Surgery,Urgent,15,2,5667.47,6,1
ADM-7339,2024-03-27,PAT-71476,34,Female,Cardiology,Elective,47,2,15896.29,7,0
ADM-7340,2024-03-27,PAT-34003,60,Female,Cardiology,Elective,27,4,14805.96,8,0
ADM-7341,2024-03-27,PAT-69391,39,Male,Orthopedics,Emergency,31,1,3573.14,6,0
ADM-7342,2024-03-27,PAT-72976,57,Female,General Surgery,Urgent,34,1,5189.87,5,0
ADM-7343,2024-03-28,PAT-37451,39,Female,Cardiology,Elective,15,2,15677.31,6,0
ADM-7344,2024-03-28,PAT-91489,17,Male,Pediatrics,Elective,14,1,6091.86,6,0
ADM-7345,2024-03-28,PAT-42228,31,Female,Orthopedics,Urgent,31,1,4423.38,8,0
ADM-7346,2024-03-28,PAT-77147,55,Male,Pediatrics,Emergency,23,1,4066.17,7,0
ADM-7347,2024-03-28,PAT-30895,52,Male,Cardiology,Emergency,54,34,90463.47,6,0
ADM-7348,2024-03-28,PAT-65382,28,Male,Pediatrics,Emergency,32,9,14872.82,6,0
ADM-7349,2024-03-28,PAT-22719,47,Male,Orthopedics,Emergency,37,1,5991.44,5,0
ADM-7350,2024-03-28,PAT-30405,95,Male,Cardiology,Elective,47,7,25456.27,7,0
ADM-7351,2024-03-28,PAT-70835,55,Female,Orthopedics,Urgent,39,3,8647.45,8,0
ADM-7352,2024-03-28,PAT-61647,53,Male,Cardiology,Emergency,62,8,29693.84,7,1
ADM-7353,2024-03-28,PAT-14572,72,Male,Cardiology,Elective,41,3,15110.45,5,0
ADM-7354,2024-03-28,PAT-23146,54,Male,Emergency,Elective,79,4,6525.94,4,1
ADM-7355,2024-03-28,PAT-98122,36,Female,Orthopedics,Urgent,40,3,8007.62,8,0
ADM-7356,2024-03-28,PAT-64563,34,Female,Orthopedics,Emergency,39,4,8606.82,5,0
ADM-7357,2024-03-28,PAT-65156,62,Female,Orthopedics,Elective,21,7,13010.23,7,0
ADM-7358,2024-03-28,PAT-45876,53,Female,General Surgery,Emergency,38,1,4090.92,5,1
ADM-7359,2024-03-28,PAT-70600,58,Male,Emergency,Urgent,87,1,4302.69,5,0
ADM-7360,2024-03-28,PAT-71897,1,Female,Pediatrics,Emergency,22,1,4486.76,6,0
ADM-7361,2024-03-28,PAT-68091,71,Female,Orthopedics,Elective,18,1,3704.88,6,0
ADM-7362,2024-03-28,PAT-46698,73,Male,Emergency,Urgent,25,1,2423.51,6,0
ADM-7363,2024-03-28,PAT-48871,53,Male,Pediatrics,Elective,49,4,8278.38,7,0
ADM-7364,2024-03-28,PAT-79717,16,Female,Orthopedics,Urgent,28,4,7564.45,7,0
ADM-7365,2024-03-28,PAT-98968,41,Male,Emergency,Emergency,64,1,3060.98,5,0
ADM-7366,2024-03-28,PAT-10887,55,Female,Emergency,Urgent,48,1,2458.17,6,0
ADM-7367,2024-03-28,PAT-33251,49,Female,Orthopedics,Elective,19,4,9973.81,8,0
ADM-7368,2024-03-28,PAT-48833,29,Male,Cardiology,Emergency,15,7,24813.13,8,0
ADM-7369,2024-03-28,PAT-97194,59,Female,General Surgery,Urgent,43,10,16639.68,7,1
ADM-7370,2024-03-28,PAT-52830,40,Male,Cardiology,Elective,38,2,15492.67,7,0
ADM-7371,2024-03-29,PAT-99644,34,Male,Pediatrics,Elective,42,2,7491.83,6,0
ADM-7372,2024-03-29,PAT-39725,66,Male,Pediatrics,Emergency,37,4,7633.25,6,0
ADM-7373,2024-03-29,PAT-39330,32,Male,Orthopedics,Urgent,20,2,5132.8,8,0
ADM-7374,2024-03-29,PAT-99678,75,Female,General Surgery,Emergency,27,1,4036.72,5,1
ADM-7375,2024-03-29,PAT-85128,49,Male,Cardiology,Urgent,80,3,13774.83,5,0
ADM-7376,2024-03-29,PAT-73910,50,Female,Emergency,Urgent,70,1,3737.47,8,0
ADM-7377,2024-03-29,PAT-23853,16,Female,General Surgery,Elective,48,1,6252.64,8,0
ADM-7378,2024-03-29,PAT-97242,45,Male,General Surgery,Elective,48,1,5816.36,8,0
ADM-7379,2024-03-29,PAT-80070,71,Female,Emergency,Emergency,89,1,3827.85,5,0
ADM-7380,2024-03-29,PAT-43624,33,Female,Emergency,Elective,86,1,3075.97,6,0
ADM-7381,2024-03-29,PAT-20948,77,Male,General Surgery,Urgent,44,4,8482.59,8,0
ADM-7382,2024-03-29,PAT-77888,48,Female,General Surgery,Urgent,24,1,5154.72,7,0
ADM-7383,2024-03-29,PAT-80090,75,Male,Emergency,Elective,76,2,4515.22,5,0
ADM-7384,2024-03-29,PAT-82713,53,Male,Orthopedics,Emergency,25,1,4422.33,7,0
ADM-7385,2024-03-29,PAT-79436,45,Male,Emergency,Emergency,75,1,3235.7,6,0
ADM-7386,2024-03-29,PAT-17709,74,Male,General Surgery,Elective,28,1,2971.14,5,1
ADM-7387,2024-03-29,PAT-83463,49,Female,Cardiology,Emergency,62,2,13473.7,8,0
ADM-7388,2024-03-29,PAT-18448,86,Male,Cardiology,Elective,64,7,25540.24,5,0
ADM-7389,2024-03-29,PAT-35378,43,Female,Emergency,Urgent,83,1,3259.38,6,0
ADM-7390,2024-03-29,PAT-93045,63,Male,Pediatrics,Elective,10,1,5858.18,8,0
ADM-7391,2024-03-29,PAT-17624,22,Female,General Surgery,Emergency,23,1,5703.04,7,0
ADM-7392,2024-03-29,PAT-35492,34,Male,Orthopedics,Elective,28,11,17137.71,7,0
ADM-7393,2024-03-29,PAT-95654,50,Female,Orthopedics,Emergency,33,2,5198.97,8,0
ADM-7394,2024-03-29,PAT-50150,60,Male,Pediatrics,Emergency,36,4,9674.83,7,0
ADM-7395,2024-03-29,PAT-62451,51,Female,Emergency,Urgent,71,1,3293.62,7,0
ADM-7396,2024-03-30,PAT-19632,57,Male,Emergency,Urgent,103,1,3690.6,6,0
ADM-7397,2024-03-30,PAT-61358,35,Female,Pediatrics,Urgent,18,2,4412.65,5,0
ADM-7398,2024-03-30,PAT-32737,83,Male,Orthopedics,Emergency,61,7,13154.36,6,0
ADM-7399,2024-03-30,PAT-44329,68,Female,General Surgery,Urgent,45,1,5242.82,7,0
ADM-7400,2024-03-30,PAT-98890,27,Male,General Surgery,Urgent,32,1,4169.34,7,1
ADM-7401,2024-03-30,PAT-51333,69,Male,Pediatrics,Emergency,26,2,6571.01,8,0
ADM-7402,2024-03-30,PAT-20144,22,Female,General Surgery,Emergency,39,1,4952.39,8,0
ADM-7403,2024-03-30,PAT-11631,85,Male,Emergency,Emergency,81,1,2895.87,5,0
ADM-7404,2024-03-30,PAT-13602,42,Female,General Surgery,Urgent,24,1,5586.37,8,0
ADM-7405,2024-03-30,PAT-26406,63,Female,Cardiology,Elective,36,2,14772.15,6,0
ADM-7406,2024-03-30,PAT-43640,23,Female,Pediatrics,Urgent,26,4,8420.29,8,0
ADM-7407,2024-03-30,PAT-82433,40,Male,Orthopedics,Urgent,36,2,4697.69,8,0
ADM-7408,2024-03-30,PAT-68931,54,Male,Orthopedics,Emergency,44,3,5907.2,6,0
ADM-7409,2024-03-30,PAT-41348,75,Female,Orthopedics,Elective,39,4,9528.79,5,0
ADM-7410,2024-03-30,PAT-96439,30,Female,General Surgery,Urgent,39,1,5814.36,5,0
ADM-7411,2024-03-30,PAT-28426,58,Male,General Surgery,Urgent,29,1,3810.83,9,0
ADM-7412,2024-03-30,PAT-12561,33,Female,Pediatrics,Emergency,31,3,7945.59,6,0
ADM-7413,2024-03-30,PAT-52957,50,Female,Pediatrics,Elective,41,2,7031.07,7,0
ADM-7414,2024-03-30,PAT-63244,70,Female,Cardiology,Elective,42,22,58224.61,8,0
ADM-7415,2024-03-30,PAT-84084,82,Male,Cardiology,Elective,54,10,35741.16,6,0
ADM-7416,2024-03-30,PAT-90607,69,Male,Cardiology,Urgent,36,15,46009.02,7,1
ADM-7417,2024-03-30,PAT-84981,43,Male,Orthopedics,Emergency,50,2,7157.74,7,0
ADM-7418,2024-03-30,PAT-39212,82,Female,Pediatrics,Elective,41,1,6172.93,6,0
ADM-7419,2024-03-30,PAT-75382,51,Female,Emergency,Elective,34,1,3136.99,6,0
ADM-7420,2024-03-30,PAT-36088,62,Male,Emergency,Elective,47,5,8144.82,7,0
ADM-7421,2024-03-30,PAT-28674,48,Female,Emergency,Elective,79,1,4239.98,7,0
ADM-7422,2024-03-30,PAT-14057,65,Male,Pediatrics,Elective,37,2,4773.71,5,0
ADM-7423,2024-03-30,PAT-10185,37,Female,Pediatrics,Emergency,20,4,8886.69,8,0
ADM-7424,2024-03-30,PAT-35697,45,Female,Pediatrics,Emergency,21,3,6128.16,6,0
ADM-7425,2024-03-30,PAT-61075,37,Female,Cardiology,Urgent,27,5,19522.83,5,0
ADM-7426,2024-03-30,PAT-71623,55,Female,Cardiology,Emergency,52,6,23458.27,7,0
ADM-7427,2024-03-30,PAT-67342,55,Female,Orthopedics,Elective,11,1,6278.32,8,0
ADM-7428,2024-03-30,PAT-54998,55,Male,Emergency,Emergency,103,1,3976.07,3,0
